day,events
1995-01-09,4
1996-01-29,42
1996-02-01,59
1996-02-02,67
1996-02-05,32
1996-02-06,1
1996-02-07,1
1996-02-08,4
1996-02-09,10
1996-02-10,1
1996-02-12,19
1996-02-15,21
1996-02-17,2
1996-02-19,18
1996-02-20,5
1996-02-21,2
1996-02-22,64
1996-02-23,56
1996-02-26,19
1996-02-27,1
1996-02-28,54
1996-02-29,13
1996-03-01,645
1996-03-02,43
1996-03-03,5
1996-03-04,17
1996-03-05,85
1996-03-08,122
1996-03-10,31
1996-03-12,78
1996-03-13,59
1996-03-14,178
1996-03-15,52
1996-03-16,72
1996-03-17,7
1996-03-18,63
1996-03-19,105
1996-03-20,154
1996-03-21,221
1996-03-22,107
1996-03-24,48
1996-03-25,63
1996-03-26,130
1996-03-27,833
1996-03-28,1468
1996-03-29,1637
1996-03-30,1468
1996-03-31,1493
1996-04-01,1240
1996-04-02,1649
1996-04-03,1476
1996-04-04,1469
1996-04-05,1689
1996-04-06,1145
1996-04-07,1160
1996-04-08,1379
1996-04-09,2003
1996-04-10,1995
1996-04-11,1968
1996-04-12,1981
1996-04-13,1485
1996-04-14,1491
1996-04-15,1699
1996-04-16,2025
1996-04-17,2092
1996-04-18,1699
1996-04-19,1290
1996-04-20,1736
1996-04-21,1478
1996-04-22,1691
1996-04-23,2528
1996-04-24,2091
1996-04-25,1533
1996-04-26,2490
1996-04-27,1040
1996-04-28,1289
1996-04-29,2205
1996-04-30,2181
1996-05-01,2187
1996-05-02,2117
1996-05-03,1708
1996-05-04,1573
1996-05-05,1688
1996-05-06,2147
1996-05-07,2247
1996-05-08,3041
1996-05-09,6674
1996-05-10,7000
1996-05-11,5167
1996-05-12,7607
1996-05-13,8900
1996-05-14,7881
1996-05-15,5554
1996-05-16,6430
1996-05-17,8735
1996-05-18,7232
1996-05-19,7759
1996-05-20,7091
1996-05-21,7223
1996-05-22,7106
1996-05-23,8478
1996-05-24,7961
1996-05-25,7427
1996-05-26,7429
1996-05-27,7787
1996-05-28,3394
1996-05-29,5727
1996-05-30,8688
1996-05-31,7804
1996-06-01,6302
1996-06-02,4952
1996-06-03,7149
1996-06-04,9289
1996-06-05,8813
1996-06-06,8794
1996-06-07,9758
1996-06-08,7028
1996-06-09,8028
1996-06-10,10032
1996-06-11,9012
1996-06-12,8344
1996-06-13,11658
1996-06-14,7512
1996-06-15,4784
1996-06-16,5710
1996-06-17,8207
1996-06-18,7437
1996-06-19,9448
1996-06-20,6305
1996-06-21,8411
1996-06-22,9827
1996-06-23,10957
1996-06-24,11348
1996-06-25,14419
1996-06-26,13084
1996-06-27,9311
1996-06-28,8040
1996-06-29,4790
1996-06-30,5512
1996-07-01,6896
1996-07-02,9662
1996-07-03,11137
1996-07-04,8643
1996-07-05,8396
1996-07-06,7346
1996-07-07,8420
1996-07-08,10126
1996-07-09,8654
1996-07-10,8776
1996-07-11,7828
1996-07-12,7214
1996-07-13,6725
1996-07-14,6574
1996-07-15,6094
1996-07-16,8837
1996-07-17,12529
1996-07-18,10536
1996-07-19,11339
1996-07-20,6334
1996-07-21,2465
1996-07-22,3563
1996-07-23,6148
1996-07-24,4251
1996-07-25,4969
1996-07-26,4044
1996-07-27,2573
1996-07-28,2581
1996-07-29,4113
1996-07-30,4472
1996-07-31,4956
1996-08-01,4856
1996-08-02,6355
1996-08-03,4375
1996-08-04,4183
1996-08-05,5628
1996-08-06,5888
1996-08-07,6411
1996-08-08,5945
1996-08-09,5922
1996-08-10,2872
1996-08-11,5360
1996-08-12,4906
1996-08-13,10425
1996-08-14,13637
1996-08-15,11256
1996-08-16,10490
1996-08-17,7672
1996-08-18,6434
1996-08-19,7408
1996-08-20,8461
1996-08-21,7112
1996-08-22,7142
1996-08-23,7154
1996-08-24,6833
1996-08-25,5742
1996-08-26,6164
1996-08-27,6857
1996-08-28,7037
1996-08-29,6647
1996-08-30,5327
1996-08-31,5189
1996-09-01,5759
1996-09-02,6047
1996-09-03,5740
1996-09-04,5185
1996-09-05,5293
1996-09-06,7376
1996-09-07,6178
1996-09-08,4313
1996-09-09,4197
1996-09-10,5264
1996-09-11,6844
1996-09-12,3791
1996-09-13,5198
1996-09-14,3842
1996-09-15,3010
1996-09-16,5821
1996-09-17,5437
1996-09-18,4355
1996-09-19,3175
1996-09-20,5602
1996-09-21,4249
1996-09-22,2998
1996-09-23,4719
1996-09-24,3510
1996-09-25,3594
1996-09-26,4748
1996-09-27,6041
1996-09-28,4285
1996-09-29,4919
1996-09-30,5362
1996-10-01,6178
1996-10-02,4740
1996-10-03,4300
1996-10-04,5637
1996-10-05,3489
1996-10-06,8996
1996-10-07,8255
1996-10-08,2431
1996-10-09,2692
1996-10-10,2425
1996-10-11,6225
1996-10-12,8063
1996-10-13,8199
1996-10-14,11472
1996-10-15,8760
1996-10-16,8179
1996-10-17,5493
1996-10-18,7926
1996-10-19,5249
1996-10-20,4049
1996-10-21,6362
1996-10-22,6225
1996-10-23,5339
1996-10-24,6523
1996-10-25,6329
1996-10-26,5327
1996-10-27,6051
1996-10-28,6186
1996-10-29,6767
1996-10-30,4641
1996-10-31,3358
1996-11-01,5860
1996-11-02,4210
1996-11-03,4368
1996-11-04,5961
1996-11-05,6655
1996-11-06,9522
1996-11-07,9625
1996-11-08,7969
1996-11-09,5440
1996-11-10,5565
1996-11-11,4755
1996-11-12,6182
1996-11-13,5042
1996-11-14,5352
1996-11-15,4378
1996-11-16,5945
1996-11-17,1655
1996-11-18,4682
1996-11-19,4978
1996-11-20,8644
1996-11-21,5259
1996-11-22,5815
1996-11-23,6893
1996-11-24,5587
1996-11-25,5362
1996-11-26,15505
1996-11-27,6973
1996-11-28,4130
1996-11-29,5119
1996-11-30,2583
1996-12-01,1647
1996-12-02,2785
1996-12-03,3738
1996-12-04,3703
1996-12-05,4175
1996-12-06,3784
1996-12-07,3991
1996-12-08,3952
1996-12-09,6638
1996-12-10,5886
1996-12-11,5473
1996-12-12,6132
1996-12-13,7493
1996-12-14,5277
1996-12-15,3450
1996-12-16,5408
1996-12-17,5020
1996-12-18,4911
1996-12-19,6746
1996-12-20,5524
1996-12-21,2938
1996-12-22,5204
1996-12-23,5095
1996-12-24,2171
1996-12-25,2422
1996-12-26,5157
1996-12-27,3856
1996-12-28,2157
1996-12-29,3609
1996-12-30,3621
1996-12-31,3889
1997-01-01,3595
1997-01-02,4486
1997-01-03,4590
1997-01-04,3469
1997-01-05,2505
1997-01-06,4241
1997-01-07,2760
1997-01-08,4872
1997-01-09,2157
1997-01-10,1580
1997-01-11,1106
1997-01-13,1204
1997-01-14,1389
1997-01-15,2997
1997-01-16,4754
1997-01-17,3675
1997-01-18,4293
1997-01-19,3513
1997-01-20,4540
1997-01-21,4018
1997-01-22,3984
1997-01-23,5000
1997-01-24,5819
1997-01-25,3525
1997-01-26,3836
1997-01-27,4467
1997-01-28,4980
1997-01-29,4233
1997-01-30,3138
1997-01-31,3713
1997-02-01,2068
1997-02-02,2435
1997-02-03,3090
1997-02-04,2320
1997-02-05,2459
1997-02-06,2278
1997-02-07,2113
1997-02-08,2481
1997-02-09,3180
1997-02-10,3018
1997-02-11,2610
1997-02-12,2112
1997-02-13,1489
1997-02-14,2375
1997-02-15,1447
1997-02-16,1321
1997-02-17,1686
1997-02-18,2527
1997-02-19,2455
1997-02-20,2213
1997-02-21,2946
1997-02-22,2786
1997-02-23,2257
1997-02-24,2932
1997-02-25,3044
1997-02-26,1893
1997-02-27,2653
1997-02-28,2321
1997-03-01,2708
1997-03-02,2080
1997-03-03,1933
1997-03-04,3119
1997-03-05,2465
1997-03-06,3794
1997-03-07,3094
1997-03-08,3753
1997-03-09,3452
1997-03-10,3991
1997-03-11,4541
1997-03-12,2481
1997-03-13,2800
1997-03-14,2969
1997-03-15,3219
1997-03-16,4244
1997-03-17,3483
1997-03-18,2835
1997-03-19,2615
1997-03-20,2407
1997-03-21,4160
1997-03-22,3779
1997-03-23,2987
1997-03-24,3171
1997-03-25,2792
1997-03-26,3058
1997-03-27,3474
1997-03-28,4151
1997-03-29,3463
1997-03-30,3059
1997-03-31,3488
1997-04-01,3102
1997-04-02,3086
1997-04-03,3053
1997-04-04,4998
1997-04-05,5103
1997-04-06,4176
1997-04-07,3755
1997-04-08,3129
1997-04-09,3249
1997-04-10,3792
1997-04-11,2002
1997-04-12,3878
1997-04-13,2011
1997-04-14,1644
1997-04-15,2863
1997-04-16,1796
1997-04-17,1975
1997-04-18,3086
1997-04-19,2046
1997-04-20,1864
1997-04-21,2623
1997-04-22,2179
1997-04-23,2757
1997-04-24,2505
1997-04-25,2540
1997-04-26,1799
1997-04-27,2463
1997-04-28,1674
1997-04-29,1949
1997-04-30,2533
1997-05-01,6419
1997-05-02,6446
1997-05-03,3986
1997-05-04,3538
1997-05-05,4141
1997-05-06,2937
1997-05-07,2424
1997-05-08,2530
1997-05-09,1880
1997-05-10,2147
1997-05-11,5828
1997-05-13,1955
1997-05-14,2180
1997-05-15,2110
1997-05-16,2831
1997-05-17,1837
1997-05-18,2724
1997-05-19,3677
1997-05-20,3274
1997-05-21,3579
1997-05-22,2493
1997-05-23,2526
1997-05-24,2004
1997-05-25,2963
1997-05-26,3189
1997-05-27,2779
1997-05-28,2496
1997-05-29,3458
1997-05-30,3357
1997-05-31,2987
1997-06-01,175
1997-06-02,2838
1997-06-03,2814
1997-06-04,4030
1997-06-05,2687
1997-06-06,2702
1997-06-07,1855
1997-06-08,1979
1997-06-09,2462
1997-06-10,2882
1997-06-11,3232
1997-06-12,1908
1997-06-13,3074
1997-06-14,2062
1997-06-15,3137
1997-06-16,2437
1997-06-17,2646
1997-06-18,4256
1997-06-19,2132
1997-06-20,3428
1997-06-21,2289
1997-06-22,2337
1997-06-23,3116
1997-06-24,3063
1997-06-25,3502
1997-06-26,3357
1997-06-27,2958
1997-06-28,1871
1997-06-29,2195
1997-06-30,2879
1997-07-01,2618
1997-07-02,3049
1997-07-03,3167
1997-07-04,1541
1997-07-05,2829
1997-07-06,2682
1997-07-07,2913
1997-07-08,2740
1997-07-09,2647
1997-07-10,1121
1997-07-11,1880
1997-07-12,1699
1997-07-13,2031
1997-07-14,3080
1997-07-15,2173
1997-07-16,2062
1997-07-17,2083
1997-07-18,2291
1997-07-19,2824
1997-07-20,2613
1997-07-21,2459
1997-07-22,3691
1997-07-23,1188
1997-09-09,36
1997-09-11,22
1997-09-15,1195
1997-09-16,2063
1997-09-17,1521
1997-09-18,1525
1997-09-19,399
1997-09-20,1256
1997-09-21,901
1997-09-22,1848
1997-09-23,1525
1997-09-24,873
1997-09-25,831
1997-09-26,1809
1997-09-27,666
1997-09-28,609
1997-09-29,498
1997-09-30,590
1997-10-01,1167
1997-10-02,885
1997-10-03,486
1997-10-04,1375
1997-10-05,1082
1997-10-06,491
1997-10-07,506
1997-10-08,330
1997-10-09,430
1997-10-10,1217
1997-10-11,559
1997-10-12,557
1997-10-13,203
1997-10-14,637
1997-10-15,571
1997-10-16,703
1997-10-17,1517
1997-10-18,413
1997-10-19,922
1997-10-20,805
1997-10-21,285
1997-10-22,744
1997-10-23,452
1997-10-24,521
1997-10-25,778
1997-10-26,1053
1997-10-27,267
1997-10-28,376
1997-10-29,730
1997-10-30,194
1997-10-31,539
1997-11-01,196
1997-11-02,9
1997-11-03,555
1997-11-04,395
1997-11-05,928
1997-11-06,949
1997-11-07,1305
1997-11-08,732
1997-11-09,749
1997-11-10,1579
1997-11-11,951
1997-11-12,1464
1997-11-13,5266
1997-11-14,2824
1997-11-15,1505
1997-11-16,1478
1997-11-17,1841
1997-11-18,1880
1997-11-19,2221
1997-11-20,1460
1997-11-21,2443
1997-11-22,703
1997-11-23,477
1997-11-24,951
1997-11-25,811
1997-11-26,1186
1997-11-27,848
1997-11-28,395
1997-11-29,920
1997-11-30,899
1997-12-01,531
1997-12-02,1108
1997-12-03,1394
1997-12-04,331
1997-12-05,996
1997-12-06,465
1997-12-07,466
1997-12-08,107
1997-12-09,1154
1997-12-10,34
1997-12-12,728
1997-12-13,454
1997-12-14,902
1997-12-15,320
1997-12-16,30
1997-12-17,2013
1997-12-18,783
1997-12-19,490
1997-12-20,1163
1997-12-21,209
1997-12-22,767
1997-12-23,611
1997-12-24,300
1997-12-25,157
1997-12-26,764
1997-12-27,614
1997-12-28,539
1997-12-29,1232
1997-12-30,757
1997-12-31,565
1998-01-01,1327
1998-01-02,1184
1998-01-03,752
1998-01-04,647
1998-01-05,950
1998-01-06,1920
1998-01-07,910
1998-01-08,889
1998-01-09,749
1998-01-10,756
1998-01-11,505
1998-01-12,1199
1998-01-13,365
1998-01-14,511
1998-01-15,626
1998-01-16,923
1998-01-17,657
1998-01-18,530
1998-01-19,217
1998-01-20,329
1998-01-21,362
1998-01-22,201
1998-01-23,1252
1998-01-24,731
1998-01-25,564
1998-01-26,1145
1998-01-27,437
1998-01-28,1046
1998-01-29,580
1998-01-30,750
1998-01-31,481
1998-02-01,1314
1998-02-02,462
1998-02-03,465
1998-02-04,391
1998-02-05,144
1998-02-06,114
1998-02-07,389
1998-02-08,778
1998-02-09,512
1998-02-10,422
1998-02-11,276
1998-02-12,584
1998-02-13,506
1998-02-14,411
1998-02-15,76
1998-02-16,448
1998-02-17,1623
1998-02-18,685
1998-02-19,651
1998-02-20,143
1998-02-21,1060
1998-02-22,865
1998-02-23,478
1998-02-24,237
1998-02-25,816
1998-02-26,2115
1998-02-27,985
1998-02-28,196
1998-03-01,735
1998-03-02,439
1998-03-03,571
1998-03-04,369
1998-03-05,441
1998-03-06,852
1998-03-07,332
1998-03-08,398
1998-03-09,537
1998-03-10,440
1998-03-11,292
1998-03-12,416
1998-03-13,124
1998-03-14,462
1998-03-15,417
1998-03-16,127
1998-03-17,637
1998-03-18,208
1998-03-19,317
1998-03-20,218
1998-03-21,190
1998-03-22,130
1998-03-23,442
1998-03-24,136
1998-03-25,163
1998-03-26,404
1998-03-27,2595
1998-03-29,1757
1998-03-30,2733
1998-03-31,2857
1998-04-01,2671
1998-04-02,2067
1998-04-03,1119
1998-04-04,1630
1998-04-05,185
1998-04-06,1008
1998-04-07,748
1998-04-08,765
1998-04-09,268
1998-04-10,622
1998-04-11,578
1998-04-12,350
1998-04-13,241
1998-04-14,181
1998-04-15,650
1998-04-16,425
1998-04-17,703
1998-04-18,287
1998-04-19,143
1998-04-20,254
1998-04-21,660
1998-04-22,368
1998-04-23,361
1998-04-24,643
1998-04-25,45
1998-04-26,485
1998-04-27,383
1998-04-28,183
1998-04-29,223
1998-04-30,238
1998-05-01,69
1998-05-02,637
1998-05-03,89
1998-05-04,416
1998-05-05,58
1998-05-06,1205
1998-05-07,630
1998-05-08,53
1998-05-09,327
1998-05-10,394
1998-05-11,274
1998-05-12,352
1998-05-13,166
1998-05-14,148
1998-05-15,418
1998-05-16,151
1998-05-17,119
1998-05-18,258
1998-05-19,140
1998-05-20,221
1998-05-22,1521
1998-05-23,69
1998-05-24,266
1998-05-25,336
1998-05-26,174
1998-05-27,626
1998-05-28,9
1998-05-29,375
1998-05-30,104
1998-05-31,410
1998-06-01,273
1998-06-02,496
1998-06-03,172
1998-06-04,485
1998-06-05,543
1998-06-06,296
1998-06-07,329
1998-06-08,217
1998-06-09,246
1998-06-10,199
1998-06-11,285
1998-06-12,471
1998-06-13,376
1998-06-14,337
1998-06-15,330
1998-06-16,1072
1998-06-17,1135
1998-06-18,968
1998-06-19,472
1998-06-20,187
1998-06-21,394
1998-06-22,978
1998-06-23,453
1998-06-24,35
1998-06-25,740
1998-06-26,294
1998-06-27,317
1998-06-28,608
1998-06-29,1230
1998-06-30,554
1998-07-01,470
1998-07-02,1031
1998-07-03,526
1998-07-04,192
1998-07-05,488
1998-07-06,283
1998-07-07,604
1998-07-08,922
1998-07-09,635
1998-07-10,376
1998-07-11,248
1998-07-12,392
1998-07-13,218
1998-07-14,730
1998-07-15,2036
1998-07-16,749
1998-07-17,4682
1998-07-18,6135
1998-07-19,5214
1998-07-20,8110
1998-07-21,1878
1998-07-22,3070
1998-07-23,10547
1998-07-24,3447
1998-07-25,2896
1998-07-26,3154
1998-07-27,5142
1998-07-28,4760
1998-07-29,6073
1998-07-30,3341
1998-07-31,1332
1998-08-01,2181
1998-08-02,3283
1998-08-03,3142
1998-08-04,2364
1998-08-05,859
1998-08-06,1650
1998-08-07,752
1998-08-08,892
1998-08-09,1497
1998-08-10,511
1998-08-11,939
1998-08-12,1340
1998-08-13,1765
1998-08-14,1539
1998-08-15,2141
1998-08-16,1385
1998-08-17,1415
1998-08-18,944
1998-08-19,912
1998-08-20,612
1998-08-21,961
1998-08-22,917
1998-08-23,1114
1998-08-24,574
1998-08-25,861
1998-08-26,522
1998-08-27,366
1998-08-28,688
1998-08-29,494
1998-08-30,683
1998-08-31,1036
1998-09-01,533
1998-09-02,337
1998-09-03,551
1998-09-04,334
1998-09-05,925
1998-09-06,868
1998-09-07,624
1998-09-08,866
1998-09-09,286
1998-09-10,1166
1998-09-11,846
1998-09-12,418
1998-09-13,536
1998-09-14,831
1998-09-15,303
1998-09-16,436
1998-09-17,781
1998-09-18,901
1998-09-19,723
1998-09-20,551
1998-09-21,308
1998-09-22,312
1998-09-23,730
1998-09-24,151
1998-09-25,827
1998-09-26,1224
1998-09-27,538
1998-09-28,466
1998-09-29,1148
1998-09-30,317
1998-10-01,261
1998-10-02,307
1998-10-03,747
1998-10-04,420
1998-10-05,602
1998-10-06,178
1998-10-07,466
1998-10-08,289
1998-10-09,781
1998-10-10,297
1998-10-11,596
1998-10-12,603
1998-10-13,445
1998-10-14,520
1998-10-15,307
1998-10-16,393
1998-10-17,639
1998-10-20,224
1998-10-21,612
1998-10-22,493
1998-10-23,1056
1998-10-24,1260
1998-10-25,679
1998-10-26,399
1998-10-27,523
1998-10-28,167
1998-10-29,245
1998-10-30,98
1998-10-31,297
1998-11-01,195
1998-11-02,364
1998-11-03,168
1998-11-04,452
1998-11-05,724
1998-11-06,363
1998-11-07,537
1998-11-08,234
1998-11-09,460
1998-11-10,339
1998-11-11,53
1998-11-12,1054
1998-11-13,947
1998-11-14,547
1998-11-15,516
1998-11-16,524
1998-11-17,1045
1998-11-18,841
1998-11-19,154
1998-11-20,228
1998-11-21,73
1998-11-22,281
1998-11-23,802
1998-11-24,545
1998-11-25,374
1998-11-26,581
1998-11-27,83
1998-11-28,1087
1998-11-29,861
1998-11-30,964
1998-12-01,453
1998-12-02,491
1998-12-03,467
1998-12-04,116
1998-12-05,30
1998-12-07,2158
1998-12-08,2493
1998-12-09,1309
1998-12-10,3087
1998-12-11,2460
1998-12-12,1181
1998-12-14,947
1998-12-15,1317
1998-12-16,1784
1998-12-17,1357
1998-12-18,1305
1998-12-19,1134
1998-12-20,1080
1998-12-21,711
1998-12-22,930
1998-12-23,1122
1998-12-24,943
1998-12-25,868
1998-12-26,354
1998-12-27,490
1998-12-28,102
1998-12-29,910
1998-12-30,1668
1998-12-31,896
1999-01-01,1261
1999-01-02,771
1999-01-03,1836
1999-01-04,1018
1999-01-05,1492
1999-01-06,440
1999-01-07,679
1999-01-08,777
1999-01-09,982
1999-01-10,931
1999-01-11,644
1999-01-12,631
1999-01-13,340
1999-01-14,981
1999-01-15,1019
1999-01-16,1136
1999-01-17,702
1999-01-18,1129
1999-01-19,1519
1999-01-20,641
1999-01-21,334
1999-01-22,760
1999-01-23,1070
1999-01-24,1015
1999-01-25,243
1999-01-26,836
1999-01-27,1227
1999-01-28,302
1999-01-29,356
1999-01-30,412
1999-01-31,321
1999-02-01,876
1999-02-02,616
1999-02-03,287
1999-02-04,618
1999-02-05,778
1999-02-06,378
1999-02-07,923
1999-02-08,550
1999-02-09,380
1999-02-10,1318
1999-02-11,101
1999-02-12,844
1999-02-13,488
1999-02-14,527
1999-02-15,1186
1999-02-16,407
1999-02-17,358
1999-02-18,536
1999-02-19,340
1999-02-20,598
1999-02-21,221
1999-02-22,471
1999-02-23,438
1999-02-24,1687
1999-02-25,359
1999-02-26,626
1999-02-27,115
1999-02-28,892
1999-03-01,546
1999-03-02,603
1999-03-03,553
1999-03-04,123
1999-03-05,316
1999-03-06,3
1999-03-07,218
1999-03-08,320
1999-03-09,806
1999-03-10,85
1999-03-11,14
1999-03-16,317
1999-03-17,359
1999-03-18,59
1999-03-19,301
1999-03-20,512
1999-03-21,26
1999-03-22,391
1999-03-23,374
1999-03-24,597
1999-03-25,187
1999-03-26,552
1999-03-27,181
1999-03-28,457
1999-03-29,120
1999-03-30,265
1999-03-31,244
1999-04-01,211
1999-04-02,143
1999-04-03,1071
1999-04-04,97
1999-04-05,392
1999-04-06,415
1999-04-07,151
1999-04-08,399
1999-04-09,209
1999-04-10,648
1999-04-11,376
1999-04-12,333
1999-04-13,583
1999-04-14,363
1999-04-15,528
1999-04-16,351
1999-04-17,571
1999-04-18,196
1999-04-19,636
1999-04-20,687
1999-04-21,188
1999-04-22,302
1999-04-23,1114
1999-04-24,291
1999-04-25,466
1999-04-26,1283
1999-04-27,262
1999-04-28,716
1999-04-29,366
1999-04-30,654
1999-05-01,83
1999-05-02,519
1999-05-03,528
1999-05-04,1061
1999-05-05,480
1999-05-06,455
1999-05-07,212
1999-05-08,481
1999-05-09,8
1999-05-10,345
1999-05-11,126
1999-05-12,89
1999-05-13,289
1999-05-14,342
1999-05-15,661
1999-05-16,254
1999-05-17,297
1999-05-18,265
1999-05-19,238
1999-05-20,409
1999-05-21,590
1999-05-22,370
1999-05-23,189
1999-05-24,1121
1999-05-25,1521
1999-05-26,143
1999-05-27,466
1999-05-28,209
1999-05-29,334
1999-05-30,699
1999-05-31,435
1999-06-01,872
1999-06-02,334
1999-06-03,388
1999-06-04,163
1999-06-05,141
1999-06-06,183
1999-06-07,162
1999-06-08,234
1999-06-09,755
1999-06-10,663
1999-06-11,753
1999-06-12,141
1999-06-13,403
1999-06-14,116
1999-06-15,552
1999-06-16,518
1999-06-17,751
1999-06-18,262
1999-06-19,236
1999-06-20,79
1999-06-21,220
1999-06-22,139
1999-06-23,241
1999-06-24,153
1999-06-25,271
1999-06-26,620
1999-06-27,101
1999-06-28,723
1999-06-29,822
1999-06-30,245
1999-07-01,461
1999-07-02,437
1999-07-03,212
1999-07-04,308
1999-07-05,293
1999-07-06,333
1999-07-07,302
1999-07-08,16
1999-07-09,506
1999-07-10,41
1999-07-11,90
1999-07-12,298
1999-07-13,256
1999-07-14,287
1999-07-15,56
1999-07-16,83
1999-07-17,246
1999-07-18,291
1999-07-19,518
1999-07-20,88
1999-07-21,585
1999-07-22,554
1999-07-23,901
1999-07-24,138
1999-07-25,298
1999-07-26,836
1999-07-27,567
1999-07-28,261
1999-07-29,229
1999-07-30,620
1999-07-31,99
1999-08-01,69
1999-08-02,637
1999-08-03,255
1999-08-04,862
1999-08-05,226
1999-08-06,88
1999-08-07,123
1999-08-08,11
1999-08-09,205
1999-08-10,356
1999-08-11,361
1999-08-12,302
1999-08-13,174
1999-08-14,145
1999-08-15,287
1999-08-16,328
1999-08-17,254
1999-08-18,344
1999-08-19,537
1999-08-20,81
1999-08-21,643
1999-08-22,281
1999-08-23,816
1999-08-24,956
1999-08-25,1120
1999-08-26,140
1999-08-27,471
1999-08-28,338
1999-08-29,411
1999-08-30,328
1999-08-31,13
1999-09-01,132
1999-09-02,142
1999-09-03,167
1999-09-04,304
1999-09-05,619
1999-09-06,149
1999-09-07,212
1999-09-08,163
1999-09-09,100
1999-09-10,80
1999-09-11,190
1999-09-12,413
1999-09-13,168
1999-09-14,1215
1999-09-15,429
1999-09-16,109
1999-09-17,382
1999-09-18,172
1999-09-19,193
1999-09-20,1084
1999-09-21,334
1999-09-22,664
1999-09-23,263
1999-09-24,161
1999-09-25,157
1999-09-26,148
1999-09-27,4672
1999-09-28,7987
1999-09-29,4844
1999-09-30,5654
1999-10-01,28323
1999-10-02,31414
1999-10-03,25971
1999-10-04,27006
1999-10-05,22378
1999-10-06,11263
1999-10-07,4668
1999-10-08,6474
1999-10-09,8630
1999-10-10,7703
1999-10-11,8345
1999-10-12,8372
1999-10-13,9706
1999-10-14,10214
1999-10-15,9694
1999-10-16,9849
1999-10-17,11119
1999-10-18,10224
1999-10-19,9433
1999-10-20,9339
1999-10-21,9760
1999-10-22,9585
1999-10-23,10522
1999-10-24,8639
1999-10-25,9866
1999-10-26,6880
1999-10-27,1291
1999-10-29,6344
1999-10-30,10288
1999-10-31,7883
1999-11-01,11150
1999-11-02,13363
1999-11-03,10333
1999-11-04,7762
1999-11-05,8261
1999-11-06,6037
1999-11-07,6985
1999-11-08,8244
1999-11-09,10179
1999-11-10,8442
1999-11-11,10269
1999-11-12,10385
1999-11-13,8936
1999-11-14,5627
1999-11-15,9060
1999-11-16,10078
1999-11-17,11529
1999-11-18,7954
1999-11-19,7831
1999-11-20,5872
1999-11-21,7797
1999-11-22,5866
1999-11-23,4690
1999-11-24,7167
1999-11-25,4316
1999-11-26,6112
1999-11-27,5873
1999-11-28,4523
1999-11-29,4665
1999-11-30,7066
1999-12-01,7485
1999-12-02,6610
1999-12-03,3864
1999-12-04,4914
1999-12-05,3371
1999-12-06,3107
1999-12-07,2957
1999-12-08,939
1999-12-10,133
1999-12-11,63064
1999-12-12,47095
1999-12-13,49834
1999-12-14,38268
1999-12-15,26987
1999-12-16,20337
1999-12-17,16428
1999-12-18,19131
1999-12-19,15378
1999-12-20,7697
1999-12-21,9211
1999-12-22,19746
1999-12-23,14400
1999-12-24,11947
1999-12-25,5863
1999-12-26,5440
1999-12-27,7577
1999-12-28,9961
1999-12-29,7447
1999-12-30,7299
1999-12-31,8191
2000-01-01,2945
2000-01-02,7621
2000-01-03,9134
2000-01-04,4098
2000-01-05,5065
2000-01-06,6193
2000-01-07,7756
2000-01-08,4470
2000-01-09,6924
2000-01-10,6476
2000-01-11,5021
2000-01-12,6447
2000-01-13,6313
2000-01-14,3155
2000-01-15,5661
2000-01-16,5075
2000-01-17,6632
2000-01-18,6411
2000-01-19,3939
2000-01-20,3506
2000-01-21,5312
2000-01-22,5280
2000-01-23,3820
2000-01-24,2999
2000-01-25,1761
2000-01-26,4003
2000-01-27,5514
2000-01-28,4231
2000-01-29,7008
2000-01-30,6073
2000-01-31,9612
2000-02-01,5303
2000-02-02,5084
2000-02-03,9239
2000-02-04,4575
2000-02-05,7828
2000-02-06,6057
2000-02-07,5742
2000-02-08,4363
2000-02-09,3494
2000-02-10,4675
2000-02-11,5150
2000-02-12,2940
2000-02-13,4733
2000-02-14,3594
2000-02-15,2643
2000-02-16,2674
2000-02-17,3307
2000-02-18,2780
2000-02-19,3392
2000-02-20,5393
2000-02-21,5503
2000-02-22,2540
2000-02-23,2126
2000-02-24,3259
2000-02-25,2478
2000-02-26,3385
2000-02-27,3264
2000-02-28,2528
2000-02-29,4506
2000-03-01,2849
2000-03-02,1958
2000-03-03,2892
2000-03-04,3011
2000-03-05,946
2000-03-06,3708
2000-03-07,2955
2000-03-08,5549
2000-03-09,4080
2000-03-10,3679
2000-03-11,5341
2000-03-12,5387
2000-03-13,4747
2000-03-14,7869
2000-03-15,5361
2000-03-16,6916
2000-03-17,5828
2000-03-18,5351
2000-03-19,7594
2000-03-20,7227
2000-03-21,7889
2000-03-22,6359
2000-03-23,7037
2000-03-24,6445
2000-03-25,3676
2000-03-26,3099
2000-03-27,5000
2000-03-28,3756
2000-03-29,4189
2000-03-30,3091
2000-03-31,4392
2000-04-01,3155
2000-04-02,4273
2000-04-03,4457
2000-04-04,2235
2000-04-05,3222
2000-04-06,4987
2000-04-07,16475
2000-04-08,6156
2000-04-09,4991
2000-04-10,6285
2000-04-11,6460
2000-04-12,2546
2000-04-13,4804
2000-04-14,3913
2000-04-15,3228
2000-04-16,4203
2000-04-17,4202
2000-04-18,3727
2000-04-19,4286
2000-04-20,3064
2000-04-21,3682
2000-04-22,4848
2000-04-23,4803
2000-04-24,24635
2000-04-25,16254
2000-04-26,6976
2000-04-27,4154
2000-04-28,4566
2000-04-29,3516
2000-04-30,2496
2000-05-01,3841
2000-05-02,2719
2000-05-03,3878
2000-05-04,3517
2000-05-05,3718
2000-05-06,1787
2000-05-07,2589
2000-05-08,3920
2000-05-09,5821
2000-05-10,2797
2000-05-11,2576
2000-05-12,5176
2000-05-13,2475
2000-05-14,3552
2000-05-15,3061
2000-05-16,2982
2000-05-17,4952
2000-05-18,3273
2000-05-19,3354
2000-05-20,2266
2000-05-21,2785
2000-05-22,3026
2000-05-23,4052
2000-05-24,3712
2000-05-25,4937
2000-05-26,3536
2000-05-27,2906
2000-05-28,3294
2000-05-29,2490
2000-05-30,4917
2000-05-31,4923
2000-06-01,5514
2000-06-02,5138
2000-06-03,2775
2000-06-04,2478
2000-06-05,3364
2000-06-06,4396
2000-06-07,2376
2000-06-08,3708
2000-06-09,1835
2000-06-10,2954
2000-06-11,2433
2000-06-12,2801
2000-06-13,3996
2000-06-14,2322
2000-06-15,3414
2000-06-16,3502
2000-06-17,1411
2000-06-18,2298
2000-06-19,3224
2000-06-20,4133
2000-06-21,2223
2000-06-22,2593
2000-06-23,2445
2000-06-24,1631
2000-06-25,3002
2000-06-26,2817
2000-06-27,2339
2000-06-28,1662
2000-06-29,1873
2000-06-30,6693
2000-07-01,5376
2000-07-02,5956
2000-07-03,16814
2000-07-04,7850
2000-07-05,10038
2000-07-06,11030
2000-07-07,8191
2000-07-08,4010
2000-07-09,3042
2000-07-10,3559
2000-07-11,3615
2000-07-12,4567
2000-07-13,3330
2000-07-14,2557
2000-07-15,3163
2000-07-16,3759
2000-07-17,3210
2000-07-18,3244
2000-07-19,4432
2000-07-20,2118
2000-07-21,3708
2000-07-22,1721
2000-07-23,2275
2000-07-24,2430
2000-07-25,2423
2000-07-26,2277
2000-07-27,3533
2000-07-28,2893
2000-07-29,2080
2000-07-30,5417
2000-07-31,10459
2000-08-01,12571
2000-08-02,13139
2000-08-03,27742
2000-08-04,12611
2000-08-05,14419
2000-08-06,10846
2000-08-07,8497
2000-08-08,9999
2000-08-09,8070
2000-08-10,8501
2000-08-11,9976
2000-08-12,6968
2000-08-13,5318
2000-08-14,7689
2000-08-15,8480
2000-08-16,6004
2000-08-17,3051
2000-08-18,8293
2000-08-19,5353
2000-08-20,4614
2000-08-21,3911
2000-08-22,7095
2000-08-23,6405
2000-08-24,4283
2000-08-25,4489
2000-08-26,2196
2000-08-27,5589
2000-08-28,4896
2000-08-29,3902
2000-08-30,4710
2000-08-31,3057
2000-09-01,2572
2000-09-02,3065
2000-09-03,4637
2000-09-04,3740
2000-09-05,4221
2000-09-06,3990
2000-09-07,4393
2000-09-08,2673
2000-09-09,2175
2000-09-10,4176
2000-09-11,3080
2000-09-12,3272
2000-09-13,3389
2000-09-14,2835
2000-09-15,1805
2000-09-16,1126
2000-09-17,1978
2000-09-18,2209
2000-09-19,2642
2000-09-20,1500
2000-09-21,1350
2000-09-22,2151
2000-09-23,1542
2000-09-24,2170
2000-09-25,1292
2000-09-26,3240
2000-09-27,1961
2000-09-28,1447
2000-09-29,1989
2000-09-30,1725
2000-10-01,2644
2000-10-02,3252
2000-10-03,2713
2000-10-04,1680
2000-10-05,1778
2000-10-06,1941
2000-10-07,1130
2000-10-08,1065
2000-10-09,2031
2000-10-10,2388
2000-10-11,1393
2000-10-12,1056
2000-10-13,916
2000-10-14,2071
2000-10-15,2277
2000-10-16,2151
2000-10-17,2079
2000-10-18,3089
2000-10-19,2906
2000-10-20,1856
2000-10-21,1307
2000-10-22,969
2000-10-23,591
2000-10-24,3330
2000-10-25,3752
2000-10-26,2857
2000-10-27,2764
2000-10-28,988
2000-10-29,2805
2000-10-30,2799
2000-10-31,1837
2000-11-01,3250
2000-11-02,4199
2000-11-03,5287
2000-11-04,3330
2000-11-05,4588
2000-11-06,2126
2000-11-07,4326
2000-11-08,2807
2000-11-09,2371
2000-11-10,2880
2000-11-11,3177
2000-11-12,6523
2000-11-13,6041
2000-11-14,6663
2000-11-15,5667
2000-11-16,5168
2000-11-17,6034
2000-11-18,8071
2000-11-19,40912
2000-11-20,90717
2000-11-21,53514
2000-11-22,28691
2000-11-23,21748
2000-11-24,7965
2000-11-25,13716
2000-11-26,16451
2000-11-27,7823
2000-11-28,16228
2000-11-29,12209
2000-11-30,8369
2000-12-01,9149
2000-12-02,8334
2000-12-03,6154
2000-12-04,6096
2000-12-05,7408
2000-12-06,6573
2000-12-07,14332
2000-12-08,14599
2000-12-09,6961
2000-12-10,5542
2000-12-11,6050
2000-12-12,5012
2000-12-13,6433
2000-12-14,4563
2000-12-15,4006
2000-12-16,3635
2000-12-17,4143
2000-12-18,2892
2000-12-19,4817
2000-12-20,3718
2000-12-21,3772
2000-12-22,3942
2000-12-23,2304
2000-12-24,1795
2000-12-25,1837
2000-12-26,1580
2000-12-27,3497
2000-12-28,3933
2000-12-29,4415
2000-12-30,3506
2000-12-31,3990
2001-01-01,3320
2001-01-02,13827
2001-01-03,9989
2001-01-04,5689
2001-01-05,3763
2001-01-06,3793
2001-01-07,3168
2001-01-08,3523
2001-01-09,3991
2001-01-10,3330
2001-01-11,4486
2001-01-12,3394
2001-01-13,4997
2001-01-14,3425
2001-01-15,2369
2001-01-16,3501
2001-01-17,5195
2001-01-18,3645
2001-01-19,4533
2001-01-20,3256
2001-01-21,4154
2001-01-22,5242
2001-01-23,2916
2001-01-24,2838
2001-01-25,2946
2001-01-26,3152
2001-01-27,3834
2001-01-28,3781
2001-01-29,4363
2001-01-30,2517
2001-01-31,2753
2001-02-01,4790
2001-02-02,2448
2001-02-03,1885
2001-02-04,4143
2001-02-05,3822
2001-02-06,4012
2001-02-07,1801
2001-02-08,3224
2001-02-09,3237
2001-02-10,3859
2001-02-11,2215
2001-02-12,3567
2001-02-13,2423
2001-02-14,2704
2001-02-15,2140
2001-02-16,2492
2001-02-17,2347
2001-02-18,3732
2001-02-19,2147
2001-02-20,4001
2001-02-21,2781
2001-02-22,2103
2001-02-23,2677
2001-02-24,3773
2001-02-25,2079
2001-02-26,2459
2001-02-27,1955
2001-02-28,3037
2001-03-01,2829
2001-03-02,1076
2001-03-03,1200
2001-03-04,2200
2001-03-05,1705
2001-03-06,4531
2001-03-07,4216
2001-03-08,2280
2001-03-09,1312
2001-03-10,2410
2001-03-11,2120
2001-03-12,3305
2001-03-13,3192
2001-03-14,2611
2001-03-15,3626
2001-03-16,2115
2001-03-17,1841
2001-03-18,2116
2001-03-19,1308
2001-03-20,2233
2001-03-21,1504
2001-03-22,2133
2001-03-23,1988
2001-03-24,2016
2001-03-25,3215
2001-03-26,1638
2001-03-27,1691
2001-03-28,2189
2001-03-29,2505
2001-03-30,1083
2001-03-31,3147
2001-04-01,3698
2001-04-02,3775
2001-04-03,3328
2001-04-04,1888
2001-04-05,2287
2001-04-06,2239
2001-04-07,2557
2001-04-08,1612
2001-04-09,2409
2001-04-10,2531
2001-04-11,2671
2001-04-12,1829
2001-04-13,1693
2001-04-14,1138
2001-04-15,1441
2001-04-16,2128
2001-04-17,2574
2001-04-18,2624
2001-04-19,2093
2001-04-20,1422
2001-04-21,3580
2001-04-22,98
2001-04-23,706
2001-04-24,1222
2001-04-25,1340
2001-04-26,1990
2001-04-27,1272
2001-04-28,524
2001-04-29,2418
2001-04-30,2894
2001-05-01,1045
2001-05-02,1453
2001-05-03,1326
2001-05-04,980
2001-05-05,2070
2001-05-06,2007
2001-05-07,2270
2001-05-08,2658
2001-05-09,1864
2001-05-10,2194
2001-05-11,1847
2001-05-12,1845
2001-05-13,1344
2001-05-14,1593
2001-05-15,1892
2001-05-16,1421
2001-05-17,1280
2001-05-18,1409
2001-05-19,1067
2001-05-20,1861
2001-05-21,1682
2001-05-22,1908
2001-05-23,2003
2001-05-24,1827
2001-05-25,1871
2001-05-26,1250
2001-05-27,1537
2001-05-28,1469
2001-05-29,2158
2001-05-30,1632
2001-05-31,1506
2001-06-01,2259
2001-06-02,864
2001-06-03,1365
2001-06-04,2758
2001-06-05,2817
2001-06-06,6623
2001-06-07,6039
2001-06-08,4190
2001-06-09,2821
2001-06-10,5451
2001-06-11,8466
2001-06-12,8823
2001-06-13,6286
2001-06-14,7873
2001-06-15,6158
2001-06-16,5347
2001-06-17,3950
2001-06-18,5598
2001-06-19,8807
2001-06-20,9849
2001-06-21,10445
2001-06-22,6763
2001-06-23,4738
2001-06-24,3989
2001-06-25,6298
2001-06-26,5238
2001-06-27,6747
2001-06-28,2952
2001-06-29,4345
2001-06-30,3313
2001-07-01,4465
2001-07-02,4693
2001-07-03,6562
2001-07-04,4939
2001-07-05,6011
2001-07-06,5253
2001-07-07,4735
2001-07-08,6887
2001-07-09,5989
2001-07-10,3923
2001-07-11,6627
2001-07-12,6038
2001-07-13,5053
2001-07-14,3575
2001-07-15,4326
2001-07-16,4894
2001-07-17,5666
2001-07-18,5100
2001-07-19,4438
2001-07-20,3545
2001-07-21,3187
2001-07-22,4029
2001-07-23,6389
2001-07-24,4269
2001-07-25,5229
2001-07-26,3293
2001-07-27,4417
2001-07-28,3794
2001-07-29,3388
2001-07-30,5568
2001-07-31,4402
2001-08-01,6199
2001-08-02,4693
2001-08-03,3760
2001-08-04,3875
2001-08-05,5813
2001-08-06,5137
2001-08-07,4938
2001-08-08,3016
2001-08-09,4391
2001-08-10,3256
2001-08-11,2642
2001-08-12,3435
2001-08-13,2985
2001-08-14,3644
2001-08-15,4245
2001-08-16,3300
2001-08-17,3243
2001-08-18,2389
2001-08-19,3814
2001-08-20,2490
2001-08-21,2972
2001-08-22,3418
2001-08-23,2222
2001-08-24,2390
2001-08-25,2388
2001-08-26,2777
2001-08-27,3259
2001-08-28,2414
2001-08-29,3780
2001-08-30,1819
2001-08-31,2813
2001-09-01,2729
2001-09-02,2411
2001-09-03,3441
2001-09-04,4248
2001-09-05,2833
2001-09-06,2564
2001-09-07,1427
2001-09-08,2633
2001-09-09,2179
2001-09-10,4657
2001-09-11,4731
2001-09-12,3152
2001-09-13,3550
2001-09-14,2454
2001-09-15,1545
2001-09-16,2859
2001-09-17,3377
2001-09-18,3408
2001-09-19,3314
2001-09-20,4048
2001-09-21,4500
2001-09-22,3653
2001-09-23,3025
2001-09-24,3320
2001-09-25,2025
2001-09-26,3648
2001-09-27,3033
2001-09-28,2245
2001-09-29,2702
2001-09-30,2857
2001-10-01,2394
2001-10-02,3194
2001-10-03,5582
2001-10-04,3685
2001-10-05,4665
2001-10-06,2832
2001-10-07,980
2001-10-08,559
2001-10-09,3836
2001-10-10,1822
2001-10-11,2130
2001-10-12,2438
2001-10-13,2899
2001-10-14,2279
2001-10-15,1886
2001-10-16,1601
2001-10-17,2222
2001-10-18,1851
2001-10-19,1388
2001-10-20,2397
2001-10-21,1832
2001-10-22,2650
2001-10-23,1668
2001-10-24,1862
2001-10-25,2120
2001-10-26,1758
2001-10-27,1038
2001-10-28,2058
2001-10-29,1790
2001-10-30,1909
2001-10-31,3274
2001-11-01,1989
2001-11-02,2261
2001-11-03,3509
2001-11-04,2897
2001-11-05,1858
2001-11-06,2027
2001-11-07,2458
2001-11-08,2824
2001-11-09,5026
2001-11-10,4254
2001-11-11,4237
2001-11-12,3381
2001-11-13,3972
2001-11-14,3116
2001-11-15,3201
2001-11-16,2404
2001-11-17,3356
2001-11-18,1141
2001-11-19,3148
2001-11-20,3644
2001-11-21,1632
2001-11-22,1597
2001-11-23,2064
2001-11-24,4113
2001-11-25,3368
2001-11-26,2839
2001-11-27,3983
2001-11-28,2898
2001-11-29,2603
2001-11-30,1880
2001-12-01,3987
2001-12-02,3486
2001-12-03,3444
2001-12-04,2707
2001-12-05,2411
2001-12-06,2266
2001-12-07,2606
2001-12-08,2365
2001-12-09,5525
2001-12-10,3939
2001-12-11,2720
2001-12-12,2878
2001-12-13,1475
2001-12-14,3822
2001-12-15,1614
2001-12-16,2955
2001-12-17,2978
2001-12-18,3932
2001-12-19,2693
2001-12-20,1946
2001-12-21,2461
2001-12-22,2159
2001-12-23,3108
2001-12-24,1919
2001-12-25,2216
2001-12-26,2515
2001-12-27,1493
2001-12-28,2523
2001-12-29,2568
2001-12-30,3787
2001-12-31,4252
2002-01-01,3287
2002-01-02,3582
2002-01-03,6668
2002-01-04,3796
2002-01-05,4927
2002-01-06,3527
2002-01-07,2525
2002-01-08,2907
2002-01-09,2327
2002-01-10,5397
2002-01-11,3397
2002-01-12,2470
2002-01-13,3278
2002-01-14,3610
2002-01-15,2048
2002-01-16,3009
2002-01-17,1966
2002-01-18,2961
2002-01-19,2719
2002-01-20,3111
2002-01-21,4335
2002-01-22,3324
2002-01-23,3278
2002-01-24,2721
2002-01-25,1586
2002-01-26,1686
2002-01-27,2521
2002-01-28,2212
2002-01-29,3448
2002-01-30,1644
2002-01-31,2779
2002-02-01,3077
2002-02-02,2929
2002-02-03,3741
2002-02-04,2976
2002-02-05,2904
2002-02-06,2122
2002-02-07,3038
2002-02-08,2359
2002-02-09,1751
2002-02-10,3283
2002-02-11,8908
2002-02-12,4691
2002-02-13,2096
2002-02-14,2248
2002-02-15,2827
2002-02-16,2033
2002-02-17,3554
2002-02-18,2987
2002-02-19,2840
2002-02-20,2557
2002-02-21,2920
2002-02-22,1003
2002-02-23,1503
2002-02-24,1796
2002-02-25,1551
2002-02-26,1411
2002-02-27,1406
2002-02-28,1433
2002-03-01,1963
2002-03-02,1960
2002-03-03,3398
2002-03-04,3246
2002-03-05,3287
2002-03-06,2563
2002-03-07,3039
2002-03-08,1785
2002-03-09,880
2002-03-10,2435
2002-03-11,2834
2002-03-12,2195
2002-03-13,1653
2002-03-14,2084
2002-03-15,1475
2002-03-16,1547
2002-03-17,1427
2002-03-18,1618
2002-03-19,1704
2002-03-20,1869
2002-03-21,2228
2002-03-22,3364
2002-03-23,1060
2002-03-24,1387
2002-03-25,1644
2002-03-26,1573
2002-03-27,912
2002-03-28,425
2002-03-29,1664
2002-03-30,3757
2002-03-31,2589
2002-04-01,4086
2002-04-02,4446
2002-04-03,5440
2002-04-04,6230
2002-04-05,3213
2002-04-06,4080
2002-04-07,3166
2002-04-08,3061
2002-04-09,2232
2002-04-10,2210
2002-04-11,1533
2002-04-12,3271
2002-04-13,1858
2002-04-14,2183
2002-04-15,1986
2002-04-16,1507
2002-04-17,1881
2002-04-18,2313
2002-04-19,1527
2002-04-20,1738
2002-04-21,2573
2002-04-22,2834
2002-04-23,4585
2002-04-24,3711
2002-04-25,3024
2002-04-26,2975
2002-04-27,2332
2002-04-28,3632
2002-04-29,3913
2002-04-30,1837
2002-05-01,2628
2002-05-02,2224
2002-05-03,3038
2002-05-04,1737
2002-05-05,1076
2002-05-06,3030
2002-05-07,2609
2002-05-08,2803
2002-05-09,1891
2002-05-10,1696
2002-05-11,480
2002-05-12,1605
2002-05-13,2893
2002-05-14,1801
2002-05-15,2927
2002-05-16,934
2002-05-17,3783
2002-05-18,1484
2002-05-19,2448
2002-05-20,3422
2002-05-21,3462
2002-05-22,2117
2002-05-23,2411
2002-05-24,1671
2002-05-25,1411
2002-05-26,1421
2002-05-27,1427
2002-05-28,2214
2002-05-29,1648
2002-05-30,1179
2002-05-31,1176
2002-06-01,1387
2002-06-02,3013
2002-06-03,2672
2002-06-04,1701
2002-06-05,2339
2002-06-06,2352
2002-06-07,2764
2002-06-08,1253
2002-06-09,1603
2002-06-10,2280
2002-06-11,3521
2002-06-12,1534
2002-06-13,2425
2002-06-14,3677
2002-06-15,1241
2002-06-16,1209
2002-06-17,2563
2002-06-18,1857
2002-06-19,1141
2002-06-20,863
2002-06-21,659
2002-06-22,890
2002-06-23,1856
2002-06-24,1669
2002-06-25,2255
2002-06-26,2082
2002-06-27,1441
2002-06-28,2059
2002-06-29,1721
2002-06-30,2228
2002-07-01,2699
2002-07-02,2264
2002-07-03,2397
2002-07-04,1732
2002-07-05,2747
2002-07-06,1625
2002-07-07,1136
2002-07-08,2385
2002-07-09,2730
2002-07-10,1810
2002-07-11,796
2002-07-12,1154
2002-07-13,1241
2002-07-14,3076
2002-07-15,2040
2002-07-16,3084
2002-07-17,2986
2002-07-18,2047
2002-07-19,2573
2002-07-20,2584
2002-07-21,1808
2002-07-22,1578
2002-07-23,1268
2002-07-24,2917
2002-07-25,2123
2002-07-26,2083
2002-07-27,1097
2002-07-28,1596
2002-07-29,1742
2002-07-30,2056
2002-07-31,1492
2002-08-01,951
2002-08-02,2227
2002-08-03,1892
2002-08-04,2183
2002-08-05,2872
2002-08-06,3903
2002-08-07,4888
2002-08-08,2670
2002-08-09,2305
2002-08-10,2371
2002-08-11,2703
2002-08-12,2435
2002-08-13,1698
2002-08-14,1804
2002-08-15,996
2002-08-16,2348
2002-08-17,1095
2002-08-18,1067
2002-08-19,3431
2002-08-20,3989
2002-08-21,1498
2002-08-22,1912
2002-08-23,2518
2002-08-24,1426
2002-08-25,1397
2002-08-26,4151
2002-08-27,2062
2002-08-28,1291
2002-08-29,2004
2002-08-30,2182
2002-08-31,4879
2002-09-01,2406
2002-09-02,3641
2002-09-03,2605
2002-09-04,1914
2002-09-05,1991
2002-09-06,1603
2002-09-07,806
2002-09-08,1601
2002-09-09,1897
2002-09-10,1772
2002-09-11,1999
2002-09-12,2509
2002-09-13,2171
2002-09-14,1185
2002-09-15,1547
2002-09-16,1968
2002-09-17,2105
2002-09-18,1486
2002-09-19,1647
2002-09-20,1397
2002-09-21,1348
2002-09-22,2440
2002-09-23,1385
2002-09-24,2808
2002-09-25,3484
2002-09-26,1493
2002-09-27,2120
2002-09-28,1881
2002-09-29,1667
2002-09-30,1298
2002-10-01,2324
2002-10-02,2158
2002-10-03,1416
2002-10-04,1266
2002-10-05,1172
2002-10-06,1375
2002-10-07,2418
2002-10-08,1774
2002-10-09,1325
2002-10-10,2085
2002-10-11,1601
2002-10-12,680
2002-10-13,1697
2002-10-14,2260
2002-10-15,2115
2002-10-16,1820
2002-10-17,1940
2002-10-18,3065
2002-10-19,2254
2002-10-20,1431
2002-10-21,2742
2002-10-22,2756
2002-10-23,1427
2002-10-24,1569
2002-10-25,2046
2002-10-26,1631
2002-10-27,2379
2002-10-28,2602
2002-10-29,2328
2002-10-30,1216
2002-10-31,1176
2002-11-01,1736
2002-11-02,2011
2002-11-03,2966
2002-11-04,2072
2002-11-05,1641
2002-11-06,1539
2002-11-07,2197
2002-11-08,1719
2002-11-09,3579
2002-11-10,3344
2002-11-11,4657
2002-11-12,2458
2002-11-13,2988
2002-11-14,2253
2002-11-15,3824
2002-11-16,2121
2002-11-17,1137
2002-11-18,2323
2002-11-19,2018
2002-11-20,3666
2002-11-21,2221
2002-11-22,2285
2002-11-23,927
2002-11-24,2107
2002-11-25,1304
2002-11-26,1372
2002-11-27,2175
2002-11-28,901
2002-11-29,1887
2002-11-30,2476
2002-12-01,1409
2002-12-02,2157
2002-12-03,2150
2002-12-04,1161
2002-12-05,2052
2002-12-06,2439
2002-12-07,2116
2002-12-08,9662
2002-12-09,8222
2002-12-10,3097
2002-12-11,3900
2002-12-12,2474
2002-12-13,2773
2002-12-14,3070
2002-12-15,1773
2002-12-16,3660
2002-12-17,1388
2002-12-18,2448
2002-12-19,1945
2002-12-20,2889
2002-12-21,1372
2002-12-22,1938
2002-12-23,932
2002-12-24,2325
2002-12-25,1100
2002-12-26,1665
2002-12-27,1992
2002-12-28,2345
2002-12-29,2272
2002-12-30,1970
2002-12-31,2093
2003-01-01,2518
2003-01-02,2634
2003-01-03,2402
2003-01-04,1507
2003-01-05,1722
2003-01-06,3548
2003-01-07,2653
2003-01-08,1785
2003-01-09,1719
2003-01-10,2087
2003-01-11,4376
2003-01-12,4977
2003-01-13,3721
2003-01-14,5644
2003-01-15,5640
2003-01-16,5517
2003-01-17,4138
2003-01-18,4997
2003-01-19,4701
2003-01-20,3591
2003-01-21,5464
2003-01-22,3943
2003-01-23,3978
2003-01-24,3695
2003-01-25,3459
2003-01-26,4773
2003-01-27,3378
2003-01-28,3527
2003-01-29,3459
2003-01-30,2817
2003-01-31,3404
2003-02-01,2102
2003-02-02,2389
2003-02-03,4368
2003-02-04,2221
2003-02-05,5871
2003-02-06,6037
2003-02-07,4895
2003-02-08,4113
2003-02-09,4032
2003-02-10,3608
2003-02-11,2268
2003-02-12,2142
2003-02-13,3105
2003-02-14,2216
2003-02-15,2163
2003-02-16,2384
2003-02-17,2117
2003-02-18,2156
2003-02-19,2385
2003-02-20,2345
2003-02-21,2628
2003-02-22,2272
2003-02-23,2486
2003-02-24,2032
2003-02-25,3360
2003-02-26,2755
2003-02-27,5457
2003-02-28,5048
2003-03-01,2646
2003-03-02,3075
2003-03-03,3662
2003-03-04,4729
2003-03-05,5608
2003-03-06,3171
2003-03-07,3504
2003-03-08,3417
2003-03-09,4300
2003-03-10,5176
2003-03-11,6448
2003-03-12,4627
2003-03-13,2042
2003-03-14,1762
2003-03-15,1448
2003-03-16,2172
2003-03-17,1961
2003-03-18,2873
2003-03-19,3552
2003-03-20,967
2003-03-21,1361
2003-03-22,3259
2003-03-23,1873
2003-03-24,2920
2003-03-25,2169
2003-03-26,2120
2003-03-27,4384
2003-03-28,3098
2003-03-29,2053
2003-03-30,1867
2003-03-31,2899
2003-04-01,1243
2003-04-02,2928
2003-04-03,1936
2003-04-04,2168
2003-04-05,1584
2003-04-06,1975
2003-04-07,8418
2003-04-08,4080
2003-04-09,3958
2003-04-10,1934
2003-04-11,1927
2003-04-12,1152
2003-04-13,1734
2003-04-14,995
2003-04-15,563
2003-04-16,1955
2003-04-17,2501
2003-04-18,1687
2003-04-19,1376
2003-04-20,1541
2003-04-21,1990
2003-04-22,2462
2003-04-23,2373
2003-04-24,2415
2003-04-25,2776
2003-04-26,1778
2003-04-27,1788
2003-04-28,2202
2003-04-29,1854
2003-04-30,2957
2003-05-01,2963
2003-05-02,1151
2003-05-03,1377
2003-05-04,1808
2003-05-05,1812
2003-05-06,1397
2003-05-07,1320
2003-05-08,839
2003-05-09,2031
2003-05-10,1154
2003-05-11,1527
2003-05-12,1773
2003-05-13,1212
2003-05-14,1544
2003-05-15,3316
2003-05-16,4117
2003-05-17,3141
2003-05-18,2384
2003-05-19,3557
2003-05-20,3401
2003-05-21,4064
2003-05-22,4497
2003-05-23,5312
2003-05-24,3505
2003-05-25,3567
2003-05-26,4321
2003-05-27,3823
2003-05-28,3115
2003-05-29,4442
2003-05-30,4173
2003-05-31,3597
2003-06-01,4522
2003-06-02,3429
2003-06-03,1803
2003-06-04,1174
2003-06-05,3840
2003-06-06,3246
2003-06-07,2991
2003-06-08,3999
2003-06-09,4855
2003-06-10,3616
2003-06-11,3076
2003-06-12,2552
2003-06-13,2261
2003-06-14,2969
2003-06-15,2437
2003-06-16,1592
2003-06-17,2460
2003-06-18,4386
2003-06-19,2640
2003-06-20,3828
2003-06-21,1949
2003-06-22,2855
2003-06-23,2859
2003-06-24,3781
2003-06-25,2952
2003-06-26,1387
2003-06-27,2762
2003-06-28,2543
2003-06-29,1714
2003-06-30,3257
2003-07-01,1987
2003-07-02,1971
2003-07-03,1929
2003-07-04,1233
2003-07-05,2549
2003-07-06,2297
2003-07-07,3432
2003-07-08,1983
2003-07-09,5169
2003-07-10,2500
2003-07-11,2053
2003-07-12,2584
2003-07-13,2488
2003-07-14,3759
2003-07-15,2352
2003-07-16,1654
2003-07-17,2003
2003-07-18,1878
2003-07-19,1533
2003-07-20,2872
2003-07-21,2963
2003-07-22,2869
2003-07-23,1469
2003-07-24,3779
2003-07-25,2784
2003-07-26,8173
2003-07-27,4508
2003-07-28,6228
2003-07-29,5404
2003-07-30,5164
2003-07-31,3429
2003-08-01,3266
2003-08-02,3510
2003-08-03,3349
2003-08-04,3928
2003-08-05,2769
2003-08-06,1655
2003-08-07,1607
2003-08-08,2974
2003-08-09,1527
2003-08-10,3109
2003-08-11,2344
2003-08-12,1803
2003-08-13,2568
2003-08-14,2835
2003-08-15,1298
2003-08-16,1155
2003-08-17,888
2003-08-18,3043
2003-08-19,1858
2003-08-20,1637
2003-08-21,1223
2003-08-22,1757
2003-08-23,2928
2003-08-24,2481
2003-08-25,2927
2003-08-26,2670
2003-08-27,4207
2003-08-28,3039
2003-08-29,2770
2003-08-30,2820
2003-08-31,2816
2003-09-01,3819
2003-09-02,2193
2003-09-03,1751
2003-09-04,2920
2003-09-05,1572
2003-09-06,4103
2003-09-07,4401
2003-09-08,2067
2003-09-09,2504
2003-09-10,1109
2003-09-11,2219
2003-09-12,2607
2003-09-13,4568
2003-09-14,2760
2003-09-15,3384
2003-09-16,4574
2003-09-17,2416
2003-09-18,2014
2003-09-19,2009
2003-09-20,1380
2003-09-21,1533
2003-09-22,2410
2003-09-23,2842
2003-09-24,2519
2003-09-25,1787
2003-09-26,2132
2003-09-27,1160
2003-09-28,1939
2003-09-29,2070
2003-09-30,2655
2003-10-01,1872
2003-10-02,2594
2003-10-03,1739
2003-10-04,3225
2003-10-05,4384
2003-10-06,3695
2003-10-07,3277
2003-10-08,2408
2003-10-09,2174
2003-10-10,3033
2003-10-11,1999
2003-10-12,1165
2003-10-13,1892
2003-10-14,2356
2003-10-15,2063
2003-10-16,1262
2003-10-17,1657
2003-10-18,1384
2003-10-19,1024
2003-10-20,2757
2003-10-21,2277
2003-10-22,1727
2003-10-23,1562
2003-10-24,2127
2003-10-25,1598
2003-10-26,2570
2003-10-27,3832
2003-10-28,2613
2003-10-29,3466
2003-10-30,4229
2003-10-31,2021
2003-11-01,1976
2003-11-02,2566
2003-11-03,1807
2003-11-04,2895
2003-11-05,1919
2003-11-06,2904
2003-11-07,1404
2003-11-08,2354
2003-11-09,3506
2003-11-10,3470
2003-11-11,2987
2003-11-12,4553
2003-11-13,2093
2003-11-14,2262
2003-11-15,2190
2003-11-16,2308
2003-11-17,2958
2003-11-18,3580
2003-11-19,2469
2003-11-20,2365
2003-11-21,2087
2003-11-22,1923
2003-11-23,2388
2003-11-24,3150
2003-11-25,3321
2003-11-26,3737
2003-11-27,1958
2003-11-28,1988
2003-11-29,1262
2003-11-30,3076
2003-12-01,2846
2003-12-02,2756
2003-12-03,1574
2003-12-04,1463
2003-12-05,4242
2003-12-06,1833
2003-12-07,2715
2003-12-08,2576
2003-12-09,3498
2003-12-10,2276
2003-12-11,2534
2003-12-12,1615
2003-12-13,2480
2003-12-14,2617
2003-12-15,3954
2003-12-16,3302
2003-12-17,1960
2003-12-18,1282
2003-12-19,2321
2003-12-20,1270
2003-12-21,1968
2003-12-22,3985
2003-12-23,2371
2003-12-24,1759
2003-12-25,1262
2003-12-26,2170
2003-12-27,1930
2003-12-28,2868
2003-12-29,2660
2003-12-30,1958
2003-12-31,2246
2004-01-01,2956
2004-01-02,3255
2004-01-03,3593
2004-01-04,3641
2004-01-05,3154
2004-01-06,2657
2004-01-07,3188
2004-01-08,3038
2004-01-09,5236
2004-01-10,2535
2004-01-11,1646
2004-01-12,3173
2004-01-13,3555
2004-01-14,3521
2004-01-15,3739
2004-01-16,1962
2004-01-17,3438
2004-01-18,4066
2004-01-19,1717
2004-01-20,4690
2004-01-21,2955
2004-01-22,2683
2004-01-23,2252
2004-01-24,2739
2004-01-25,2911
2004-01-26,3101
2004-01-27,2997
2004-01-28,2160
2004-01-29,2890
2004-01-30,2255
2004-01-31,1195
2004-02-01,2002
2004-02-02,2129
2004-02-03,4335
2004-02-04,3191
2004-02-05,3421
2004-02-06,3355
2004-02-07,3584
2004-02-08,6151
2004-02-09,5383
2004-02-10,4728
2004-02-11,2994
2004-02-12,2492
2004-02-13,2947
2004-02-14,4060
2004-02-15,5903
2004-02-16,7901
2004-02-17,9706
2004-02-18,5387
2004-02-19,4883
2004-02-20,4204
2004-02-21,3975
2004-02-22,3558
2004-02-23,3667
2004-02-24,2960
2004-02-25,3683
2004-02-26,3990
2004-02-27,5734
2004-02-28,6036
2004-02-29,4733
2004-03-01,5376
2004-03-02,4549
2004-03-03,3599
2004-03-04,4703
2004-03-05,3292
2004-03-06,5016
2004-03-07,4346
2004-03-08,3652
2004-03-09,4424
2004-03-10,6708
2004-03-11,3195
2004-03-12,2141
2004-03-13,2845
2004-03-14,2902
2004-03-15,2651
2004-03-16,1770
2004-03-17,2608
2004-03-18,3211
2004-03-19,2249
2004-03-20,4117
2004-03-21,5925
2004-03-22,3421
2004-03-23,2127
2004-03-24,2554
2004-03-25,3763
2004-03-26,1813
2004-03-27,2679
2004-03-28,1902
2004-03-29,3028
2004-03-30,6781
2004-03-31,4399
2004-04-01,1406
2004-04-02,1992
2004-04-03,2439
2004-04-04,4037
2004-04-05,3753
2004-04-06,3253
2004-04-07,3363
2004-04-08,3079
2004-04-09,2003
2004-04-10,2555
2004-04-11,4238
2004-04-12,3185
2004-04-13,3380
2004-04-14,1858
2004-04-15,2137
2004-04-16,2532
2004-04-17,2899
2004-04-18,1626
2004-04-19,2557
2004-04-20,1773
2004-04-21,2092
2004-04-22,1920
2004-04-23,1783
2004-04-24,1336
2004-04-25,3442
2004-04-26,4044
2004-04-27,2767
2004-04-28,2724
2004-04-29,2691
2004-04-30,2133
2004-05-01,1662
2004-05-02,2277
2004-05-03,2482
2004-05-04,3608
2004-05-05,3213
2004-05-06,2677
2004-05-07,1996
2004-05-08,479
2004-05-10,611
2004-05-11,4750
2004-05-12,4465
2004-05-13,2962
2004-05-14,2616
2004-05-15,2113
2004-05-16,1871
2004-05-17,4306
2004-05-18,2862
2004-05-19,1568
2004-05-20,3448
2004-05-21,2576
2004-05-22,1759
2004-05-23,2656
2004-05-24,9286
2004-05-25,8172
2004-05-26,4571
2004-05-27,3282
2004-05-28,2766
2004-05-29,3431
2004-05-30,2617
2004-05-31,4690
2004-06-01,4294
2004-06-02,2551
2004-06-03,2542
2004-06-04,4021
2004-06-05,4722
2004-06-06,3669
2004-06-07,3928
2004-06-08,1353
2004-06-09,4443
2004-06-10,2916
2004-06-11,4379
2004-06-12,2210
2004-06-13,2435
2004-06-14,2659
2004-06-15,2888
2004-06-16,1735
2004-06-17,3326
2004-06-18,3664
2004-06-19,2238
2004-06-20,1970
2004-06-21,2113
2004-06-22,2269
2004-06-23,1413
2004-06-24,1711
2004-06-25,1704
2004-06-26,1794
2004-06-27,1632
2004-06-28,2868
2004-06-29,4426
2004-06-30,3403
2004-07-01,1848
2004-07-02,3078
2004-07-03,1425
2004-07-04,2252
2004-07-05,2095
2004-07-06,5113
2004-07-07,2871
2004-07-08,2926
2004-07-09,3717
2004-07-10,2871
2004-07-11,3352
2004-07-12,3335
2004-07-13,2761
2004-07-14,3788
2004-07-15,2534
2004-07-16,2035
2004-07-17,3468
2004-07-18,2397
2004-07-19,2971
2004-07-20,4491
2004-07-21,3006
2004-07-22,1766
2004-07-23,2537
2004-07-24,1633
2004-07-25,2843
2004-07-26,3873
2004-07-27,3905
2004-07-28,3458
2004-07-29,1514
2004-07-30,4532
2004-07-31,2640
2004-08-01,2411
2004-08-02,4030
2004-08-03,3356
2004-08-04,9904
2004-08-05,4025
2004-08-06,3047
2004-08-07,1442
2004-08-08,2914
2004-08-09,6229
2004-08-10,6852
2004-08-11,3179
2004-08-12,3492
2004-08-13,2976
2004-08-14,2638
2004-08-15,3241
2004-08-16,3548
2004-08-17,2109
2004-08-18,3257
2004-08-19,2126
2004-08-20,2828
2004-08-21,3229
2004-08-22,2832
2004-08-23,2587
2004-08-24,1842
2004-08-25,2752
2004-08-26,2836
2004-08-27,2794
2004-08-28,2489
2004-08-29,2912
2004-08-30,5622
2004-08-31,4436
2004-09-01,7812
2004-09-02,3942
2004-09-03,4322
2004-09-04,3066
2004-09-05,3502
2004-09-06,2653
2004-09-07,2489
2004-09-08,3592
2004-09-09,5210
2004-09-10,3676
2004-09-11,5278
2004-09-12,3945
2004-09-13,3579
2004-09-14,3119
2004-09-15,1218
2004-09-16,2414
2004-09-17,2776
2004-09-18,2291
2004-09-19,3470
2004-09-20,3317
2004-09-21,4662
2004-09-22,3935
2004-09-23,2441
2004-09-24,3380
2004-09-25,2296
2004-09-26,1250
2004-09-27,300
2004-09-28,70
2004-09-29,3797
2004-09-30,1681
2004-10-01,2389
2004-10-02,1751
2004-10-03,2718
2004-10-04,2687
2004-10-05,3902
2004-10-06,3071
2004-10-07,1914
2004-10-08,2607
2004-10-09,1770
2004-10-10,1939
2004-10-11,2669
2004-10-12,4724
2004-10-13,5556
2004-10-14,3996
2004-10-15,4251
2004-10-16,3215
2004-10-17,2513
2004-10-18,4538
2004-10-19,1783
2004-10-20,2449
2004-10-21,1976
2004-10-22,2124
2004-10-23,1207
2004-10-24,2219
2004-10-25,3628
2004-10-26,2948
2004-10-27,1617
2004-10-28,3571
2004-10-29,1577
2004-10-30,1437
2004-10-31,2897
2004-11-01,1825
2004-11-02,2852
2004-11-03,1866
2004-11-04,3229
2004-11-05,1786
2004-11-06,1920
2004-11-07,3123
2004-11-08,1847
2004-11-09,3955
2004-11-10,2524
2004-11-11,2660
2004-11-12,2530
2004-11-13,4122
2004-11-14,2850
2004-11-15,2963
2004-11-16,2757
2004-11-17,2292
2004-11-18,2824
2004-11-19,5121
2004-11-20,3080
2004-11-21,2853
2004-11-22,2531
2004-11-23,5035
2004-11-24,2691
2004-11-25,2987
2004-11-26,2492
2004-11-27,2543
2004-11-28,3083
2004-11-29,3726
2004-11-30,3770
2004-12-01,2801
2004-12-02,2262
2004-12-03,2890
2004-12-04,2947
2004-12-05,2416
2004-12-06,2632
2004-12-07,2433
2004-12-08,1748
2004-12-09,2289
2004-12-10,2611
2004-12-11,1442
2004-12-12,2222
2004-12-13,3115
2004-12-14,3085
2004-12-15,1474
2004-12-16,1718
2004-12-17,1187
2004-12-18,2334
2004-12-19,1798
2004-12-20,2530
2004-12-21,1919
2004-12-22,4730
2004-12-23,4938
2004-12-24,3119
2004-12-25,2349
2004-12-26,1720
2004-12-27,2969
2004-12-28,3080
2004-12-29,2137
2004-12-30,3060
2004-12-31,3399
2005-01-01,3251
2005-01-02,3606
2005-01-03,3728
2005-01-04,3307
2005-01-05,4112
2005-01-06,2785
2005-01-07,2934
2005-01-08,2567
2005-01-09,3720
2005-01-10,6896
2005-01-11,9729
2005-01-12,2694
2005-01-13,6547
2005-01-14,3726
2005-01-15,3638
2005-01-16,3184
2005-01-17,3009
2005-01-18,4685
2005-01-19,1856
2005-01-20,2541
2005-01-21,4883
2005-01-22,4942
2005-01-23,3086
2005-01-24,3441
2005-01-25,2743
2005-01-26,2374
2005-01-27,4961
2005-01-28,4553
2005-01-29,3090
2005-01-30,4524
2005-01-31,18709
2005-02-01,9660
2005-02-02,6923
2005-02-03,5701
2005-02-04,5528
2005-02-05,4857
2005-02-06,4726
2005-02-07,8360
2005-02-08,10639
2005-02-09,4275
2005-02-10,3861
2005-02-11,6574
2005-02-12,5296
2005-02-13,3638
2005-02-14,3616
2005-02-15,5772
2005-02-16,7578
2005-02-17,4648
2005-02-18,3508
2005-02-19,4791
2005-02-20,380
2005-02-21,4942
2005-02-22,5037
2005-02-23,4086
2005-02-24,2944
2005-02-25,3614
2005-02-26,1833
2005-02-27,2657
2005-02-28,4047
2005-03-01,2203
2005-03-02,4205
2005-03-03,4409
2005-03-04,6360
2005-03-05,5160
2005-03-06,6719
2005-03-07,7380
2005-03-08,5711
2005-03-09,4388
2005-03-10,3022
2005-03-11,2829
2005-03-12,2751
2005-03-13,3668
2005-03-14,2803
2005-03-15,3877
2005-03-16,3547
2005-03-17,9719
2005-03-18,8524
2005-03-19,5599
2005-03-20,6372
2005-03-21,5039
2005-03-22,74922
2005-03-23,51465
2005-03-24,24909
2005-03-25,24125
2005-03-26,9014
2005-03-27,8011
2005-03-28,11268
2005-03-29,10841
2005-03-30,11393
2005-03-31,8150
2005-04-01,26518
2005-04-02,22270
2005-04-03,12302
2005-04-04,8778
2005-04-05,12037
2005-04-06,7592
2005-04-07,6279
2005-04-08,5941
2005-04-09,4912
2005-04-10,4459
2005-04-11,8341
2005-04-12,4588
2005-04-13,6075
2005-04-14,5725
2005-04-15,4797
2005-04-16,3638
2005-04-17,3688
2005-04-18,6869
2005-04-19,4511
2005-04-20,3998
2005-04-21,5152
2005-04-22,5765
2005-04-23,3971
2005-04-24,6072
2005-04-25,4965
2005-04-26,4630
2005-04-27,4041
2005-04-28,6653
2005-04-29,5155
2005-04-30,2957
2005-05-01,4867
2005-05-02,3501
2005-05-03,3752
2005-05-04,3189
2005-05-05,5995
2005-05-06,6805
2005-05-07,4075
2005-05-08,6014
2005-05-09,5228
2005-05-10,4148
2005-05-11,5534
2005-05-12,4859
2005-05-13,5301
2005-05-14,3709
2005-05-15,5651
2005-05-16,6379
2005-05-17,2601
2005-05-18,3912
2005-05-19,4008
2005-05-20,4538
2005-05-21,3631
2005-05-22,2619
2005-05-23,3209
2005-05-24,4358
2005-05-25,9214
2005-05-26,12502
2005-05-27,6062
2005-05-28,3612
2005-05-29,4962
2005-05-30,6992
2005-05-31,6398
2005-06-01,4023
2005-06-02,4878
2005-06-03,5951
2005-06-04,3557
2005-06-05,3316
2005-06-06,6327
2005-06-07,8956
2005-06-08,8106
2005-06-09,4961
2005-06-10,4949
2005-06-11,3281
2005-06-12,2520
2005-06-13,5316
2005-06-14,6321
2005-06-15,5212
2005-06-16,4327
2005-06-17,4783
2005-06-18,4318
2005-06-19,2797
2005-06-20,5613
2005-06-21,3826
2005-06-22,3059
2005-06-23,4127
2005-06-24,3790
2005-06-25,2396
2005-06-26,4830
2005-06-27,3636
2005-06-28,6563
2005-06-29,5849
2005-06-30,5032
2005-07-01,3698
2005-07-02,3566
2005-07-03,3127
2005-07-04,3850
2005-07-05,5005
2005-07-06,4008
2005-07-07,4577
2005-07-08,2628
2005-07-09,2778
2005-07-10,3890
2005-07-11,4675
2005-07-12,3634
2005-07-13,2316
2005-07-14,5400
2005-07-15,4444
2005-07-16,2757
2005-07-17,2714
2005-07-18,4813
2005-07-19,4863
2005-07-20,5206
2005-07-21,3643
2005-07-22,3337
2005-07-23,3484
2005-07-24,6290
2005-07-25,5678
2005-07-26,5698
2005-07-27,3174
2005-07-28,3053
2005-07-29,3027
2005-07-30,2766
2005-07-31,3609
2005-08-01,4112
2005-08-02,3203
2005-08-03,4211
2005-08-04,4080
2005-08-05,3218
2005-08-06,2562
2005-08-07,3928
2005-08-08,3473
2005-08-09,2099
2005-08-10,2096
2005-08-11,2975
2005-08-12,3231
2005-08-13,1925
2005-08-14,2824
2005-08-15,3684
2005-08-16,2710
2005-08-17,2670
2005-08-18,2836
2005-08-19,2678
2005-08-20,2805
2005-08-21,4273
2005-08-22,5282
2005-08-23,3880
2005-08-24,2167
2005-08-25,2708
2005-08-26,2321
2005-08-27,2102
2005-08-28,4921
2005-08-29,3392
2005-08-30,1273
2005-08-31,4389
2005-09-01,2159
2005-09-02,2994
2005-09-03,3870
2005-09-04,3893
2005-09-05,1762
2005-09-06,5568
2005-09-07,5346
2005-09-08,3847
2005-09-09,2901
2005-09-10,2259
2005-09-11,1945
2005-09-12,3411
2005-09-13,3099
2005-09-14,1307
2005-09-15,4568
2005-09-16,2353
2005-09-17,2677
2005-09-18,3965
2005-09-19,4916
2005-09-20,5906
2005-09-21,5165
2005-09-22,5061
2005-09-23,4472
2005-09-24,3332
2005-09-25,3809
2005-09-26,1183
2005-09-27,3445
2005-09-28,3427
2005-09-29,3121
2005-09-30,3134
2005-10-01,2492
2005-10-02,2701
2005-10-03,3256
2005-10-04,2177
2005-10-05,2998
2005-10-06,2268
2005-10-07,3478
2005-10-08,2672
2005-10-09,3288
2005-10-10,2712
2005-10-11,3409
2005-10-12,2286
2005-10-13,3390
2005-10-14,2888
2005-10-15,4075
2005-10-16,3029
2005-10-17,4275
2005-10-18,8207
2005-10-19,3242
2005-10-20,3305
2005-10-21,3479
2005-10-22,2016
2005-10-23,4251
2005-10-24,4821
2005-10-25,3299
2005-10-26,4100
2005-10-27,1732
2005-10-28,2900
2005-10-29,2133
2005-10-30,1596
2005-10-31,1815
2005-11-01,3531
2005-11-02,3449
2005-11-03,3531
2005-11-04,3074
2005-11-05,3064
2005-11-06,4099
2005-11-07,4045
2005-11-08,5094
2005-11-09,3312
2005-11-10,3360
2005-11-11,3503
2005-11-12,3872
2005-11-13,5126
2005-11-14,3336
2005-11-15,4740
2005-11-16,3235
2005-11-17,3425
2005-11-18,3468
2005-11-19,1935
2005-11-20,4149
2005-11-21,3621
2005-11-22,2385
2005-11-23,4559
2005-11-24,1634
2005-11-25,2364
2005-11-26,2573
2005-11-27,3054
2005-11-28,3654
2005-11-29,4232
2005-11-30,4405
2005-12-01,3765
2005-12-02,2213
2005-12-03,2095
2005-12-04,3180
2005-12-05,3295
2005-12-06,2112
2005-12-07,2853
2005-12-08,2393
2005-12-09,1816
2005-12-10,1407
2005-12-11,2769
2005-12-12,2920
2005-12-13,3574
2005-12-14,5844
2005-12-15,2155
2005-12-16,2101
2005-12-17,3523
2005-12-18,2398
2005-12-19,2471
2005-12-20,3466
2005-12-21,3444
2005-12-22,2942
2005-12-23,1811
2005-12-24,2014
2005-12-25,1856
2005-12-26,2230
2005-12-27,4711
2005-12-28,4279
2005-12-29,7371
2005-12-30,6712
2005-12-31,3484
2006-01-01,3562
2006-01-02,5084
2006-01-03,5611
2006-01-04,6151
2006-01-05,3653
2006-01-06,3068
2006-01-07,4545
2006-01-08,5869
2006-01-09,7841
2006-01-10,4748
2006-01-11,3214
2006-01-12,2870
2006-01-13,4160
2006-01-14,4103
2006-01-15,3213
2006-01-16,2985
2006-01-17,6873
2006-01-18,4101
2006-01-19,2593
2006-01-20,2349
2006-01-21,2391
2006-01-22,3232
2006-01-23,4731
2006-01-24,3229
2006-01-25,3364
2006-01-26,4029
2006-01-27,3310
2006-01-28,2485
2006-01-29,3039
2006-01-30,3486
2006-01-31,2869
2006-02-01,3659
2006-02-02,2425
2006-02-03,3551
2006-02-04,3438
2006-02-05,3016
2006-02-06,3519
2006-02-07,4842
2006-02-08,2538
2006-02-09,6669
2006-02-10,3120
2006-02-11,3408
2006-02-12,3014
2006-02-13,4012
2006-02-14,3613
2006-02-15,4000
2006-02-16,3536
2006-02-17,4497
2006-02-18,3019
2006-02-19,4086
2006-02-20,2672
2006-02-21,4125
2006-02-22,2111
2006-02-23,2267
2006-02-24,2959
2006-02-25,2587
2006-02-26,2799
2006-02-27,3345
2006-02-28,3319
2006-03-01,2109
2006-03-02,2752
2006-03-03,3194
2006-03-04,4490
2006-03-05,3689
2006-03-06,5938
2006-03-07,5030
2006-03-08,3709
2006-03-09,3185
2006-03-10,4092
2006-03-11,3630
2006-03-12,2551
2006-03-13,2839
2006-03-14,2978
2006-03-15,3946
2006-03-16,4039
2006-03-17,6116
2006-03-18,3826
2006-03-19,3792
2006-03-20,3459
2006-03-21,4509
2006-03-22,4138
2006-03-23,4170
2006-03-24,1710
2006-03-25,3405
2006-03-26,2841
2006-03-27,4405
2006-03-28,3880
2006-03-29,3925
2006-03-30,2816
2006-03-31,2122
2006-04-01,1899
2006-04-02,3460
2006-04-03,3082
2006-04-04,3141
2006-04-05,2708
2006-04-06,2483
2006-04-07,3333
2006-04-08,2316
2006-04-09,3089
2006-04-10,4495
2006-04-11,4448
2006-04-12,4478
2006-04-13,3578
2006-04-14,2930
2006-04-15,1303
2006-04-16,1853
2006-04-17,3692
2006-04-18,5934
2006-04-19,2616
2006-04-20,5941
2006-04-21,5583
2006-04-22,4845
2006-04-23,1463
2006-04-24,3985
2006-04-25,4084
2006-04-26,4215
2006-04-27,2995
2006-04-28,3180
2006-04-29,2738
2006-04-30,2906
2006-05-01,3004
2006-05-02,2864
2006-05-03,2922
2006-05-04,2144
2006-05-05,1740
2006-05-06,3331
2006-05-07,4312
2006-05-08,3872
2006-05-09,2819
2006-05-10,1876
2006-05-11,2062
2006-05-12,1771
2006-05-13,1935
2006-05-14,2502
2006-05-15,2359
2006-05-16,1875
2006-05-17,2758
2006-05-18,2042
2006-05-19,1848
2006-05-20,1967
2006-05-21,4465
2006-05-22,2275
2006-05-23,1960
2006-05-24,2007
2006-05-25,2125
2006-05-26,2694
2006-05-27,2126
2006-05-28,4324
2006-05-29,3063
2006-05-30,2609
2006-05-31,4295
2006-06-01,2627
2006-06-02,2153
2006-06-03,2891
2006-06-04,3461
2006-06-05,2743
2006-06-06,4028
2006-06-07,4166
2006-06-08,5723
2006-06-09,2559
2006-06-10,4033
2006-06-11,3167
2006-06-12,3222
2006-06-13,3172
2006-06-14,2893
2006-06-15,1944
2006-06-16,1721
2006-06-17,2901
2006-06-18,2260
2006-06-19,2684
2006-06-20,4310
2006-06-21,3179
2006-06-22,1938
2006-06-23,2179
2006-06-24,1271
2006-06-26,2679
2006-06-27,2199
2006-06-28,2474
2006-06-29,2987
2006-06-30,2467
2006-07-01,3741
2006-07-02,2666
2006-07-03,2872
2006-07-04,2778
2006-07-05,1859
2006-07-06,1796
2006-07-07,3106
2006-07-08,3315
2006-07-09,2136
2006-07-10,3806
2006-07-11,4852
2006-07-12,4729
2006-07-13,2104
2006-07-14,4429
2006-07-15,2750
2006-07-16,2428
2006-07-17,3630
2006-07-18,3242
2006-07-19,1866
2006-07-20,3983
2006-07-21,2531
2006-07-22,3417
2006-07-23,3347
2006-07-24,6261
2006-07-25,6137
2006-07-26,5810
2006-07-27,4310
2006-07-28,3294
2006-07-29,2303
2006-07-30,2804
2006-07-31,3834
2006-08-01,3873
2006-08-02,2577
2006-08-03,1827
2006-08-04,2532
2006-08-05,1256
2006-08-06,3566
2006-08-07,2414
2006-08-08,2485
2006-08-09,2339
2006-08-10,2129
2006-08-11,2632
2006-08-12,2400
2006-08-13,2772
2006-08-14,4528
2006-08-15,3333
2006-08-16,2049
2006-08-17,1369
2006-08-18,1486
2006-08-19,1119
2006-08-20,2986
2006-08-21,2755
2006-08-22,2705
2006-08-23,2998
2006-08-24,2809
2006-08-25,2436
2006-08-26,2058
2006-08-27,2658
2006-08-28,3201
2006-08-29,3181
2006-08-30,3402
2006-08-31,1928
2006-09-01,1613
2006-09-02,1865
2006-09-03,3447
2006-09-04,2445
2006-09-05,2133
2006-09-06,3131
2006-09-07,1697
2006-09-08,3817
2006-09-09,3314
2006-09-10,4363
2006-09-11,3723
2006-09-12,3379
2006-09-13,1517
2006-09-14,1825
2006-09-15,1540
2006-09-16,2030
2006-09-17,4573
2006-09-18,2310
2006-09-19,2859
2006-09-20,2737
2006-09-21,1230
2006-09-22,1439
2006-09-23,1417
2006-09-24,1608
2006-09-25,3886
2006-09-26,3696
2006-09-27,1512
2006-09-28,2225
2006-09-29,1572
2006-09-30,1858
2006-10-01,2142
2006-10-02,5284
2006-10-03,3264
2006-10-04,2848
2006-10-05,3452
2006-10-06,2922
2006-10-07,1691
2006-10-08,4462
2006-10-09,2689
2006-10-10,4156
2006-10-11,3969
2006-10-12,2984
2006-10-13,2668
2006-10-14,1489
2006-10-15,2782
2006-10-16,3653
2006-10-17,3618
2006-10-18,4237
2006-10-19,3617
2006-10-20,3143
2006-10-21,2562
2006-10-22,3791
2006-10-23,1666
2006-10-24,1439
2006-10-25,2541
2006-10-26,2296
2006-10-27,2351
2006-10-28,1733
2006-10-29,2219
2006-10-30,2870
2006-10-31,2182
2006-11-01,1419
2006-11-02,1513
2006-11-03,1870
2006-11-04,1814
2006-11-05,2806
2006-11-06,4154
2006-11-07,4375
2006-11-08,2088
2006-11-09,2334
2006-11-10,4445
2006-11-11,2017
2006-11-12,2509
2006-11-13,4183
2006-11-14,3592
2006-11-15,2730
2006-11-16,3139
2006-11-17,1988
2006-11-18,1331
2006-11-19,1866
2006-11-20,3353
2006-11-21,1969
2006-11-22,1497
2006-11-23,3102
2006-11-24,3665
2006-11-25,1975
2006-11-26,3291
2006-11-27,2959
2006-11-28,2224
2006-11-29,3065
2006-11-30,2776
2006-12-01,2041
2006-12-02,2992
2006-12-03,2911
2006-12-04,5892
2006-12-05,2886
2006-12-06,3946
2006-12-07,3974
2006-12-08,4928
2006-12-09,4943
2006-12-10,2919
2006-12-11,5405
2006-12-12,2362
2006-12-13,4412
2006-12-14,4715
2006-12-15,3383
2006-12-16,3179
2006-12-17,4573
2006-12-18,2329
2006-12-19,2421
2006-12-20,3809
2006-12-21,1899
2006-12-22,2163
2006-12-23,2914
2006-12-24,1578
2006-12-25,1708
2006-12-26,3801
2006-12-27,5051
2006-12-28,5324
2006-12-29,4728
2006-12-30,2861
2006-12-31,3249
2007-01-01,3157
2007-01-02,7789
2007-01-03,4144
2007-01-04,7390
2007-01-05,6652
2007-01-06,4307
2007-01-07,4421
2007-01-08,1779
2007-01-09,5995
2007-01-10,3449
2007-01-11,2448
2007-01-12,1943
2007-01-13,1559
2007-01-14,1752
2007-01-15,4360
2007-01-16,2932
2007-01-17,3435
2007-01-18,3312
2007-01-19,3283
2007-01-20,3814
2007-01-21,2963
2007-01-22,5062
2007-01-23,5460
2007-01-24,2812
2007-01-25,2905
2007-01-26,4271
2007-01-27,3422
2007-01-28,4772
2007-01-29,3069
2007-01-30,2550
2007-01-31,1036
2007-02-01,4444
2007-02-02,4038
2007-02-03,4893
2007-02-04,5635
2007-02-05,3554
2007-02-06,2578
2007-02-07,1963
2007-02-08,2219
2007-02-09,2317
2007-02-10,3622
2007-02-11,4719
2007-02-12,3366
2007-02-13,3174
2007-02-14,2314
2007-02-15,4295
2007-02-16,7339
2007-02-17,4251
2007-02-18,4456
2007-02-19,2881
2007-02-20,1959
2007-02-21,4259
2007-02-22,4210
2007-02-23,4317
2007-02-24,1901
2007-02-25,3542
2007-02-26,3294
2007-02-27,2553
2007-02-28,4968
2007-03-01,3351
2007-03-02,3769
2007-03-03,2144
2007-03-04,3862
2007-03-05,2629
2007-03-06,3226
2007-03-07,3932
2007-03-08,4848
2007-03-09,1794
2007-03-10,2453
2007-03-11,2128
2007-03-12,4369
2007-03-13,3026
2007-03-14,1990
2007-03-15,3023
2007-03-16,3821
2007-03-17,2505
2007-03-18,4437
2007-03-19,4164
2007-03-20,3722
2007-03-21,4224
2007-03-22,2620
2007-03-23,3054
2007-03-24,2284
2007-03-25,3141
2007-03-26,860
2007-03-27,3793
2007-03-28,4261
2007-03-29,1589
2007-03-30,2920
2007-03-31,2021
2007-04-01,1691
2007-04-02,2279
2007-04-03,4182
2007-04-04,4631
2007-04-05,2622
2007-04-06,2286
2007-04-07,1655
2007-04-08,3532
2007-04-09,3991
2007-04-10,3008
2007-04-11,2141
2007-04-12,1844
2007-04-13,2723
2007-04-14,1944
2007-04-15,2480
2007-04-16,2302
2007-04-17,2126
2007-04-18,1586
2007-04-19,3783
2007-04-20,2610
2007-04-21,1729
2007-04-22,3004
2007-04-23,2921
2007-04-24,2013
2007-04-25,1957
2007-04-26,2612
2007-04-27,2223
2007-04-28,2439
2007-04-29,3298
2007-04-30,3694
2007-05-01,2873
2007-05-02,2720
2007-05-03,1376
2007-05-04,2076
2007-05-05,1676
2007-05-06,2622
2007-05-07,2288
2007-05-08,4055
2007-05-09,2959
2007-05-10,3081
2007-05-11,1974
2007-05-12,2070
2007-05-13,2754
2007-05-14,3249
2007-05-15,2692
2007-05-16,1391
2007-05-17,1972
2007-05-18,1395
2007-05-19,2510
2007-05-20,4123
2007-05-21,3900
2007-05-22,2300
2007-05-23,2932
2007-05-24,2240
2007-05-25,1911
2007-05-26,2838
2007-05-27,3052
2007-05-28,2661
2007-05-29,2949
2007-05-30,5093
2007-05-31,2555
2007-06-01,2530
2007-06-02,2453
2007-06-03,3783
2007-06-04,2889
2007-06-05,3455
2007-06-06,6379
2007-06-07,3494
2007-06-08,2219
2007-06-09,3026
2007-06-10,3993
2007-06-11,3363
2007-06-12,2459
2007-06-13,3509
2007-06-14,1967
2007-06-15,2918
2007-06-16,1932
2007-06-17,2526
2007-06-18,2750
2007-06-19,2653
2007-06-20,1893
2007-06-21,2272
2007-06-22,2871
2007-06-23,3564
2007-06-24,3901
2007-06-25,4339
2007-06-26,2001
2007-06-27,3574
2007-06-28,5469
2007-06-29,2104
2007-06-30,1539
2007-07-01,3539
2007-07-02,1515
2007-07-03,2814
2007-07-04,6045
2007-07-05,3993
2007-07-06,3702
2007-07-07,1786
2007-07-08,1745
2007-07-09,2795
2007-07-10,3389
2007-07-11,3087
2007-07-12,2683
2007-07-13,3022
2007-07-14,1936
2007-07-15,3066
2007-07-16,3566
2007-07-17,3459
2007-07-18,2729
2007-07-19,1708
2007-07-20,1259
2007-07-21,2232
2007-07-22,2356
2007-07-23,3027
2007-07-24,9194
2007-07-25,2714
2007-07-26,2443
2007-07-27,2033
2007-07-28,2488
2007-07-29,2329
2007-07-30,2793
2007-07-31,2476
2007-08-01,967
2007-08-02,1822
2007-08-03,3230
2007-08-04,1489
2007-08-05,1204
2007-08-06,1522
2007-08-07,3626
2007-08-08,2150
2007-08-09,2642
2007-08-10,2366
2007-08-11,1238
2007-08-12,1348
2007-08-13,1625
2007-08-14,2016
2007-08-15,2131
2007-08-16,726
2007-08-17,1133
2007-08-18,1371
2007-08-19,3565
2007-08-20,2355
2007-08-21,3103
2007-08-22,1839
2007-08-23,1860
2007-08-24,1987
2007-08-25,786
2007-08-26,1668
2007-08-27,1188
2007-08-28,3212
2007-08-29,1849
2007-08-30,1293
2007-08-31,1619
2007-09-01,1621
2007-09-02,1799
2007-09-03,1585
2007-09-04,1034
2007-09-05,1938
2007-09-06,894
2007-09-07,1381
2007-09-08,1103
2007-09-09,2132
2007-09-10,1900
2007-09-11,2953
2007-09-12,2422
2007-09-13,2179
2007-09-14,2109
2007-09-15,2014
2007-09-16,2224
2007-09-17,2139
2007-09-18,1941
2007-09-19,2843
2007-09-20,4620
2007-09-21,3178
2007-09-22,2649
2007-09-23,2427
2007-09-24,2326
2007-09-25,1034
2007-09-26,1528
2007-09-27,2530
2007-09-28,943
2007-09-29,2184
2007-09-30,300
2007-10-01,2391
2007-10-02,3846
2007-10-03,1343
2007-10-04,3549
2007-10-05,2162
2007-10-06,2076
2007-10-07,1962
2007-10-08,2355
2007-10-09,1802
2007-10-10,2287
2007-10-11,1562
2007-10-12,2215
2007-10-13,1442
2007-10-14,2315
2007-10-15,3666
2007-10-16,3247
2007-10-17,2885
2007-10-18,3215
2007-10-19,2287
2007-10-20,1569
2007-10-21,2490
2007-10-22,2923
2007-10-23,3832
2007-10-24,2544
2007-10-25,3439
2007-10-26,2257
2007-10-27,3083
2007-10-28,2704
2007-10-29,3293
2007-10-30,2079
2007-10-31,1612
2007-11-01,2607
2007-11-02,2059
2007-11-03,2396
2007-11-04,3463
2007-11-05,1617
2007-11-06,2898
2007-11-07,5042
2007-11-08,2207
2007-11-09,3673
2007-11-10,3408
2007-11-11,2475
2007-11-12,2606
2007-11-13,2325
2007-11-14,1740
2007-11-15,1081
2007-11-16,1905
2007-11-17,2650
2007-11-18,2783
2007-11-19,2861
2007-11-20,2235
2007-11-21,2989
2007-11-22,1919
2007-11-23,2893
2007-11-24,2854
2007-11-25,3304
2007-11-26,3155
2007-11-27,2348
2007-11-28,3161
2007-11-29,3312
2007-11-30,2828
2007-12-01,2615
2007-12-02,3644
2007-12-03,3655
2007-12-04,5138
2007-12-05,2180
2007-12-06,2947
2007-12-07,2906
2007-12-08,2928
2007-12-09,5019
2007-12-10,2796
2007-12-11,2844
2007-12-12,1964
2007-12-13,2331
2007-12-14,1834
2007-12-15,1643
2007-12-16,3520
2007-12-17,2222
2007-12-18,2493
2007-12-19,3294
2007-12-20,1901
2007-12-21,2092
2007-12-22,1702
2007-12-23,1914
2007-12-24,2248
2007-12-25,1365
2007-12-26,1931
2007-12-27,2418
2007-12-28,4183
2007-12-29,2770
2007-12-30,2809
2007-12-31,3816
2008-01-01,3637
2008-01-02,4010
2008-01-03,3676
2008-01-04,3528
2008-01-05,4093
2008-01-06,3046
2008-01-07,2499
2008-01-08,2767
2008-01-09,2728
2008-01-10,2203
2008-01-11,1791
2008-01-12,3904
2008-01-13,3490
2008-01-14,2687
2008-01-15,1385
2008-01-16,2807
2008-01-17,3713
2008-01-18,2032
2008-01-19,2837
2008-01-20,4389
2008-01-21,5061
2008-01-22,4129
2008-01-23,2853
2008-01-24,2980
2008-01-25,4826
2008-01-26,3782
2008-01-27,5694
2008-01-28,4724
2008-01-29,2325
2008-01-30,2415
2008-01-31,3564
2008-02-01,3355
2008-02-02,2268
2008-02-03,3777
2008-02-04,4325
2008-02-05,3304
2008-02-06,2571
2008-02-07,2435
2008-02-08,3097
2008-02-09,794
2008-02-10,4756
2008-02-11,3915
2008-02-12,4311
2008-02-13,3274
2008-02-14,1859
2008-02-15,2541
2008-02-16,2209
2008-02-17,2565
2008-02-18,4799
2008-02-19,2674
2008-02-20,2078
2008-02-21,2483
2008-02-22,3290
2008-02-23,3039
2008-02-24,3165
2008-02-25,1792
2008-02-26,3242
2008-02-27,3267
2008-02-28,2454
2008-02-29,2272
2008-03-01,2277
2008-03-02,3201
2008-03-03,1979
2008-03-04,1684
2008-03-05,1870
2008-03-06,3508
2008-03-07,1907
2008-03-08,2881
2008-03-09,2967
2008-03-10,3182
2008-03-11,1532
2008-03-12,2061
2008-03-13,3239
2008-03-14,2298
2008-03-15,1784
2008-03-16,2239
2008-03-17,1683
2008-03-18,2372
2008-03-19,1257
2008-03-20,1422
2008-03-21,1640
2008-03-22,1891
2008-03-23,2915
2008-03-24,4450
2008-03-25,2361
2008-03-26,7471
2008-03-27,3660
2008-03-28,3002
2008-03-29,1632
2008-03-30,3512
2008-03-31,2724
2008-04-01,1937
2008-04-02,474
2008-04-03,1648
2008-04-04,2762
2008-04-05,1838
2008-04-06,2665
2008-04-07,2920
2008-04-08,2238
2008-04-09,2375
2008-04-10,2889
2008-04-11,2823
2008-04-12,2585
2008-04-13,1030
2008-04-14,2384
2008-04-15,2617
2008-04-16,2613
2008-04-17,1338
2008-04-18,1896
2008-04-19,2933
2008-04-20,2819
2008-04-21,2767
2008-04-22,2888
2008-04-23,1513
2008-04-24,2230
2008-04-25,2140
2008-04-26,2723
2008-04-27,1986
2008-04-28,2462
2008-04-29,3118
2008-04-30,2246
2008-05-01,2282
2008-05-02,2048
2008-05-03,1830
2008-05-04,1707
2008-05-05,1957
2008-05-06,1493
2008-05-07,1743
2008-05-08,2728
2008-05-09,1776
2008-05-10,2246
2008-05-11,2887
2008-05-12,2465
2008-05-13,2780
2008-05-14,2348
2008-05-15,2337
2008-05-16,1666
2008-05-18,995
2008-05-19,3038
2008-05-20,1899
2008-05-21,2861
2008-05-22,1956
2008-05-23,2313
2008-05-24,2559
2008-05-25,2484
2008-05-26,2378
2008-05-27,1133
2008-05-28,3161
2008-05-29,2936
2008-05-30,1427
2008-05-31,2124
2008-06-01,3040
2008-06-02,1943
2008-06-03,2223
2008-06-04,2197
2008-06-05,2245
2008-06-06,2919
2008-06-07,1495
2008-06-08,3939
2008-06-09,3939
2008-06-10,3735
2008-06-11,2449
2008-06-12,2243
2008-06-13,2518
2008-06-14,3882
2008-06-15,1238
2008-06-16,3798
2008-06-17,1821
2008-06-18,2667
2008-06-19,1989
2008-06-20,1530
2008-06-21,2352
2008-06-22,2275
2008-06-23,2672
2008-06-24,2234
2008-06-25,2095
2008-06-26,2064
2008-06-27,2461
2008-06-28,2757
2008-06-29,2510
2008-06-30,3298
2008-07-01,3181
2008-07-02,2196
2008-07-03,2250
2008-07-04,2270
2008-07-05,1288
2008-07-06,526
2008-07-07,2607
2008-07-08,4313
2008-07-09,2338
2008-07-10,3895
2008-07-11,2118
2008-07-12,3206
2008-07-13,4096
2008-07-14,2853
2008-07-15,5503
2008-07-16,3511
2008-07-17,2109
2008-07-18,2685
2008-07-19,3363
2008-07-20,3098
2008-07-21,4364
2008-07-22,2039
2008-07-23,2447
2008-07-24,2455
2008-07-25,2363
2008-07-26,5412
2008-07-27,3062
2008-07-28,5090
2008-07-29,4033
2008-07-30,3129
2008-07-31,2679
2008-08-01,2214
2008-08-02,3464
2008-08-03,3523
2008-08-04,3279
2008-08-05,3714
2008-08-06,2888
2008-08-07,1769
2008-08-08,2331
2008-08-09,1862
2008-08-10,5042
2008-08-11,2497
2008-08-12,3379
2008-08-13,2051
2008-08-14,3234
2008-08-15,2193
2008-08-16,1797
2008-08-17,3008
2008-08-18,3232
2008-08-19,2620
2008-08-20,3654
2008-08-21,3908
2008-08-22,1704
2008-08-23,2559
2008-08-24,2554
2008-08-25,3559
2008-08-26,1863
2008-08-27,1925
2008-08-28,2569
2008-08-29,2898
2008-08-30,3060
2008-08-31,2878
2008-09-01,3336
2008-09-02,2324
2008-09-03,1233
2008-09-04,1749
2008-09-05,2551
2008-09-06,2211
2008-09-07,2970
2008-09-08,2763
2008-09-09,3070
2008-09-10,3141
2008-09-11,4017
2008-09-12,1673
2008-09-13,1396
2008-09-14,3279
2008-09-15,3880
2008-09-16,1857
2008-09-17,2769
2008-09-18,1706
2008-09-19,1164
2008-09-20,1803
2008-09-21,2510
2008-09-22,2083
2008-09-23,2097
2008-09-24,3310
2008-09-25,2016
2008-09-26,1788
2008-09-27,2219
2008-09-28,2893
2008-09-29,1842
2008-09-30,1352
2008-10-01,1067
2008-10-02,1770
2008-10-03,1973
2008-10-04,2723
2008-10-05,2366
2008-10-06,2939
2008-10-07,1693
2008-10-08,2711
2008-10-09,2238
2008-10-10,1917
2008-10-11,2311
2008-10-12,2224
2008-10-13,2569
2008-10-14,2882
2008-10-15,1675
2008-10-16,1950
2008-10-17,1443
2008-10-18,1511
2008-10-19,3704
2008-10-20,2900
2008-10-21,1698
2008-10-22,3038
2008-10-23,2865
2008-10-24,1820
2008-10-25,1775
2008-10-26,3364
2008-10-27,3663
2008-10-28,20140
2008-10-29,53629
2008-10-30,15096
2008-10-31,7835
2008-11-01,6272
2008-11-02,6020
2008-11-03,5853
2008-11-04,4711
2008-11-05,4208
2008-11-06,3892
2008-11-07,5911
2008-11-08,4507
2008-11-09,5340
2008-11-10,3979
2008-11-11,5643
2008-11-12,5787
2008-11-13,3749
2008-11-14,5673
2008-11-15,6191
2008-11-16,6559
2008-11-17,3759
2008-11-18,3958
2008-11-19,3185
2008-11-20,3421
2008-11-21,3317
2008-11-22,3454
2008-11-23,5349
2008-11-24,3876
2008-11-25,3248
2008-11-26,2874
2008-11-27,1727
2008-11-28,2119
2008-11-29,2879
2008-11-30,4965
2008-12-01,4019
2008-12-02,1968
2008-12-03,2396
2008-12-04,2752
2008-12-05,2702
2008-12-06,1356
2008-12-07,2560
2008-12-08,2134
2008-12-09,3136
2008-12-10,3023
2008-12-11,2274
2008-12-12,2471
2008-12-13,3421
2008-12-14,1705
2008-12-15,3845
2008-12-16,3864
2008-12-17,2485
2008-12-18,4397
2008-12-19,2052
2008-12-20,2840
2008-12-21,2872
2008-12-22,2924
2008-12-23,3656
2008-12-24,1985
2008-12-25,2183
2008-12-26,2501
2008-12-27,2788
2008-12-28,6950
2008-12-29,4174
2008-12-30,3138
2008-12-31,2847
2009-01-01,3182
2009-01-02,4639
2009-01-03,5427
2009-01-04,6158
2009-01-05,3747
2009-01-06,5125
2009-01-07,3573
2009-01-08,3408
2009-01-09,2712
2009-01-10,2676
2009-01-11,3864
2009-01-12,3180
2009-01-13,2314
2009-01-14,2566
2009-01-15,4362
2009-01-16,4164
2009-01-17,4128
2009-01-18,2856
2009-01-19,3715
2009-01-20,2830
2009-01-21,3561
2009-01-22,3085
2009-01-23,2882
2009-01-24,3292
2009-01-25,5094
2009-01-26,3646
2009-01-27,3479
2009-01-28,2552
2009-01-29,3222
2009-01-30,2702
2009-01-31,3285
2009-02-01,2623
2009-02-02,3269
2009-02-03,2327
2009-02-04,2772
2009-02-05,3209
2009-02-06,2778
2009-02-07,2431
2009-02-08,4102
2009-02-09,3265
2009-02-10,2541
2009-02-11,2933
2009-02-12,2682
2009-02-13,2077
2009-02-14,4147
2009-02-15,5221
2009-02-16,5600
2009-02-17,2852
2009-02-18,1526
2009-02-19,2677
2009-02-20,2427
2009-02-21,2921
2009-02-22,1864
2009-02-23,1303
2009-02-24,3708
2009-02-25,2405
2009-02-26,2345
2009-02-27,2111
2009-02-28,1198
2009-03-02,2508
2009-03-03,2880
2009-03-04,4330
2009-03-05,3944
2009-03-06,2745
2009-03-07,2487
2009-03-08,5233
2009-03-09,3648
2009-03-10,1919
2009-03-11,2036
2009-03-12,2445
2009-03-13,1959
2009-03-14,4695
2009-03-15,3565
2009-03-16,3508
2009-03-17,2775
2009-03-18,3083
2009-03-19,2374
2009-03-20,3163
2009-03-21,3516
2009-03-22,3959
2009-03-23,3489
2009-03-24,3133
2009-03-25,2944
2009-03-26,2116
2009-03-27,2469
2009-03-28,3814
2009-03-29,4949
2009-03-30,2756
2009-03-31,2843
2009-04-01,1362
2009-04-02,1018
2009-04-03,1766
2009-04-04,3864
2009-04-05,3021
2009-04-06,1804
2009-04-07,1912
2009-04-08,1430
2009-04-09,2884
2009-04-10,2603
2009-04-11,3113
2009-04-12,3417
2009-04-13,4375
2009-04-14,2917
2009-04-15,2672
2009-04-16,3422
2009-04-17,3375
2009-04-18,3564
2009-04-19,3416
2009-04-20,2871
2009-04-21,2532
2009-04-22,3035
2009-04-23,1541
2009-04-24,2103
2009-04-25,939
2009-04-26,1718
2009-04-27,1846
2009-04-28,2248
2009-04-29,1776
2009-04-30,1879
2009-05-01,1600
2009-05-02,2392
2009-05-03,3137
2009-05-04,4016
2009-05-05,1335
2009-05-06,2081
2009-05-07,2044
2009-05-08,1942
2009-05-09,1579
2009-05-10,2282
2009-05-11,2279
2009-05-12,1283
2009-05-13,2833
2009-05-14,1955
2009-05-15,1258
2009-05-16,1667
2009-05-17,3337
2009-05-18,2042
2009-05-19,2811
2009-05-20,2364
2009-05-21,2545
2009-05-22,2306
2009-05-23,4398
2009-05-24,1253
2009-05-25,3064
2009-05-26,2978
2009-05-27,3472
2009-05-28,2536
2009-05-29,1150
2009-05-30,2460
2009-05-31,2344
2009-06-01,2493
2009-06-02,1977
2009-06-03,2004
2009-06-04,2642
2009-06-05,2441
2009-06-06,1807
2009-06-07,1965
2009-06-08,2329
2009-06-09,2317
2009-06-10,2079
2009-06-11,2173
2009-06-12,2067
2009-06-13,2598
2009-06-14,3629
2009-06-15,2294
2009-06-16,2294
2009-06-17,1705
2009-06-18,3645
2009-06-19,2155
2009-06-20,3655
2009-06-21,2810
2009-06-22,2576
2009-06-23,2443
2009-06-24,1332
2009-06-25,1373
2009-06-26,1282
2009-06-27,2001
2009-06-28,3345
2009-06-29,1374
2009-06-30,1208
2009-07-01,2207
2009-07-02,2373
2009-07-03,2333
2009-07-04,2398
2009-07-05,5056
2009-07-06,2331
2009-07-07,3510
2009-07-08,1722
2009-07-09,2449
2009-07-10,1788
2009-07-11,2224
2009-07-12,551
2009-07-13,1402
2009-07-14,1645
2009-07-15,2100
2009-07-16,1371
2009-07-17,3042
2009-07-18,2628
2009-07-19,2581
2009-07-20,2001
2009-07-21,2136
2009-07-22,1872
2009-07-23,1809
2009-07-24,1978
2009-07-25,1489
2009-07-26,2539
2009-07-27,1873
2009-07-28,1187
2009-07-29,2635
2009-07-30,1999
2009-07-31,2105
2009-08-01,488
2009-08-03,1349
2009-08-04,4930
2009-08-05,2245
2009-08-06,1799
2009-08-07,1917
2009-08-08,2078
2009-08-09,3287
2009-08-10,2755
2009-08-11,2078
2009-08-12,2767
2009-08-13,2235
2009-08-14,1743
2009-08-15,1980
2009-08-16,1845
2009-08-17,2741
2009-08-18,2331
2009-08-19,1879
2009-08-20,2562
2009-08-21,2041
2009-08-22,2371
2009-08-23,2950
2009-08-24,2121
2009-08-25,2630
2009-08-26,2552
2009-08-27,1561
2009-08-28,2065
2009-08-29,2483
2009-08-30,2445
2009-08-31,2734
2009-09-01,1889
2009-09-02,1559
2009-09-03,1496
2009-09-04,1620
2009-09-05,3289
2009-09-06,3015
2009-09-07,2385
2009-09-08,2984
2009-09-09,1634
2009-09-10,1040
2009-09-11,1473
2009-09-12,1909
2009-09-13,2496
2009-09-14,1736
2009-09-15,887
2009-09-16,2077
2009-09-17,1705
2009-09-18,1373
2009-09-19,3488
2009-09-20,3389
2009-09-21,2675
2009-09-22,2291
2009-09-23,2012
2009-09-24,2533
2009-09-25,1591
2009-09-26,3096
2009-09-27,2118
2009-09-28,2630
2009-09-29,1545
2009-09-30,3362
2009-10-01,1765
2009-10-02,4654
2009-10-03,1860
2009-10-04,1673
2009-10-05,2115
2009-10-06,1739
2009-10-07,2297
2009-10-08,2654
2009-10-09,2161
2009-10-10,3916
2009-10-11,3077
2009-10-12,2037
2009-10-13,2286
2009-10-14,1368
2009-10-15,2442
2009-10-16,1063
2009-10-17,1969
2009-10-18,1738
2009-10-19,1399
2009-10-20,1857
2009-10-21,2215
2009-10-22,1889
2009-10-23,1790
2009-10-24,1707
2009-10-25,3017
2009-10-26,2118
2009-10-27,1019
2009-10-28,1553
2009-10-29,1550
2009-10-30,1221
2009-10-31,1475
2009-11-01,2744
2009-11-02,4191
2009-11-03,1901
2009-11-04,1787
2009-11-05,1745
2009-11-06,2142
2009-11-07,1421
2009-11-08,2753
2009-11-09,1346
2009-11-10,1729
2009-11-11,2220
2009-11-12,2119
2009-11-13,2349
2009-11-14,641
2009-11-15,2199
2009-11-16,1706
2009-11-17,1601
2009-11-18,2881
2009-11-19,971
2009-11-20,2690
2009-11-21,1619
2009-11-22,1545
2009-11-23,2383
2009-11-24,2065
2009-11-25,1232
2009-11-26,1396
2009-11-27,1639
2009-11-28,2801
2009-11-29,1751
2009-11-30,1626
2009-12-01,2204
2009-12-02,2179
2009-12-03,1844
2009-12-04,1242
2009-12-05,1715
2009-12-06,2073
2009-12-07,2809
2009-12-08,2110
2009-12-09,1196
2009-12-10,1566
2009-12-11,1339
2009-12-12,1066
2009-12-13,2286
2009-12-14,2760
2009-12-15,1694
2009-12-16,1334
2009-12-17,887
2009-12-18,818
2009-12-19,1684
2009-12-20,2500
2009-12-21,1985
2009-12-22,2507
2009-12-23,1603
2009-12-24,2054
2009-12-25,1093
2009-12-27,5244
2009-12-28,4216
2009-12-29,4676
2009-12-30,3505
2009-12-31,2893
2010-01-01,2319
2010-01-02,5413
2010-01-03,4201
2010-01-04,2168
2010-01-05,3348
2010-01-06,3102
2010-01-07,1870
2010-01-08,2501
2010-01-09,2252
2010-01-11,2075
2010-01-12,2396
2010-01-13,4242
2010-01-14,1991
2010-01-15,1565
2010-01-16,2180
2010-01-17,3249
2010-01-18,3206
2010-01-19,3238
2010-01-20,2271
2010-01-21,1745
2010-01-22,1285
2010-01-23,2060
2010-01-24,4237
2010-01-25,4719
2010-01-26,2195
2010-01-27,1981
2010-01-28,1913
2010-01-29,2132
2010-01-30,2278
2010-01-31,2946
2010-02-01,2571
2010-02-02,2479
2010-02-03,1761
2010-02-04,1001
2010-02-05,2222
2010-02-06,3334
2010-02-07,2564
2010-02-08,3242
2010-02-09,1541
2010-02-10,1657
2010-02-11,3259
2010-02-12,1829
2010-02-13,2372
2010-02-14,2487
2010-02-15,2265
2010-02-16,1764
2010-02-17,2382
2010-02-18,2039
2010-02-19,1760
2010-02-20,1597
2010-02-21,3104
2010-02-22,2415
2010-02-23,2513
2010-02-24,1255
2010-02-25,750
2010-02-26,1138
2010-02-27,1959
2010-02-28,3210
2010-03-01,2160
2010-03-02,2273
2010-03-03,2113
2010-03-04,1134
2010-03-05,1534
2010-03-06,2407
2010-03-07,2560
2010-03-08,1598
2010-03-09,1631
2010-03-10,1580
2010-03-11,2288
2010-03-12,1847
2010-03-13,1545
2010-03-14,2029
2010-03-15,2598
2010-03-16,3225
2010-03-17,2970
2010-03-18,2496
2010-03-19,1770
2010-03-20,3373
2010-03-21,2836
2010-03-22,3086
2010-03-23,2386
2010-03-24,2434
2010-03-25,1276
2010-03-26,2398
2010-03-27,1828
2010-03-28,2218
2010-03-29,2002
2010-03-30,1750
2010-03-31,1669
2010-04-01,1706
2010-04-02,1452
2010-04-03,1851
2010-04-04,2772
2010-04-05,2733
2010-04-06,1440
2010-04-07,1478
2010-04-08,2028
2010-04-09,2288
2010-04-10,2739
2010-04-11,2760
2010-04-12,2125
2010-04-13,1057
2010-04-14,1106
2010-04-15,1834
2010-04-16,1418
2010-04-17,1819
2010-04-18,1786
2010-04-19,1605
2010-04-20,1843
2010-04-21,1947
2010-04-22,1800
2010-04-23,4331
2010-04-24,3057
2010-04-25,3102
2010-04-26,2602
2010-04-27,2047
2010-04-28,1715
2010-04-29,1305
2010-04-30,1789
2010-05-01,1908
2010-05-02,2851
2010-05-03,1446
2010-05-04,1493
2010-05-05,1090
2010-05-06,1383
2010-05-07,2248
2010-05-08,1989
2010-05-09,1537
2010-05-10,2327
2010-05-11,1947
2010-05-12,2140
2010-05-13,2666
2010-05-14,1711
2010-05-15,2534
2010-05-16,2099
2010-05-17,1982
2010-05-18,1535
2010-05-19,2209
2010-05-20,987
2010-05-21,1829
2010-05-22,1521
2010-05-23,2696
2010-05-24,2463
2010-05-25,2828
2010-05-26,1396
2010-05-27,2106
2010-05-28,1520
2010-05-29,1630
2010-05-30,2377
2010-05-31,1963
2010-06-01,1897
2010-06-02,1637
2010-06-03,2419
2010-06-04,1490
2010-06-05,635
2010-06-06,2388
2010-06-07,2224
2010-06-08,3041
2010-06-09,1088
2010-06-10,1827
2010-06-11,1309
2010-06-12,1485
2010-06-13,2579
2010-06-14,2032
2010-06-15,1953
2010-06-16,2041
2010-06-17,1486
2010-06-18,1846
2010-06-19,2902
2010-06-20,2238
2010-06-21,2673
2010-06-22,3525
2010-06-23,2346
2010-06-24,2420
2010-06-25,2298
2010-06-26,2775
2010-06-27,2874
2010-06-28,2317
2010-06-29,2258
2010-06-30,2195
2010-07-01,1518
2010-07-02,1204
2010-07-03,1244
2010-07-04,1499
2010-07-05,1845
2010-07-06,2811
2010-07-07,1374
2010-07-08,2268
2010-07-09,2168
2010-07-10,1609
2010-07-11,2786
2010-07-12,2826
2010-07-13,1512
2010-07-14,2198
2010-07-15,2412
2010-07-16,3013
2010-07-17,2503
2010-07-18,3067
2010-07-19,2748
2010-07-20,2371
2010-07-21,2187
2010-07-22,1661
2010-07-23,2131
2010-07-24,3059
2010-07-25,2305
2010-07-26,3289
2010-07-27,3272
2010-07-28,3008
2010-07-29,2269
2010-07-30,1713
2010-07-31,2746
2010-08-01,1804
2010-08-02,2905
2010-08-03,3105
2010-08-04,1876
2010-08-05,1914
2010-08-06,2952
2010-08-07,3293
2010-08-08,3314
2010-08-09,3459
2010-08-10,3060
2010-08-11,2447
2010-08-12,2567
2010-08-13,2610
2010-08-14,3153
2010-08-15,4366
2010-08-16,3325
2010-08-17,1681
2010-08-18,1919
2010-08-19,1475
2010-08-20,1822
2010-08-21,1372
2010-08-22,2723
2010-08-23,4575
2010-08-24,2505
2010-08-25,2827
2010-08-26,3089
2010-08-27,2011
2010-08-28,2142
2010-08-29,1644
2010-08-30,1831
2010-08-31,2235
2010-09-01,2164
2010-09-02,2171
2010-09-03,2098
2010-09-04,1368
2010-09-05,1963
2010-09-06,2218
2010-09-07,2766
2010-09-08,3034
2010-09-09,2268
2010-09-10,2019
2010-09-11,2718
2010-09-12,3123
2010-09-13,1872
2010-09-14,1846
2010-09-15,2751
2010-09-16,1777
2010-09-17,4342
2010-09-18,4114
2010-09-19,7722
2010-09-20,11310
2010-09-21,5426
2010-09-22,4808
2010-09-23,3212
2010-09-24,1605
2010-09-25,2440
2010-09-26,1710
2010-09-27,1982
2010-09-28,2330
2010-09-29,2321
2010-09-30,2018
2010-10-01,2129
2010-10-02,2405
2010-10-03,2575
2010-10-04,3724
2010-10-05,2402
2010-10-06,3058
2010-10-07,3634
2010-10-08,1640
2010-10-09,2940
2010-10-10,3021
2010-10-11,2745
2010-10-12,3063
2010-10-13,1178
2010-10-14,1937
2010-10-15,2308
2010-10-16,3201
2010-10-17,2866
2010-10-18,3394
2010-10-19,1705
2010-10-20,2604
2010-10-21,4420
2010-10-22,3664
2010-10-23,2672
2010-10-24,4119
2010-10-25,3028
2010-10-26,2169
2010-10-27,2198
2010-10-28,2106
2010-10-29,2790
2010-10-30,2251
2010-10-31,2129
2010-11-01,3345
2010-11-02,3501
2010-11-03,2672
2010-11-04,1466
2010-11-05,2249
2010-11-06,1908
2010-11-07,2563
2010-11-08,2347
2010-11-09,2744
2010-11-10,2178
2010-11-11,2355
2010-11-12,1610
2010-11-13,1831
2010-11-14,1965
2010-11-15,1808
2010-11-16,1868
2010-11-17,1401
2010-11-18,1726
2010-11-19,1561
2010-11-20,2689
2010-11-21,2300
2010-11-22,2178
2010-11-23,1819
2010-11-24,2533
2010-11-25,1969
2010-11-26,1927
2010-11-27,3240
2010-11-28,6103
2010-11-29,3164
2010-11-30,2869
2010-12-01,2130
2010-12-02,1623
2010-12-03,1543
2010-12-04,3177
2010-12-05,2971
2010-12-06,2468
2010-12-07,2472
2010-12-08,1740
2010-12-09,1415
2010-12-10,1336
2010-12-11,1820
2010-12-12,2412
2010-12-13,2065
2010-12-14,1738
2010-12-15,2067
2010-12-16,2305
2010-12-17,2202
2010-12-18,2232
2010-12-19,3907
2010-12-20,1830
2010-12-21,1522
2010-12-22,2075
2010-12-23,1339
2010-12-24,1366
2010-12-25,1390
2010-12-26,2315
2010-12-27,2580
2010-12-28,2491
2010-12-29,3274
2010-12-30,3323
2010-12-31,2159
2011-01-01,1746
2011-01-02,2311
2011-01-03,3088
2011-01-04,2530
2011-01-05,2901
2011-01-06,2552
2011-01-07,2309
2011-01-08,2591
2011-01-09,2421
2011-01-10,2974
2011-01-11,2725
2011-01-12,2672
2011-01-13,2348
2011-01-14,2334
2011-01-15,1969
2011-01-16,2419
2011-01-17,2236
2011-01-18,2297
2011-01-19,2125
2011-01-20,2468
2011-01-21,3729
2011-01-22,3065
2011-01-23,2360
2011-01-24,3278
2011-01-25,2519
2011-01-26,1316
2011-01-27,2819
2011-01-28,3855
2011-01-29,2423
2011-01-30,2010
2011-01-31,2773
2011-02-01,1682
2011-02-02,1597
2011-02-03,2010
2011-02-04,2916
2011-02-05,2057
2011-02-06,3105
2011-02-07,2407
2011-02-08,2065
2011-02-09,907
2011-02-10,2576
2011-02-11,3100
2011-02-12,2068
2011-02-13,2499
2011-02-14,2373
2011-02-15,1552
2011-02-16,2196
2011-02-17,2364
2011-02-18,1733
2011-02-19,1744
2011-02-20,3391
2011-02-21,1730
2011-02-22,2221
2011-02-23,1938
2011-02-24,2518
2011-02-25,2390
2011-02-26,1785
2011-02-27,4196
2011-02-28,2646
2011-03-01,2789
2011-03-02,1835
2011-03-03,3339
2011-03-04,2613
2011-03-05,3906
2011-03-06,2796
2011-03-07,4024
2011-03-08,2358
2011-03-09,2584
2011-03-10,3581
2011-03-11,1436
2011-03-12,2364
2011-03-13,2609
2011-03-14,2898
2011-03-15,1571
2011-03-16,1210
2011-03-17,1647
2011-03-18,1431
2011-03-19,2642
2011-03-20,2815
2011-03-21,2445
2011-03-22,1595
2011-03-23,2353
2011-03-24,1679
2011-03-25,2279
2011-03-26,1703
2011-03-27,3129
2011-03-28,1758
2011-03-29,1643
2011-03-30,2194
2011-03-31,2622
2011-04-01,2689
2011-04-02,2240
2011-04-03,2943
2011-04-04,1779
2011-04-05,1678
2011-04-06,2272
2011-04-07,2369
2011-04-08,2378
2011-04-09,2207
2011-04-10,4128
2011-04-11,2177
2011-04-12,1700
2011-04-13,2429
2011-04-14,2333
2011-04-15,2800
2011-04-16,2228
2011-04-17,2395
2011-04-18,2127
2011-04-19,3603
2011-04-20,2179
2011-04-21,2341
2011-04-22,2642
2011-04-23,2079
2011-04-24,2519
2011-04-25,2930
2011-04-26,2963
2011-04-27,1507
2011-04-28,2814
2011-04-29,1955
2011-04-30,2772
2011-05-01,2987
2011-05-02,2937
2011-05-03,2196
2011-05-04,2249
2011-05-05,2281
2011-05-06,1822
2011-05-07,2256
2011-05-08,2757
2011-05-09,2839
2011-05-10,3381
2011-05-11,1501
2011-05-12,1566
2011-05-13,1624
2011-05-14,2061
2011-05-15,3974
2011-05-16,1753
2011-05-17,1837
2011-05-18,1641
2011-05-19,1403
2011-05-20,1153
2011-05-21,2121
2011-05-22,1866
2011-05-23,2093
2011-05-24,3090
2011-05-25,2443
2011-05-26,1637
2011-05-27,1422
2011-05-28,1914
2011-05-29,2462
2011-05-30,2429
2011-05-31,2010
2011-06-01,1963
2011-06-02,1503
2011-06-03,2156
2011-06-04,2473
2011-06-05,1731
2011-06-06,2476
2011-06-07,2082
2011-06-08,1979
2011-06-09,1657
2011-06-10,1761
2011-06-11,1582
2011-06-12,2609
2011-06-13,1748
2011-06-14,1949
2011-06-15,1715
2011-06-16,2800
2011-06-17,2419
2011-06-18,2446
2011-06-19,2506
2011-06-20,1827
2011-06-21,2417
2011-06-22,1725
2011-06-23,1553
2011-06-24,1395
2011-06-25,2223
2011-06-26,2154
2011-06-27,1478
2011-06-28,2164
2011-06-29,1188
2011-06-30,1070
2011-07-01,1131
2011-07-02,1990
2011-07-03,2594
2011-07-04,1564
2011-07-05,1960
2011-07-06,2260
2011-07-07,2715
2011-07-08,2302
2011-07-09,2403
2011-07-10,1943
2011-07-11,2841
2011-07-12,1229
2011-07-13,1721
2011-07-14,1248
2011-07-15,2174
2011-07-16,1375
2011-07-17,2290
2011-07-18,1201
2011-07-19,1165
2011-07-20,1676
2011-07-21,1427
2011-07-22,2082
2011-07-23,2010
2011-07-24,2301
2011-07-25,2190
2011-07-26,1357
2011-07-27,2196
2011-07-28,1669
2011-07-29,1580
2011-07-30,2108
2011-07-31,1891
2011-08-01,1614
2011-08-02,1463
2011-08-03,825
2011-08-04,1428
2011-08-05,1969
2011-08-06,1308
2011-08-07,3329
2011-08-08,1843
2011-08-09,1751
2011-08-10,1650
2011-08-11,1853
2011-08-12,922
2011-08-13,1901
2011-08-14,1945
2011-08-15,1657
2011-08-16,1782
2011-08-17,1765
2011-08-18,1972
2011-08-19,2280
2011-08-20,2244
2011-08-21,3161
2011-08-22,1369
2011-08-23,1637
2011-08-24,980
2011-08-25,1074
2011-08-26,1643
2011-08-27,1627
2011-08-28,2251
2011-08-29,1403
2011-08-30,1665
2011-08-31,1729
2011-09-01,2481
2011-09-02,1915
2011-09-03,2369
2011-09-04,2360
2011-09-05,1785
2011-09-06,2005
2011-09-07,1409
2011-09-08,656
2011-09-09,1604
2011-09-10,1594
2011-09-11,1624
2011-09-12,1619
2011-09-13,2315
2011-09-14,1101
2011-09-15,1028
2011-09-16,658
2011-09-17,1355
2011-09-18,1305
2011-09-19,1959
2011-09-20,1826
2011-09-21,1301
2011-09-22,1726
2011-09-23,1121
2011-09-24,2235
2011-09-25,1751
2011-09-26,1838
2011-09-27,1857
2011-09-28,1536
2011-09-29,1982
2011-09-30,1162
2011-10-01,1437
2011-10-02,1182
2011-10-03,1618
2011-10-04,1842
2011-10-05,2584
2011-10-06,1324
2011-10-07,962
2011-10-08,1129
2011-10-09,2099
2011-10-10,2000
2011-10-11,1129
2011-10-12,899
2011-10-13,1525
2011-10-14,1505
2011-10-15,2973
2011-10-16,1921
2011-10-17,1290
2011-10-18,1843
2011-10-19,1448
2011-10-20,1433
2011-10-21,1359
2011-10-22,1372
2011-10-23,2038
2011-10-24,2266
2011-10-25,1301
2011-10-26,1283
2011-10-27,1483
2011-10-28,696
2011-10-29,1103
2011-10-30,2394
2011-10-31,1718
2011-11-01,1217
2011-11-02,1251
2011-11-03,1041
2011-11-04,1794
2011-11-05,2148
2011-11-06,1870
2011-11-07,2587
2011-11-08,1222
2011-11-09,1476
2011-11-10,996
2011-11-11,1224
2011-11-12,1711
2011-11-13,2461
2011-11-14,1686
2011-11-15,1377
2011-11-16,1271
2011-11-17,1686
2011-11-18,2391
2011-11-19,2154
2011-11-20,2091
2011-11-21,1391
2011-11-22,1911
2011-11-23,2116
2011-11-24,1950
2011-11-25,2815
2011-11-26,2417
2011-11-27,1691
2011-11-28,1339
2011-11-29,1393
2011-11-30,971
2011-12-01,1822
2011-12-02,1928
2011-12-03,1211
2011-12-04,2441
2011-12-05,1487
2011-12-06,1807
2011-12-07,932
2011-12-08,977
2011-12-09,1526
2011-12-10,1386
2011-12-11,3141
2011-12-12,1326
2011-12-13,2067
2011-12-14,1844
2011-12-15,878
2011-12-16,1365
2011-12-17,1372
2011-12-18,1913
2011-12-19,2205
2011-12-20,1292
2011-12-21,1206
2011-12-22,885
2011-12-23,1111
2011-12-24,1396
2011-12-25,1314
2011-12-26,1378
2011-12-27,2684
2011-12-28,1977
2011-12-29,2145
2011-12-30,1504
2011-12-31,1454
2012-01-01,2062
2012-01-02,2565
2012-01-03,2399
2012-01-04,1348
2012-01-05,2072
2012-01-06,2249
2012-01-07,1866
2012-01-08,2486
2012-01-09,1384
2012-01-10,1521
2012-01-11,1203
2012-01-12,1419
2012-01-13,1328
2012-01-14,1208
2012-01-15,2360
2012-01-16,1824
2012-01-17,1207
2012-01-18,1187
2012-01-19,1481
2012-01-20,1769
2012-01-21,2830
2012-01-22,1371
2012-01-23,2285
2012-01-24,1503
2012-01-25,1038
2012-01-26,2407
2012-01-27,287
2012-01-30,1164
2012-01-31,2333
2012-02-01,1570
2012-02-02,1576
2012-02-03,1939
2012-02-04,3049
2012-02-05,2096
2012-02-06,2064
2012-02-07,2798
2012-02-08,1854
2012-02-09,1423
2012-02-10,1230
2012-02-11,2035
2012-02-12,5565
2012-02-13,2556
2012-02-14,1270
2012-02-15,1224
2012-02-16,1028
2012-02-17,1232
2012-02-18,3647
2012-02-19,3007
2012-02-20,2466
2012-02-21,2808
2012-02-22,1430
2012-02-23,1262
2012-02-24,1822
2012-02-25,3074
2012-02-26,2340
2012-02-27,1568
2012-02-28,1515
2012-02-29,1777
2012-03-01,2583
2012-03-02,2451
2012-03-03,2535
2012-03-04,2704
2012-03-05,2093
2012-03-06,2037
2012-03-07,1562
2012-03-08,1464
2012-03-09,2186
2012-03-10,2740
2012-03-11,2266
2012-03-12,2253
2012-03-13,2067
2012-03-14,691
2012-03-15,1178
2012-03-16,1070
2012-03-17,3216
2012-03-18,2648
2012-03-19,1737
2012-03-20,1792
2012-03-21,1552
2012-03-22,1229
2012-03-23,1315
2012-03-24,1329
2012-03-25,2451
2012-03-26,2261
2012-03-27,1304
2012-03-28,1416
2012-03-29,1901
2012-03-30,1502
2012-03-31,1252
2012-04-01,1844
2012-04-02,1621
2012-04-03,1310
2012-04-04,1196
2012-04-05,2929
2012-04-06,1937
2012-04-07,2517
2012-04-08,1733
2012-04-09,1423
2012-04-10,2140
2012-04-11,1292
2012-04-12,1435
2012-04-13,1442
2012-04-14,2027
2012-04-15,2084
2012-04-16,2240
2012-04-17,2445
2012-04-18,2329
2012-04-19,1726
2012-04-20,1033
2012-04-21,1765
2012-04-22,3419
2012-04-23,1371
2012-04-24,2784
2012-04-25,2324
2012-04-26,2289
2012-04-27,2883
2012-04-28,1452
2012-04-29,2370
2012-04-30,1908
2012-05-01,1695
2012-05-02,1257
2012-05-03,854
2012-05-04,1924
2012-05-05,1656
2012-05-06,1984
2012-05-07,2344
2012-05-08,2594
2012-05-09,1421
2012-05-10,2503
2012-05-11,2297
2012-05-12,1933
2012-05-13,2349
2012-05-14,1625
2012-05-15,1175
2012-05-16,16536
2012-05-17,7703
2012-05-18,3126
2012-05-19,3628
2012-05-20,3351
2012-05-21,3281
2012-05-22,2491
2012-05-23,1453
2012-05-24,1626
2012-05-25,2962
2012-05-26,3107
2012-05-27,1533
2012-05-28,2184
2012-05-29,2371
2012-05-30,2351
2012-05-31,1083
2012-06-01,1552
2012-06-02,2435
2012-06-03,2364
2012-06-04,1229
2012-06-05,1997
2012-06-06,1545
2012-06-07,1425
2012-06-08,1246
2012-06-09,1461
2012-06-10,2163
2012-06-11,2676
2012-06-12,2275
2012-06-13,1573
2012-06-14,1534
2012-06-15,1520
2012-06-16,1471
2012-06-17,1427
2012-06-18,1083
2012-06-19,1600
2012-06-20,1794
2012-06-21,1741
2012-06-22,2834
2012-06-23,2329
2012-06-24,2262
2012-06-25,1985
2012-06-26,1810
2012-06-27,1482
2012-06-28,856
2012-06-29,1467
2012-06-30,1117
2012-07-01,2291
2012-07-02,894
2012-07-03,2131
2012-07-04,1015
2012-07-05,1421
2012-07-06,1481
2012-07-07,1148
2012-07-08,2822
2012-07-09,2253
2012-07-10,947
2012-07-11,1901
2012-07-12,2291
2012-07-13,1412
2012-07-14,2297
2012-07-15,2124
2012-07-16,3006
2012-07-17,1951
2012-07-18,1256
2012-07-19,1694
2012-07-20,1538
2012-07-21,1539
2012-07-22,1730
2012-07-23,1704
2012-07-24,1911
2012-07-25,1665
2012-07-26,1171
2012-07-27,1402
2012-07-28,1139
2012-07-29,1648
2012-07-30,3716
2012-07-31,2754
2012-08-01,1556
2012-08-02,1255
2012-08-03,1602
2012-08-04,1083
2012-08-05,3637
2012-08-06,1859
2012-08-07,1109
2012-08-08,1544
2012-08-09,1507
2012-08-10,1700
2012-08-11,1500
2012-08-12,1085
2012-08-13,1035
2012-08-14,2079
2012-08-15,1546
2012-08-16,1599
2012-08-17,1714
2012-08-18,1446
2012-08-19,2206
2012-08-20,1900
2012-08-21,1837
2012-08-22,705
2012-08-23,1351
2012-08-24,1817
2012-08-25,1808
2012-08-26,1901
2012-08-27,1210
2012-08-28,867
2012-08-29,1524
2012-08-30,1253
2012-08-31,922
2012-09-01,1759
2012-09-02,1362
2012-09-03,3269
2012-09-04,1356
2012-09-05,1533
2012-09-06,1491
2012-09-07,1579
2012-09-08,2903
2012-09-09,2336
2012-09-10,1538
2012-09-11,1950
2012-09-12,789
2012-09-13,551
2012-09-14,2300
2012-09-15,3486
2012-09-16,1308
2012-09-17,2077
2012-09-18,826
2012-09-19,1256
2012-09-20,1837
2012-09-21,1615
2012-09-22,988
2012-09-23,2012
2012-09-24,1010
2012-09-25,1644
2012-09-26,1071
2012-09-27,1396
2012-09-28,1183
2012-09-29,1452
2012-09-30,1645
2012-10-01,1076
2012-10-02,804
2012-10-03,2192
2012-10-04,884
2012-10-05,1573
2012-10-06,1881
2012-10-07,1777
2012-10-08,1555
2012-10-09,1167
2012-10-10,2135
2012-10-11,1913
2012-10-12,1078
2012-10-13,1856
2012-10-14,2110
2012-10-15,1362
2012-10-16,3083
2012-10-17,1117
2012-10-18,1314
2012-10-19,837
2012-10-20,2154
2012-10-21,2607
2012-10-22,1351
2012-10-23,1630
2012-10-24,1672
2012-10-25,3137
2012-10-26,1501
2012-10-27,2135
2012-10-28,2036
2012-10-29,2469
2012-10-30,2278
2012-10-31,1847
2012-11-01,1407
2012-11-02,1761
2012-11-03,2064
2012-11-04,3741
2012-11-05,1563
2012-11-06,1125
2012-11-07,1045
2012-11-08,1107
2012-11-09,2114
2012-11-10,2308
2012-11-11,2510
2012-11-12,3886
2012-11-13,1750
2012-11-14,1772
2012-11-15,1352
2012-11-16,1250
2012-11-17,2137
2012-11-18,3988
2012-11-19,1740
2012-11-20,2331
2012-11-21,1767
2012-11-22,1695
2012-11-23,1025
2012-11-24,2598
2012-11-25,2342
2012-11-26,2261
2012-11-27,1121
2012-11-28,1855
2012-11-29,1331
2012-11-30,1002
2012-12-01,2117
2012-12-02,2004
2012-12-03,1579
2012-12-04,1642
2012-12-05,1382
2012-12-06,992
2012-12-07,1328
2012-12-08,1663
2012-12-09,2967
2012-12-10,1440
2012-12-11,1098
2012-12-12,1776
2012-12-13,2167
2012-12-14,1631
2012-12-15,2481
2012-12-16,2200
2012-12-17,1875
2012-12-18,1624
2012-12-19,1152
2012-12-20,826
2012-12-21,2225
2012-12-22,1478
2012-12-23,1265
2012-12-24,1857
2012-12-25,2198
2012-12-26,2560
2012-12-27,2371
2012-12-28,3802
2012-12-29,3577
2012-12-30,3268
2012-12-31,2448
2013-01-01,2564
2013-01-02,2943
2013-01-03,2727
2013-01-04,2022
2013-01-05,2435
2013-01-06,3034
2013-01-07,1750
2013-01-08,2227
2013-01-09,1554
2013-01-10,1313
2013-01-11,1449
2013-01-12,1459
2013-01-13,1784
2013-01-14,1832
2013-01-15,2097
2013-01-16,1362
2013-01-17,1505
2013-01-18,1556
2013-01-19,1313
2013-01-20,3013
2013-01-21,2620
2013-01-22,1925
2013-01-23,1449
2013-01-24,1850
2013-01-25,1627
2013-01-26,2163
2013-01-27,2899
2013-01-28,1759
2013-01-29,1496
2013-01-30,1850
2013-01-31,1676
2013-02-01,1322
2013-02-02,652
2013-02-03,776
2013-02-04,2403
2013-02-05,1726
2013-02-06,2080
2013-02-07,2855
2013-02-08,2956
2013-02-09,2003
2013-02-10,2304
2013-02-11,2927
2013-02-12,1281
2013-02-13,1704
2013-02-14,1422
2013-02-15,1282
2013-02-16,2184
2013-02-17,2056
2013-02-18,1852
2013-02-19,1729
2013-02-20,1127
2013-02-21,2133
2013-02-22,1188
2013-02-23,1166
2013-02-24,2358
2013-02-25,1047
2013-02-26,2909
2013-02-27,1857
2013-02-28,921
2013-03-01,997
2013-03-02,1638
2013-03-03,2539
2013-03-04,1865
2013-03-05,3019
2013-03-06,1003
2013-03-07,1353
2013-03-08,1457
2013-03-09,1715
2013-03-10,1217
2013-03-11,1631
2013-03-12,1037
2013-03-13,1126
2013-03-14,855
2013-03-15,1285
2013-03-16,1256
2013-03-17,1008
2013-03-18,1403
2013-03-19,971
2013-03-20,508
2013-03-21,1025
2013-03-22,1675
2013-03-23,1902
2013-03-24,1781
2013-03-25,1462
2013-03-26,2023
2013-03-27,1586
2013-03-28,1364
2013-03-29,1842
2013-03-30,2169
2013-03-31,2102
2013-04-01,1786
2013-04-02,1286
2013-04-03,1945
2013-04-04,1992
2013-04-05,3485
2013-04-06,2118
2013-04-07,2106
2013-04-08,1626
2013-04-09,1094
2013-04-10,1900
2013-04-11,1440
2013-04-12,1010
2013-04-13,2913
2013-04-14,2114
2013-04-15,1733
2013-04-16,819
2013-04-17,1094
2013-04-18,1068
2013-04-19,1318
2013-04-20,2311
2013-04-21,3345
2013-04-22,1287
2013-04-23,2528
2013-04-24,1629
2013-04-25,1415
2013-04-26,956
2013-04-27,2183
2013-04-28,2401
2013-04-29,1364
2013-04-30,914
2013-05-01,1695
2013-05-02,1811
2013-05-03,909
2013-05-04,1319
2013-05-05,1916
2013-05-06,1231
2013-05-07,1110
2013-05-08,1860
2013-05-09,569
2013-05-10,1749
2013-05-11,2272
2013-05-12,1807
2013-05-13,1323
2013-05-14,1573
2013-05-15,1274
2013-05-16,1285
2013-05-17,1520
2013-05-18,2581
2013-05-19,1939
2013-05-20,1103
2013-05-21,843
2013-05-22,782
2013-05-23,1065
2013-05-24,1191
2013-05-25,2218
2013-05-26,2188
2013-05-27,1769
2013-05-28,1852
2013-05-29,2128
2013-05-30,1056
2013-05-31,1766
2013-06-01,1359
2013-06-02,2465
2013-06-03,1355
2013-06-04,1637
2013-06-05,2436
2013-06-06,906
2013-06-07,826
2013-06-08,1821
2013-06-09,1397
2013-06-10,1795
2013-06-11,1041
2013-06-12,1017
2013-06-13,695
2013-06-14,2145
2013-06-15,1127
2013-06-16,2131
2013-06-17,1227
2013-06-18,1090
2013-06-19,832
2013-06-20,918
2013-06-21,1163
2013-06-22,1731
2013-06-23,1823
2013-06-24,955
2013-06-25,2092
2013-06-26,1812
2013-06-27,1340
2013-06-28,2297
2013-06-29,1837
2013-06-30,1072
2013-07-01,1515
2013-07-02,1169
2013-07-03,2055
2013-07-04,915
2013-07-05,1113
2013-07-06,3210
2013-07-07,1816
2013-07-08,1434
2013-07-09,2062
2013-07-10,1377
2013-07-11,903
2013-07-12,1178
2013-07-13,1723
2013-07-14,1025
2013-07-15,1274
2013-07-16,921
2013-07-17,1303
2013-07-18,1726
2013-07-19,1530
2013-07-20,1513
2013-07-21,1560
2013-07-22,940
2013-07-23,1140
2013-07-24,1443
2013-07-25,963
2013-07-26,1039
2013-07-27,1630
2013-07-28,1920
2013-07-29,1516
2013-07-30,2404
2013-07-31,1334
2013-08-01,506
2013-08-02,1129
2013-08-03,1329
2013-08-04,1697
2013-08-05,840
2013-08-06,1145
2013-08-07,1003
2013-08-08,723
2013-08-09,1059
2013-08-10,1552
2013-08-11,1535
2013-08-12,920
2013-08-13,1849
2013-08-14,626
2013-08-15,631
2013-08-16,1272
2013-08-17,2126
2013-08-18,2029
2013-08-19,2720
2013-08-20,871
2013-08-21,1499
2013-08-22,1101
2013-08-23,1225
2013-08-24,1074
2013-08-25,2280
2013-08-26,1204
2013-08-27,1188
2013-08-28,1062
2013-08-29,815
2013-08-30,975
2013-08-31,1423
2013-09-01,1890
2013-09-02,1096
2013-09-03,6968
2013-09-04,4255
2013-09-05,3694
2013-09-06,3552
2013-09-07,4684
2013-09-08,4304
2013-09-09,2348
2013-09-10,1702
2013-09-11,1170
2013-09-12,1947
2013-09-13,1396
2013-09-14,1781
2013-09-15,2006
2013-09-16,2220
2013-09-17,1658
2013-09-18,950
2013-09-19,725
2013-09-20,1547
2013-09-21,1615
2013-09-22,1401
2013-09-23,1718
2013-09-24,848
2013-09-25,883
2013-09-26,618
2013-09-27,914
2013-09-28,1318
2013-09-29,1128
2013-09-30,1062
2013-10-01,574
2013-10-02,743
2013-10-03,767
2013-10-04,737
2013-10-05,819
2013-10-06,1378
2013-10-07,962
2013-10-08,661
2013-10-09,776
2013-10-10,672
2013-10-11,1424
2013-10-12,1492
2013-10-13,1129
2013-10-14,2668
2013-10-15,1207
2013-10-16,1556
2013-10-17,1295
2013-10-18,1192
2013-10-19,1172
2013-10-20,1612
2013-10-21,1858
2013-10-22,1160
2013-10-23,1290
2013-10-24,1116
2013-10-25,1327
2013-10-26,1029
2013-10-27,1350
2013-10-28,844
2013-10-29,666
2013-10-30,1085
2013-10-31,720
2013-11-01,1330
2013-11-02,975
2013-11-03,1849
2013-11-04,1199
2013-11-05,1837
2013-11-06,830
2013-11-07,1097
2013-11-08,784
2013-11-09,1546
2013-11-10,1374
2013-11-11,2089
2013-11-12,1198
2013-11-13,654
2013-11-14,961
2013-11-15,788
2013-11-16,1066
2013-11-17,1258
2013-11-18,914
2013-11-19,504
2013-11-20,1290
2013-11-21,1062
2013-11-22,1603
2013-11-23,887
2013-11-24,2344
2013-11-25,1552
2013-11-26,574
2013-11-27,927
2013-11-28,1628
2013-11-29,1031
2013-11-30,2509
2013-12-01,1162
2013-12-02,1631
2013-12-03,999
2013-12-04,1199
2013-12-05,968
2013-12-06,633
2013-12-07,1053
2013-12-08,1364
2013-12-09,1179
2013-12-10,1376
2013-12-11,878
2013-12-12,1302
2013-12-13,1074
2013-12-14,1947
2013-12-15,937
2013-12-16,953
2013-12-17,789
2013-12-18,958
2013-12-19,828
2013-12-20,1071
2013-12-21,929
2013-12-22,1559
2013-12-23,2043
2013-12-24,1553
2013-12-25,1023
2013-12-26,1322
2013-12-27,1307
2013-12-28,2106
2013-12-29,2176
2013-12-30,2629
2013-12-31,1441
2014-01-01,1879
2014-01-02,1830
2014-01-03,1135
2014-01-04,1675
2014-01-05,2110
2014-01-06,1583
2014-01-07,935
2014-01-08,1166
2014-01-09,872
2014-01-10,1175
2014-01-11,979
2014-01-12,2233
2014-01-13,1705
2014-01-14,2437
2014-01-15,1536
2014-01-16,702
2014-01-17,935
2014-01-18,1724
2014-01-19,1942
2014-01-20,1544
2014-01-21,893
2014-01-22,1478
2014-01-23,1075
2014-01-24,676
2014-01-25,1148
2014-01-26,1654
2014-01-27,1168
2014-01-28,1311
2014-01-29,1637
2014-01-30,1480
2014-01-31,1331
2014-02-01,1569
2014-02-02,1844
2014-02-03,1279
2014-02-04,922
2014-02-05,1959
2014-02-06,1841
2014-02-07,2027
2014-02-08,1431
2014-02-09,1894
2014-02-10,1311
2014-02-11,814
2014-02-12,1563
2014-02-13,989
2014-02-14,1152
2014-02-15,1489
2014-02-16,1703
2014-02-17,1738
2014-02-18,960
2014-02-19,1335
2014-02-20,1232
2014-02-21,1558
2014-02-22,1324
2014-02-23,1777
2014-02-24,735
2014-02-25,1332
2014-02-26,716
2014-02-27,1589
2014-02-28,1125
2014-03-01,1476
2014-03-02,1668
2014-03-03,1800
2014-03-04,2469
2014-03-05,789
2014-03-06,2092
2014-03-07,3411
2014-03-08,2230
2014-03-09,2010
2014-03-10,1386
2014-03-11,1091
2014-03-12,1333
2014-03-13,1674
2014-03-14,1102
2014-03-15,2047
2014-03-16,1231
2014-03-17,1439
2014-03-20,405
2014-03-21,1107
2014-03-22,1175
2014-03-23,1166
2014-03-24,1477
2014-03-25,1197
2014-03-26,728
2014-03-27,997
2014-03-28,783
2014-03-29,1072
2014-03-30,1171
2014-03-31,1056
2014-04-01,396
2014-04-02,1163
2014-04-03,544
2014-04-04,742
2014-04-05,873
2014-04-06,896
2014-04-07,795
2014-04-08,1230
2014-04-09,1648
2014-04-10,854
2014-04-11,2217
2014-04-12,1959
2014-04-13,1376
2014-04-14,1626
2014-04-15,833
2014-04-16,1536
2014-04-17,1336
2014-04-18,951
2014-04-19,1279
2014-04-20,3310
2014-04-21,1328
2014-04-22,871
2014-04-23,1143
2014-04-24,793
2014-04-25,751
2014-04-26,1023
2014-04-27,1655
2014-04-28,1221
2014-04-29,766
2014-04-30,947
2014-05-01,1049
2014-05-02,1081
2014-05-03,1341
2014-05-04,1539
2014-05-05,1154
2014-05-06,682
2014-05-07,1046
2014-05-08,927
2014-05-09,1378
2014-05-10,1280
2014-05-11,1624
2014-05-12,834
2014-05-13,1171
2014-05-14,842
2014-05-15,651
2014-05-16,1364
2014-05-17,2381
2014-05-18,1249
2014-05-19,1610
2014-05-20,1405
2014-05-21,1028
2014-05-22,1040
2014-05-23,1002
2014-05-24,1195
2014-05-25,854
2014-05-26,1835
2014-05-27,1987
2014-05-28,1239
2014-05-29,1103
2014-05-30,913
2014-05-31,1279
2014-06-01,1891
2014-06-02,600
2014-06-03,1057
2014-06-04,1107
2014-06-05,738
2014-06-06,808
2014-06-07,1351
2014-06-08,1528
2014-06-09,1911
2014-06-10,832
2014-06-11,870
2014-06-12,723
2014-06-13,1257
2014-06-14,960
2014-06-15,1722
2014-06-16,1637
2014-06-17,554
2014-06-18,1107
2014-06-19,2036
2014-06-20,2127
2014-06-21,1414
2014-06-22,1905
2014-06-23,689
2014-06-24,857
2014-06-25,725
2014-06-26,875
2014-06-27,806
2014-06-28,1062
2014-06-29,1833
2014-06-30,742
2014-07-01,1162
2014-07-02,866
2014-07-03,1442
2014-07-04,966
2014-07-05,1860
2014-07-06,1077
2014-07-07,1203
2014-07-08,1584
2014-07-09,984
2014-07-10,1485
2014-07-11,1148
2014-07-12,1361
2014-07-13,998
2014-07-14,1511
2014-07-15,667
2014-07-16,1004
2014-07-17,2993
2014-07-18,969
2014-07-19,1735
2014-07-20,1181
2014-07-21,1039
2014-07-22,1261
2014-07-23,860
2014-07-24,562
2014-07-25,1165
2014-07-26,1564
2014-07-27,1524
2014-07-28,1736
2014-07-29,1304
2014-07-30,847
2014-07-31,1219
2014-08-01,814
2014-08-02,1348
2014-08-03,1602
2014-08-04,804
2014-08-05,687
2014-08-06,1055
2014-08-07,1535
2014-08-08,1197
2014-08-09,1098
2014-08-10,1193
2014-08-11,709
2014-08-12,947
2014-08-13,1180
2014-08-14,670
2014-08-15,761
2014-08-16,1637
2014-08-17,773
2014-08-18,788
2014-08-19,1053
2014-08-20,869
2014-08-21,698
2014-08-22,1669
2014-08-23,2131
2014-08-24,1435
2014-08-25,1747
2014-08-26,1148
2014-08-27,683
2014-08-28,736
2014-08-29,1045
2014-08-30,1542
2014-08-31,1584
2014-09-01,854
2014-09-02,1407
2014-09-03,657
2014-09-04,557
2014-09-05,514
2014-09-06,1114
2014-09-07,2388
2014-09-08,487
2014-09-09,361
2014-09-10,965
2014-09-11,982
2014-09-12,870
2014-09-13,1705
2014-09-14,1316
2014-09-15,1226
2014-09-16,1440
2014-09-17,462
2014-09-18,545
2014-09-19,687
2014-09-20,1267
2014-09-21,1521
2014-09-22,763
2014-09-23,1286
2014-09-24,653
2014-09-25,516
2014-09-26,1077
2014-09-27,998
2014-09-28,1596
2014-09-29,1322
2014-09-30,854
2014-10-01,1260
2014-10-02,1192
2014-10-03,1330
2014-10-04,1383
2014-10-05,1380
2014-10-06,1171
2014-10-07,915
2014-10-08,867
2014-10-09,1208
2014-10-10,974
2014-10-11,1112
2014-10-12,1929
2014-10-13,2191
2014-10-14,1812
2014-10-15,849
2014-10-16,1228
2014-10-17,963
2014-10-18,1146
2014-10-19,1071
2014-10-20,1222
2014-10-21,911
2014-10-22,1115
2014-10-23,1069
2014-10-24,1352
2014-10-25,825
2014-10-26,1288
2014-10-27,938
2014-10-28,1042
2014-10-29,495
2014-10-30,639
2014-10-31,769
2014-11-01,1030
2014-11-02,2044
2014-11-03,1305
2014-11-04,636
2014-11-05,1616
2014-11-06,3701
2014-11-07,3216
2014-11-08,3075
2014-11-09,2686
2014-11-10,3347
2014-11-11,2098
2014-11-12,1957
2014-11-13,1608
2014-11-14,3072
2014-11-15,2597
2014-11-16,3172
2014-11-17,2448
2014-11-18,1230
2014-11-19,1345
2014-11-20,1959
2014-11-21,2936
2014-11-22,4743
2014-11-23,3122
2014-11-24,2026
2014-11-25,1997
2014-11-26,1728
2014-11-27,1611
2014-11-28,1933
2014-11-29,3408
2014-11-30,3164
2014-12-01,2822
2014-12-02,2216
2014-12-03,1440
2014-12-04,2836
2014-12-05,1343
2014-12-06,2679
2014-12-07,4243
2014-12-08,2446
2014-12-09,2847
2014-12-10,1586
2014-12-11,2046
2014-12-12,1715
2014-12-13,2100
2014-12-14,2730
2014-12-15,1902
2014-12-16,1444
2014-12-17,2065
2014-12-18,1594
2014-12-19,3113
2014-12-20,1881
2014-12-21,2334
2014-12-22,3296
2014-12-23,3038
2014-12-24,1811
2014-12-25,1674
2014-12-26,2213
2014-12-27,2698
2014-12-28,1987
2014-12-29,3118
2014-12-30,2430
2014-12-31,2997
2015-01-01,4634
2015-01-02,4932
2015-01-03,3872
2015-01-04,4551
2015-01-05,4985
2015-01-06,2850
2015-01-07,3015
2015-01-08,2407
2015-01-09,3242
2015-01-10,3762
2015-01-11,2700
2015-01-12,1889
2015-01-13,1953
2015-01-14,1783
2015-01-15,2067
2015-01-16,3101
2015-01-17,5090
2015-01-18,3254
2015-01-19,2793
2015-01-20,2867
2015-01-21,1904
2015-01-22,2627
2015-01-23,2694
2015-01-24,3854
2015-01-25,3094
2015-01-26,2087
2015-01-27,3486
2015-01-28,2443
2015-01-29,3042
2015-01-30,3842
2015-01-31,3892
2015-02-01,3841
2015-02-02,2867
2015-02-03,2253
2015-02-04,2063
2015-02-05,1704
2015-02-06,1826
2015-02-07,2393
2015-02-08,2428
2015-02-09,2713
2015-02-10,2180
2015-02-11,1663
2015-02-12,2236
2015-02-13,2533
2015-02-14,2207
2015-02-15,3372
2015-02-16,3214
2015-02-17,4217
2015-02-18,5069
2015-02-19,3419
2015-02-20,3939
2015-02-21,3854
2015-02-22,2685
2015-02-23,4281
2015-02-24,3803
2015-02-25,2980
2015-02-26,2123
2015-02-27,2665
2015-02-28,3037
2015-03-01,3971
2015-03-02,2616
2015-03-03,1402
2015-03-04,2091
2015-03-05,4261
2015-03-06,3439
2015-03-07,1215
2015-03-08,4485
2015-03-09,2455
2015-03-10,2213
2015-03-11,1899
2015-03-12,1321
2015-03-13,2141
2015-03-14,3095
2015-03-15,3000
2015-03-16,3310
2015-03-17,1184
2015-03-18,2425
2015-03-19,2199
2015-03-20,1971
2015-03-21,2246
2015-03-22,3809
2015-03-23,2511
2015-03-24,3080
2015-03-25,2694
2015-03-26,1766
2015-03-27,3438
2015-03-28,2800
2015-03-29,4473
2015-03-30,3110
2015-03-31,3233
2015-04-01,3527
2015-04-02,3277
2015-04-03,2840
2015-04-04,2652
2015-04-05,4960
2015-04-06,3190
2015-04-07,2729
2015-04-08,2502
2015-04-09,2000
2015-04-10,2225
2015-04-11,3383
2015-04-12,3447
2015-04-13,2351
2015-04-14,2535
2015-04-15,2627
2015-04-16,4764
2015-04-17,1504
2015-04-18,3828
2015-04-19,3123
2015-04-20,2279
2015-04-21,3872
2015-04-22,3107
2015-04-23,3083
2015-04-24,3389
2015-04-25,4053
2015-04-26,3326
2015-04-27,3523
2015-04-28,2797
2015-04-29,2712
2015-04-30,1953
2015-05-01,2808
2015-05-02,2643
2015-05-03,2406
2015-05-04,4348
2015-05-05,2245
2015-05-06,2142
2015-05-07,2583
2015-05-08,2116
2015-05-09,2566
2015-05-10,2708
2015-05-11,2756
2015-05-12,3262
2015-05-13,3578
2015-05-14,5398
2015-05-15,3535
2015-05-16,4342
2015-05-17,3043
2015-05-18,3996
2015-05-19,4761
2015-05-20,2686
2015-05-21,2740
2015-05-22,3893
2015-05-23,3664
2015-05-24,3049
2015-05-25,4238
2015-05-26,3481
2015-05-27,4820
2015-05-28,2757
2015-05-29,2292
2015-05-30,3255
2015-05-31,3607
2015-06-01,4297
2015-06-02,2627
2015-06-03,3306
2015-06-04,2868
2015-06-05,2945
2015-06-06,4723
2015-06-07,2938
2015-06-08,1701
2015-06-09,6223
2015-06-10,2944
2015-06-11,2562
2015-06-12,2648
2015-06-13,1825
2015-06-14,3840
2015-06-15,4184
2015-06-16,3687
2015-06-17,4509
2015-06-18,3669
2015-06-19,3255
2015-06-20,5936
2015-06-21,6566
2015-06-22,3077
2015-06-23,4882
2015-06-24,4628
2015-06-25,2815
2015-06-26,2743
2015-06-27,2523
2015-06-28,3315
2015-06-29,3677
2015-06-30,5485
2015-07-01,3775
2015-07-02,4417
2015-07-03,4687
2015-07-04,6237
2015-07-05,13670
2015-07-06,5090
2015-07-07,5324
2015-07-08,3408
2015-07-09,4465
2015-07-10,4246
2015-07-11,3821
2015-07-12,4427
2015-07-13,4802
2015-07-14,4874
2015-07-15,6058
2015-07-16,4264
2015-07-17,4548
2015-07-18,8073
2015-07-19,6744
2015-07-20,3666
2015-07-21,5405
2015-07-22,4737
2015-07-23,3318
2015-07-24,6596
2015-07-25,6090
2015-07-26,7416
2015-07-27,5657
2015-07-28,8069
2015-07-29,4915
2015-07-30,5062
2015-07-31,4144
2015-08-01,5325
2015-08-02,4196
2015-08-03,6237
2015-08-04,5578
2015-08-05,6143
2015-08-06,6402
2015-08-07,3610
2015-08-08,3254
2015-08-09,5367
2015-08-10,4923
2015-08-11,4882
2015-08-12,3692
2015-08-13,5520
2015-08-14,4375
2015-08-15,3645
2015-08-16,14212
2015-08-17,33456
2015-08-18,8959
2015-08-19,5929
2015-08-20,5854
2015-08-21,5585
2015-08-22,7617
2015-08-23,8175
2015-08-24,5117
2015-08-25,4292
2015-08-26,3006
2015-08-27,3329
2015-08-28,6673
2015-08-29,7233
2015-08-30,8125
2015-08-31,4709
2015-09-01,4210
2015-09-02,3320
2015-09-03,3232
2015-09-04,5542
2015-09-05,5850
2015-09-06,7259
2015-09-07,8358
2015-09-08,7399
2015-09-09,5885
2015-09-10,3775
2015-09-11,8950
2015-09-12,7919
2015-09-13,8477
2015-09-14,4812
2015-09-15,5930
2015-09-16,3978
2015-09-17,4921
2015-09-18,4127
2015-09-19,4507
2015-09-20,7643
2015-09-21,7026
2015-09-22,4000
2015-09-23,3919
2015-09-24,3120
2015-09-25,5494
2015-09-26,4544
2015-09-27,5611
2015-09-28,5412
2015-09-29,3626
2015-09-30,3577
2015-10-01,4319
2015-10-02,6241
2015-10-03,5629
2015-10-04,7253
2015-10-05,3951
2015-10-06,4246
2015-10-07,3463
2015-10-08,2588
2015-10-09,5509
2015-10-10,6417
2015-10-11,6120
2015-10-12,5669
2015-10-13,5330
2015-10-14,4519
2015-10-15,5025
2015-10-16,10366
2015-10-17,8232
2015-10-18,5741
2015-10-19,11456
2015-10-20,10236
2015-10-21,6195
2015-10-22,5750
2015-10-23,6432
2015-10-24,5142
2015-10-25,5809
2015-10-26,5540
2015-10-27,4018
2015-10-28,5920
2015-10-29,5271
2015-10-30,4555
2015-10-31,4240
2015-11-01,6149
2015-11-02,5065
2015-11-03,19388
2015-11-04,26957
2015-11-05,10177
2015-11-06,10794
2015-11-07,17913
2015-11-08,16489
2015-11-09,14766
2015-11-10,12254
2015-11-11,11239
2015-11-12,8454
2015-11-13,7520
2015-11-14,7199
2015-11-15,10906
2015-11-16,7092
2015-11-17,5944
2015-11-18,6138
2015-11-19,8370
2015-11-20,8173
2015-11-21,9610
2015-11-22,9418
2015-11-23,3797
2015-11-24,6227
2015-11-25,3543
2015-11-26,4433
2015-11-27,5270
2015-11-28,5946
2015-11-29,8689
2015-11-30,5858
2015-12-01,5759
2015-12-02,4628
2015-12-03,4876
2015-12-04,5533
2015-12-05,7599
2015-12-06,7365
2015-12-07,4729
2015-12-08,5646
2015-12-09,5906
2015-12-10,4010
2015-12-11,4298
2015-12-12,4492
2015-12-13,6922
2015-12-14,4593
2015-12-15,10455
2015-12-16,3836
2015-12-17,3628
2015-12-18,4375
2015-12-19,5280
2015-12-20,6410
2015-12-21,4090
2015-12-22,3554
2015-12-23,3551
2015-12-24,3161
2015-12-25,6822
2015-12-26,6974
2015-12-27,8691
2015-12-28,8082
2015-12-29,6562
2015-12-30,6909
2015-12-31,4928
2016-01-01,5318
2016-01-02,8972
2016-01-03,9166
2016-01-04,6914
2016-01-05,4551
2016-01-06,7104
2016-01-07,5413
2016-01-08,3257
2016-01-09,5428
2016-01-10,8964
2016-01-11,6353
2016-01-12,4720
2016-01-13,3990
2016-01-14,4033
2016-01-15,6042
2016-01-16,3441
2016-01-17,6040
2016-01-18,6732
2016-01-19,5195
2016-01-20,6358
2016-01-21,4495
2016-01-22,4922
2016-01-23,6657
2016-01-24,7224
2016-01-25,5152
2016-01-26,5991
2016-01-27,5007
2016-01-28,3990
2016-01-29,4696
2016-01-30,8567
2016-01-31,8925
2016-02-01,5199
2016-02-02,10921
2016-02-03,5894
2016-02-04,4098
2016-02-05,5732
2016-02-06,4958
2016-02-07,6092
2016-02-08,5359
2016-02-09,4480
2016-02-10,4766
2016-02-11,4920
2016-02-12,8584
2016-02-13,6841
2016-02-14,9857
2016-02-15,7066
2016-02-16,7108
2016-02-17,5454
2016-02-18,8055
2016-02-19,4637
2016-02-20,6975
2016-02-21,5149
2016-02-22,3980
2016-02-23,4831
2016-02-24,4973
2016-02-25,4142
2016-02-26,5235
2016-02-27,5226
2016-02-28,7387
2016-02-29,6011
2016-03-01,4361
2016-03-02,4762
2016-03-03,3383
2016-03-04,3424
2016-03-05,6428
2016-03-06,8182
2016-03-07,6639
2016-03-08,6638
2016-03-09,6809
2016-03-10,4601
2016-03-11,5470
2016-03-12,6643
2016-03-13,9149
2016-03-14,3801
2016-03-15,4369
2016-03-16,41
2016-03-17,5200
2016-03-18,6292
2016-03-19,5811
2016-03-20,8607
2016-03-21,5452
2016-03-22,3480
2016-03-23,4365
2016-03-24,6188
2016-03-25,8030
2016-03-26,4888
2016-03-27,11809
2016-03-28,6895
2016-03-29,4206
2016-03-30,4555
2016-03-31,3911
2016-04-01,4522
2016-04-02,8717
2016-04-03,6263
2016-04-04,3737
2016-04-05,2231
2016-04-06,3675
2016-04-07,3409
2016-04-08,5832
2016-04-09,4119
2016-04-10,5764
2016-04-11,4786
2016-04-12,4052
2016-04-13,6384
2016-04-14,5666
2016-04-15,2936
2016-04-16,6397
2016-04-17,6147
2016-04-18,5093
2016-04-19,9496
2016-04-20,5155
2016-04-21,4722
2016-04-22,5769
2016-04-23,7081
2016-04-24,7050
2016-04-25,6577
2016-04-26,3855
2016-04-27,4887
2016-04-28,3048
2016-04-29,12979
2016-04-30,13230
2016-05-01,10582
2016-05-02,10060
2016-05-03,5716
2016-05-04,5847
2016-05-05,4576
2016-05-06,4143
2016-05-07,10395
2016-05-08,7614
2016-05-09,10279
2016-05-10,6323
2016-05-11,4618
2016-05-12,5301
2016-05-13,3518
2016-05-14,7143
2016-05-15,11458
2016-05-16,7358
2016-05-17,7908
2016-05-18,5132
2016-05-19,3636
2016-05-20,3401
2016-05-21,7244
2016-05-22,7514
2016-05-23,6103
2016-05-24,4204
2016-05-25,6429
2016-05-26,6406
2016-05-27,5656
2016-05-28,7698
2016-05-29,6517
2016-05-30,6273
2016-05-31,4495
2016-06-01,4361
2016-06-02,3896
2016-06-03,4531
2016-06-04,4913
2016-06-05,8064
2016-06-06,6326
2016-06-07,6099
2016-06-08,5210
2016-06-09,2961
2016-06-10,4205
2016-06-11,5250
2016-06-12,7642
2016-06-13,6818
2016-06-14,6766
2016-06-15,4508
2016-06-16,4597
2016-06-17,4875
2016-06-18,7509
2016-06-19,5421
2016-06-20,6241
2016-06-21,3795
2016-06-22,7088
2016-06-23,3761
2016-06-24,3959
2016-06-25,8273
2016-06-26,6599
2016-06-27,5064
2016-06-28,6535
2016-06-29,3665
2016-06-30,3139
2016-07-01,3104
2016-07-02,4873
2016-07-03,4651
2016-07-04,5005
2016-07-05,5124
2016-07-06,3456
2016-07-07,6368
2016-07-08,5625
2016-07-09,5954
2016-07-10,5716
2016-07-11,5642
2016-07-12,4894
2016-07-13,7343
2016-07-14,3725
2016-07-15,3994
2016-07-16,5972
2016-07-17,5885
2016-07-18,4161
2016-07-19,4025
2016-07-20,4433
2016-07-21,4545
2016-07-22,2628
2016-07-23,5082
2016-07-24,4503
2016-07-25,5025
2016-07-26,4612
2016-07-27,4025
2016-07-28,4520
2016-07-29,6602
2016-07-30,5640
2016-07-31,5381
2016-08-01,8952
2016-08-02,4831
2016-08-03,4502
2016-08-04,3080
2016-08-05,4775
2016-08-06,3969
2016-08-07,5750
2016-08-08,4892
2016-08-09,3888
2016-08-10,5935
2016-08-11,3044
2016-08-12,4007
2016-08-13,5490
2016-08-14,6712
2016-08-15,4721
2016-08-16,7454
2016-08-17,6307
2016-08-18,5206
2016-08-19,3456
2016-08-20,8248
2016-08-21,5413
2016-08-22,4660
2016-08-23,3790
2016-08-24,4681
2016-08-25,4153
2016-08-26,4652
2016-08-27,4815
2016-08-28,5582
2016-08-29,5947
2016-08-30,2714
2016-08-31,3627
2016-09-01,4228
2016-09-02,3414
2016-09-03,4687
2016-09-04,4715
2016-09-05,7000
2016-09-06,3734
2016-09-07,4164
2016-09-08,3053
2016-09-09,3147
2016-09-10,3812
2016-09-11,5363
2016-09-12,4277
2016-09-13,3610
2016-09-14,2571
2016-09-15,4469
2016-09-16,3626
2016-09-17,4429
2016-09-18,5509
2016-09-19,4668
2016-09-20,4861
2016-09-21,3190
2016-09-22,2861
2016-09-23,3845
2016-09-24,4594
2016-09-25,5857
2016-09-26,5773
2016-09-27,7440
2016-09-28,3928
2016-09-29,4854
2016-09-30,4074
2016-10-01,4829
2016-10-02,5084
2016-10-03,4985
2016-10-04,3069
2016-10-05,3160
2016-10-06,2603
2016-10-07,2923
2016-10-08,3313
2016-10-09,5133
2016-10-10,4202
2016-10-11,1584
2016-10-12,2357
2016-10-13,3607
2016-10-14,3675
2016-10-15,4148
2016-10-16,6785
2016-10-17,7191
2016-10-18,9552
2016-10-19,7495
2016-10-20,3411
2016-10-21,2132
2016-10-22,4076
2016-10-23,4595
2016-10-24,3933
2016-10-25,3493
2016-10-26,3708
2016-10-27,2967
2016-10-28,4193
2016-10-29,4251
2016-10-30,4291
2016-10-31,3716
2016-11-01,2841
2016-11-02,2612
2016-11-03,2441
2016-11-04,3503
2016-11-05,4673
2016-11-06,4605
2016-11-07,7436
2016-11-08,3389
2016-11-09,3982
2016-11-10,4050
2016-11-11,6649
2016-11-12,5576
2016-11-13,9236
2016-11-14,3954
2016-11-15,4018
2016-11-16,3555
2016-11-17,4788
2016-11-18,3839
2016-11-19,1998
2016-11-20,2344
2016-11-21,2128
2016-11-22,5625
2016-11-23,4598
2016-11-24,4138
2016-11-25,5013
2016-11-26,4326
2016-11-27,6715
2016-11-28,2863
2016-11-29,4566
2016-11-30,3785
2016-12-01,3858
2016-12-02,3858
2016-12-03,7538
2016-12-04,5655
2016-12-05,4592
2016-12-06,4078
2016-12-07,4052
2016-12-08,3257
2016-12-09,4249
2016-12-10,5306
2016-12-11,6516
2016-12-12,4316
2016-12-13,4323
2016-12-14,6546
2016-12-15,4570
2016-12-16,4955
2016-12-17,4031
2016-12-18,4189
2016-12-19,4272
2016-12-20,6133
2016-12-21,4061
2016-12-22,4161
2016-12-23,3531
2016-12-24,3754
2016-12-25,3313
2016-12-26,5657
2016-12-27,4007
2016-12-28,5659
2016-12-29,4996
2016-12-30,4529
2016-12-31,4655
2017-01-01,4660
2017-01-02,5928
2017-01-03,6764
2017-01-04,4203
2017-01-05,4342
2017-01-06,6974
2017-01-07,3897
2017-01-08,6280
2017-01-09,5186
2017-01-10,5230
2017-01-11,4248
2017-01-12,4852
2017-01-13,5112
2017-01-14,5150
2017-01-15,5268
2017-01-16,4968
2017-01-17,4607
2017-01-18,3962
2017-01-19,2865
2017-01-20,14994
2017-01-21,11362
2017-01-22,12765
2017-01-23,6813
2017-01-24,5791
2017-01-25,5989
2017-01-26,5169
2017-01-27,6217
2017-01-28,5413
2017-01-29,7994
2017-01-30,4596
2017-01-31,3636
2017-02-01,6796
2017-02-02,8249
2017-02-03,5667
2017-02-04,5013
2017-02-05,7418
2017-02-06,4661
2017-02-07,5264
2017-02-08,5266
2017-02-09,3757
2017-02-10,10308
2017-02-11,6285
2017-02-12,8581
2017-02-13,4466
2017-02-14,4286
2017-02-15,5511
2017-02-16,5156
2017-02-17,4497
2017-02-18,5612
2017-02-19,11047
2017-02-20,5979
2017-02-21,9357
2017-02-22,3612
2017-02-23,3623
2017-02-24,6047
2017-02-25,7791
2017-02-26,7303
2017-02-27,5936
2017-02-28,5281
2017-03-01,5532
2017-03-02,5964
2017-03-03,4836
2017-03-04,7881
2017-03-05,6310
2017-03-06,5651
2017-03-07,4154
2017-03-08,5809
2017-03-09,3815
2017-03-10,4497
2017-03-11,7833
2017-03-12,4242
2017-03-13,4851
2017-03-14,4850
2017-03-15,5468
2017-03-16,3896
2017-03-17,9361
2017-03-18,6479
2017-03-19,7231
2017-03-20,5562
2017-03-21,3609
2017-03-22,4934
2017-03-23,5858
2017-03-24,4893
2017-03-25,4644
2017-03-26,5062
2017-03-27,4740
2017-03-28,6515
2017-03-29,5171
2017-03-30,2923
2017-03-31,5440
2017-04-01,4249
2017-04-02,5851
2017-04-03,3622
2017-04-04,4268
2017-04-05,4375
2017-04-06,4570
2017-04-07,3155
2017-04-08,4932
2017-04-09,3792
2017-04-10,3197
2017-04-11,4075
2017-04-12,2602
2017-04-13,3414
2017-04-14,4589
2017-04-15,2798
2017-04-16,4676
2017-04-17,4588
2017-04-18,4445
2017-04-19,3573
2017-04-20,3516
2017-04-21,3094
2017-04-22,4368
2017-04-23,3908
2017-04-24,4289
2017-04-25,4458
2017-04-26,3982
2017-04-27,5560
2017-04-28,7784
2017-04-29,8001
2017-04-30,10526
2017-05-01,9597
2017-05-02,6481
2017-05-03,6799
2017-05-04,5661
2017-05-05,5552
2017-05-06,7564
2017-05-07,5758
2017-05-08,10187
2017-05-09,6796
2017-05-10,7303
2017-05-11,8397
2017-05-12,8542
2017-05-13,6806
2017-05-14,9133
2017-05-15,7255
2017-05-16,4932
2017-05-17,4108
2017-05-18,5535
2017-05-19,4162
2017-05-20,5791
2017-05-21,6418
2017-05-22,5298
2017-05-23,2361
2017-05-24,2159
2017-05-25,2950
2017-05-26,3448
2017-05-27,4853
2017-05-28,5831
2017-05-29,5271
2017-05-30,6689
2017-05-31,4460
2017-06-01,4946
2017-06-02,7764
2017-06-03,5447
2017-06-04,6008
2017-06-05,4034
2017-06-06,1773
2017-06-07,4165
2017-06-08,3381
2017-06-09,3782
2017-06-10,5551
2017-06-11,6216
2017-06-12,3474
2017-06-13,2191
2017-06-14,3016
2017-06-15,3426
2017-06-16,4625
2017-06-17,6545
2017-06-18,2108
2017-06-19,3393
2017-06-20,4376
2017-06-21,3420
2017-06-22,4217
2017-06-23,5377
2017-06-24,5917
2017-06-25,6258
2017-06-26,4605
2017-06-27,5112
2017-06-28,5484
2017-06-29,4406
2017-06-30,6271
2017-07-01,6808
2017-07-02,9081
2017-07-03,6469
2017-07-04,7605
2017-07-05,4511
2017-07-06,4524
2017-07-07,4244
2017-07-08,5547
2017-07-09,7492
2017-07-10,5773
2017-07-11,3986
2017-07-12,4719
2017-07-13,3091
2017-07-14,3410
2017-07-15,4457
2017-07-16,10964
2017-07-17,5109
2017-07-18,5772
2017-07-19,5118
2017-07-20,2709
2017-07-21,4651
2017-07-22,5306
2017-07-23,6803
2017-07-24,5040
2017-07-25,3116
2017-07-26,7303
2017-07-27,5067
2017-07-28,5114
2017-07-29,5012
2017-07-30,4321
2017-07-31,10657
2017-08-01,2678
2017-08-02,2649
2017-08-03,3725
2017-08-04,4359
2017-08-05,4074
2017-08-06,6043
2017-08-07,4419
2017-08-08,3287
2017-08-09,3198
2017-08-10,5000
2017-08-11,3748
2017-08-12,3764
2017-08-13,5913
2017-08-14,4052
2017-08-15,4393
2017-08-16,3339
2017-08-17,4418
2017-08-18,3883
2017-08-19,4232
2017-08-20,6098
2017-08-21,2390
2017-08-22,4462
2017-08-23,6384
2017-08-24,5483
2017-08-25,3668
2017-08-26,4472
2017-08-27,4567
2017-08-28,3020
2017-08-29,3818
2017-08-30,5877
2017-08-31,4743
2017-09-01,4564
2017-09-02,7950
2017-09-03,7067
2017-09-04,5865
2017-09-05,3088
2017-09-06,4964
2017-09-07,4142
2017-09-08,5587
2017-09-09,5092
2017-09-10,3942
2017-09-11,3972
2017-09-12,3940
2017-09-13,2291
2017-09-14,3056
2017-09-15,2953
2017-09-16,4685
2017-09-17,5158
2017-09-18,4346
2017-09-19,3633
2017-09-20,4462
2017-09-21,2486
2017-09-22,4878
2017-09-23,6667
2017-09-24,4948
2017-09-25,4827
2017-09-26,4047
2017-09-27,7368
2017-09-28,5050
2017-09-29,4526
2017-09-30,5205
2017-10-01,5764
2017-10-02,6167
2017-10-03,5199
2017-10-04,5116
2017-10-05,3031
2017-10-06,4627
2017-10-07,6928
2017-10-08,5105
2017-10-09,6676
2017-10-10,3640
2017-10-11,3255
2017-10-12,4553
2017-10-13,4208
2017-10-14,6499
2017-10-15,5356
2017-10-16,3820
2017-10-17,2372
2017-10-18,4619
2017-10-19,4026
2017-10-20,3292
2017-10-21,5015
2017-10-22,4190
2017-10-23,3591
2017-10-24,3359
2017-10-25,4349
2017-10-26,3166
2017-10-27,3201
2017-10-28,4638
2017-10-29,5352
2017-10-30,3771
2017-10-31,3897
2017-11-01,2754
2017-11-02,5364
2017-11-03,4490
2017-11-04,4048
2017-11-05,6542
2017-11-06,3458
2017-11-07,4431
2017-11-08,3395
2017-11-09,2453
2017-11-10,3046
2017-11-11,5529
2017-11-12,7904
2017-11-13,5795
2017-11-14,2244
2017-11-15,2375
2017-11-16,3449
2017-11-17,3332
2017-11-18,4452
2017-11-19,4056
2017-11-20,3996
2017-11-21,3575
2017-11-22,4838
2017-11-23,3064
2017-11-24,3919
2017-11-25,6629
2017-11-26,4979
2017-11-27,2689
2017-11-28,5252
2017-11-29,1475
2017-11-30,3961
2017-12-01,2300
2017-12-02,2687
2017-12-03,3853
2017-12-04,3138
2017-12-05,3329
2017-12-06,4503
2017-12-07,2212
2017-12-08,3345
2017-12-09,6168
2017-12-10,3951
2017-12-11,4279
2017-12-12,4107
2017-12-13,3217
2017-12-14,3015
2017-12-15,2095
2017-12-16,3751
2017-12-17,9062
2017-12-18,3899
2017-12-19,3772
2017-12-20,2901
2017-12-21,3811
2017-12-22,2614
2017-12-23,3110
2017-12-24,3818
2017-12-25,3387
2017-12-26,5363
2017-12-27,5309
2017-12-28,4697
2017-12-29,6025
2017-12-30,5995
2017-12-31,5333
2018-01-01,5110
2018-01-02,4266
2018-01-03,2849
2018-01-04,5650
2018-01-05,5503
2018-01-06,3145
2018-01-08,1533
2018-01-09,4502
2018-01-10,2744
2018-01-11,3119
2018-01-12,3012
2018-01-13,3963
2018-01-14,4738
2018-01-15,4026
2018-01-16,3566
2018-01-17,4830
2018-01-18,3153
2018-01-19,3081
2018-01-20,3712
2018-01-21,3260
2018-01-22,4881
2018-01-23,6186
2018-01-24,5107
2018-01-25,3033
2018-01-26,2055
2018-01-27,3597
2018-01-28,7527
2018-01-29,4160
2018-01-30,3664
2018-01-31,1984
2018-02-01,2849
2018-02-02,2885
2018-02-03,6008
2018-02-04,4723
2018-02-05,2252
2018-02-06,1831
2018-02-07,2259
2018-02-08,2516
2018-02-09,2959
2018-02-10,3332
2018-02-11,6249
2018-02-12,3981
2018-02-13,4087
2018-02-14,3727
2018-02-15,3927
2018-02-16,4287
2018-02-17,4205
2018-02-18,2616
2018-02-19,3530
2018-02-20,4074
2018-02-21,4276
2018-02-22,4334
2018-02-23,3190
2018-02-24,3227
2018-02-25,5238
2018-02-26,2415
2018-02-27,2040
2018-02-28,3685
2018-03-01,2133
2018-03-02,2763
2018-03-03,5004
2018-03-04,4073
2018-03-05,3167
2018-03-06,4195
2018-03-07,3539
2018-03-08,3590
2018-03-09,3131
2018-03-10,4757
2018-03-11,6167
2018-03-12,4294
2018-03-13,2886
2018-03-14,3036
2018-03-15,1468
2018-03-16,3660
2018-03-17,3101
2018-03-18,5110
2018-03-19,3303
2018-03-20,2139
2018-03-21,3853
2018-03-22,2811
2018-03-23,5237
2018-03-24,5634
2018-03-25,3402
2018-03-26,6229
2018-03-27,11268
2018-03-28,9709
2018-03-29,5190
2018-03-30,5398
2018-03-31,3967
2018-04-01,4164
2018-04-02,5048
2018-04-03,4929
2018-04-04,3561
2018-04-05,3465
2018-04-06,3067
2018-04-07,4223
2018-04-08,5946
2018-04-09,4128
2018-04-10,3461
2018-04-11,2086
2018-04-12,2845
2018-04-13,3490
2018-04-14,3578
2018-04-15,3611
2018-04-16,1771
2018-04-17,1220
2018-04-18,1389
2018-04-19,2892
2018-04-20,3841
2018-04-21,6215
2018-04-22,5283
2018-04-23,2718
2018-04-24,2742
2018-04-25,2656
2018-04-26,2136
2018-04-27,4357
2018-04-28,4883
2018-04-29,3632
2018-04-30,2917
2018-05-01,2254
2018-05-02,2753
2018-05-03,3551
2018-05-04,2766
2018-05-05,5509
2018-05-06,4372
2018-05-07,2531
2018-05-08,2807
2018-05-09,2596
2018-05-10,3075
2018-05-11,2557
2018-05-12,5426
2018-05-13,3232
2018-05-14,2605
2018-05-15,3266
2018-05-16,4067
2018-05-17,2216
2018-05-18,2653
2018-05-19,3550
2018-05-20,3930
2018-05-21,3014
2018-05-22,1550
2018-05-23,3181
2018-05-24,2190
2018-05-25,2183
2018-05-26,3650
2018-05-27,5343
2018-05-28,3045
2018-05-29,2439
2018-05-30,2200
2018-05-31,3655
2018-06-01,3527
2018-06-02,3478
2018-06-03,4211
2018-06-04,2815
2018-06-05,2930
2018-06-06,2366
2018-06-07,1816
2018-06-08,2536
2018-06-09,3482
2018-06-10,3822
2018-06-11,3473
2018-06-12,3283
2018-06-13,3326
2018-06-14,2267
2018-06-15,3171
2018-06-16,3050
2018-06-17,3844
2018-06-18,2352
2018-06-19,3156
2018-06-20,2153
2018-06-21,2451
2018-06-22,3937
2018-06-23,2445
2018-06-24,4730
2018-06-25,4795
2018-06-26,2129
2018-06-27,1628
2018-06-28,3586
2018-06-29,3219
2018-06-30,2954
2018-07-01,4605
2018-07-02,5413
2018-07-03,3000
2018-07-04,2753
2018-07-05,2576
2018-07-06,3516
2018-07-07,4424
2018-07-08,4848
2018-07-09,3740
2018-07-10,5318
2018-07-11,4546
2018-07-12,1660
2018-07-13,2877
2018-07-14,3884
2018-07-15,3929
2018-07-16,3325
2018-07-17,2935
2018-07-18,5351
2018-07-19,2559
2018-07-20,1628
2018-07-21,6079
2018-07-22,4588
2018-07-23,2249
2018-07-24,3030
2018-07-25,1645
2018-07-26,2498
2018-07-27,4936
2018-07-28,3677
2018-07-29,4732
2018-07-30,5451
2018-07-31,4075
2018-08-01,1701
2018-08-02,3426
2018-08-03,2876
2018-08-04,4115
2018-08-05,2805
2018-08-06,3501
2018-08-07,3817
2018-08-08,2295
2018-08-09,3024
2018-08-10,4185
2018-08-11,4063
2018-08-12,5727
2018-08-13,3296
2018-08-14,3647
2018-08-15,2823
2018-08-16,1592
2018-08-17,1953
2018-08-18,4977
2018-08-19,7959
2018-08-20,3402
2018-08-21,2840
2018-08-22,5778
2018-08-23,2968
2018-08-24,4107
2018-08-25,3745
2018-08-26,3661
2018-08-27,3875
2018-08-28,6178
2018-08-29,3015
2018-08-30,7579
2018-08-31,3234
2018-09-01,3585
2018-09-02,5704
2018-09-03,4679
2018-09-04,2011
2018-09-05,3461
2018-09-06,3216
2018-09-07,4219
2018-09-08,4493
2018-09-09,7424
2018-09-10,2768
2018-09-11,4403
2018-09-12,2486
2018-09-13,1557
2018-09-14,2668
2018-09-15,2299
2018-09-16,4917
2018-09-17,5364
2018-09-18,3148
2018-09-19,4345
2018-09-20,3200
2018-09-21,2250
2018-09-22,6122
2018-09-23,5335
2018-09-24,2667
2018-09-25,3610
2018-09-26,3167
2018-09-27,3914
2018-09-28,1939
2018-09-29,2573
2018-09-30,4795
2018-10-01,3917
2018-10-02,3364
2018-10-03,3315
2018-10-04,2843
2018-10-05,3333
2018-10-06,3092
2018-10-07,3986
2018-10-08,5007
2018-10-09,3394
2018-10-10,3851
2018-10-11,4205
2018-10-12,4087
2018-10-13,4426
2018-10-14,4745
2018-10-15,4723
2018-10-16,3036
2018-10-17,3593
2018-10-18,2530
2018-10-19,3318
2018-10-20,4456
2018-10-21,5689
2018-10-22,4033
2018-10-23,4498
2018-10-24,3571
2018-10-25,2286
2018-10-26,2889
2018-10-27,3215
2018-10-28,3296
2018-10-29,5063
2018-10-30,3793
2018-10-31,5384
2018-11-01,4559
2018-11-02,3839
2018-11-03,4242
2018-11-04,5863
2018-11-05,4340
2018-11-06,3831
2018-11-07,3271
2018-11-08,3047
2018-11-09,3813
2018-11-10,5145
2018-11-11,3977
2018-11-12,4957
2018-11-13,3953
2018-11-14,2760
2018-11-15,2489
2018-11-16,3107
2018-11-17,4941
2018-11-18,4092
2018-11-19,2776
2018-11-20,3663
2018-11-21,4217
2018-11-22,2211
2018-11-23,4248
2018-11-24,5180
2018-11-25,5368
2018-11-26,3732
2018-11-27,2659
2018-11-28,4578
2018-11-29,2351
2018-11-30,3655
2018-12-01,4222
2018-12-02,4387
2018-12-03,4958
2018-12-04,3744
2018-12-05,4639
2018-12-06,3870
2018-12-07,2711
2018-12-08,4382
2018-12-09,4812
2018-12-10,3260
2018-12-11,2663
2018-12-12,3916
2018-12-13,4682
2018-12-14,3231
2018-12-15,5672
2018-12-16,8548
2018-12-17,4765
2018-12-18,6615
2018-12-19,4479
2018-12-20,2095
2018-12-21,3778
2018-12-22,3695
2018-12-23,4599
2018-12-24,3725
2018-12-25,4610
2018-12-26,3962
2018-12-27,4726
2018-12-28,5821
2018-12-29,5427
2018-12-30,12047
2018-12-31,8425
2019-01-01,5816
2019-01-02,8483
2019-01-03,6013
2019-01-04,4978
2019-01-05,4457
2019-01-06,9193
2019-01-07,4771
2019-01-08,4044
2019-01-09,4493
2019-01-10,3776
2019-01-11,3907
2019-01-12,5792
2019-01-13,5226
2019-01-14,3273
2019-01-15,5542
2019-01-16,2437
2019-01-17,3885
2019-01-18,5033
2019-01-19,5023
2019-01-20,6755
2019-01-21,4413
2019-01-22,3915
2019-01-23,4214
2019-01-24,2656
2019-01-25,4985
2019-01-26,5404
2019-01-27,7688
2019-01-28,6641
2019-01-29,4015
2019-01-30,3430
2019-01-31,4024
2019-02-01,4510
2019-02-02,3830
2019-02-03,5460
2019-02-04,3415
2019-02-05,2636
2019-02-06,3138
2019-02-07,3385
2019-02-08,4897
2019-02-09,7705
2019-02-10,7827
2019-02-11,3916
2019-02-12,3558
2019-02-13,3430
2019-02-14,7184
2019-02-15,5131
2019-02-16,4568
2019-02-17,4672
2019-02-18,4892
2019-02-19,3374
2019-02-20,2534
2019-02-21,2026
2019-02-22,2936
2019-02-23,3368
2019-02-24,5499
2019-02-25,2012
2019-02-26,3370
2019-02-27,3349
2019-02-28,3975
2019-03-01,5514
2019-03-02,8431
2019-03-03,4395
2019-03-04,4455
2019-03-05,5240
2019-03-06,2863
2019-03-07,3504
2019-03-08,4691
2019-03-09,3705
2019-03-10,4979
2019-03-11,4517
2019-03-12,4413
2019-03-13,4327
2019-03-14,1854
2019-03-15,1817
2019-03-16,4342
2019-03-17,6759
2019-03-18,3792
2019-03-20,3364
2019-03-21,4128
2019-03-22,3598
2019-03-23,3448
2019-03-24,4422
2019-03-25,3736
2019-03-26,4559
2019-03-27,3825
2019-03-28,3531
2019-03-29,5359
2019-03-30,5845
2019-03-31,4020
2019-04-01,4205
2019-04-02,9514
2019-04-03,4446
2019-04-04,6833
2019-04-05,4427
2019-04-06,3916
2019-04-07,5296
2019-04-08,2781
2019-04-09,5449
2019-04-10,4018
2019-04-11,3302
2019-04-12,3155
2019-04-13,4176
2019-04-14,3173
2019-04-15,2975
2019-04-16,3680
2019-04-17,4494
2019-04-18,2653
2019-04-19,3773
2019-04-20,4878
2019-04-21,2571
2019-04-22,2379
2019-04-23,2754
2019-04-24,2132
2019-04-25,2385
2019-04-26,3349
2019-04-27,7475
2019-04-28,4777
2019-04-29,2499
2019-04-30,2053
2019-05-01,3561
2019-05-02,3057
2019-05-03,4738
2019-05-04,4273
2019-05-05,5000
2019-05-06,5245
2019-05-07,3689
2019-05-08,3578
2019-05-09,3013
2019-05-10,3133
2019-05-11,5259
2019-05-12,5072
2019-05-13,4731
2019-05-14,3021
2019-05-15,2443
2019-05-16,2199
2019-05-17,2874
2019-05-18,5384
2019-05-19,3832
2019-05-20,4540
2019-05-21,2613
2019-05-22,3431
2019-05-23,3894
2019-05-24,10182
2019-05-25,5734
2019-05-26,6935
2019-05-27,5305
2019-05-28,2554
2019-05-29,2057
2019-05-30,6455
2019-05-31,2150
2019-06-01,3852
2019-06-02,5165
2019-06-03,2800
2019-06-04,2470
2019-06-05,2100
2019-06-06,1271
2019-06-07,2163
2019-06-08,3608
2019-06-09,3407
2019-06-10,3219
2019-06-11,1806
2019-06-12,2989
2019-06-13,1832
2019-06-14,2640
2019-06-15,3076
2019-06-16,3221
2019-06-17,2546
2019-06-18,1736
2019-06-19,4710
2019-06-20,2209
2019-06-21,2882
2019-06-22,4080
2019-06-23,4078
2019-06-24,4003
2019-06-25,1789
2019-06-26,3396
2019-06-27,2199
2019-06-28,2317
2019-06-29,4403
2019-06-30,3015
2019-07-01,2993
2019-07-02,2825
2019-07-03,2847
2019-07-04,3819
2019-07-05,2394
2019-07-06,2537
2019-07-07,2130
2019-07-08,1861
2019-07-09,1873
2019-07-10,2431
2019-07-11,3041
2019-07-12,3628
2019-07-13,3139
2019-07-14,4151
2019-07-15,2666
2019-07-16,3951
2019-07-17,3637
2019-07-18,3596
2019-07-19,4833
2019-07-20,4841
2019-07-21,4638
2019-07-22,2838
2019-07-23,3813
2019-07-24,3119
2019-07-25,2096
2019-07-26,4454
2019-07-27,4667
2019-07-28,2747
2019-07-29,3756
2019-07-30,3201
2019-07-31,2463
2019-08-01,2055
2019-08-02,5357
2019-08-03,3976
2019-08-04,4643
2019-08-05,4372
2019-08-06,3977
2019-08-07,2246
2019-08-08,1940
2019-08-09,3725
2019-08-10,3754
2019-08-11,3867
2019-08-12,2777
2019-08-13,2628
2019-08-14,2991
2019-08-15,5138
2019-08-16,3681
2019-08-17,3674
2019-08-18,3939
2019-08-19,2530
2019-08-20,2867
2019-08-21,2399
2019-08-22,4575
2019-08-23,3127
2019-08-24,6610
2019-08-25,2685
2019-08-26,3405
2019-08-27,2485
2019-08-28,3934
2019-08-29,3336
2019-08-30,2200
2019-08-31,3637
2019-09-01,4942
2019-09-02,2969
2019-09-03,3816
2019-09-04,4781
2019-09-05,2833
2019-09-06,1952
2019-09-07,3602
2019-09-08,3200
2019-09-09,2114
2019-09-10,8194
2019-09-11,1325
2019-09-12,2541
2019-09-13,2173
2019-09-14,3069
2019-09-15,7191
2019-09-16,2720
2019-09-17,2200
2019-09-18,2142
2019-09-19,22917
2019-09-20,5356
2019-09-21,5511
2019-09-22,5589
2019-09-23,3786
2019-09-24,3257
2019-09-25,4068
2019-09-26,3933
2019-09-27,5038
2019-09-28,3268
2019-09-29,6129
2019-09-30,2875
2019-10-01,2775
2019-10-02,2547
2019-10-03,3371
2019-10-04,4559
2019-10-05,2939
2019-10-06,2553
2019-10-07,5413
2019-10-08,3435
2019-10-09,2422
2019-10-10,3450
2019-10-11,1303
2019-10-12,6449
2019-10-13,4889
2019-10-14,4597
2019-10-15,2129
2019-10-16,2311
2019-10-17,1626
2019-10-18,2282
2019-10-19,2666
2019-10-20,4101
2019-10-21,3597
2019-10-22,1995
2019-10-23,1922
2019-10-24,4158
2019-10-25,3049
2019-10-26,3317
2019-10-27,1947
2019-10-28,2067
2019-10-29,4447
2019-10-30,2435
2019-10-31,2042
2019-11-01,3120
2019-11-02,4165
2019-11-03,2733
2019-11-04,2711
2019-11-05,4193
2019-11-06,3147
2019-11-07,3321
2019-11-08,4604
2019-11-09,2845
2019-11-10,2984
2019-11-11,4151
2019-11-12,4058
2019-11-13,3602
2019-11-14,1880
2019-11-15,2457
2019-11-16,2814
2019-11-17,3803
2019-11-18,3084
2019-11-19,2527
2019-11-20,1877
2019-11-21,1563
2019-11-22,1683
2019-11-23,3877
2019-11-24,6130
2019-11-25,2259
2019-11-26,3220
2019-11-27,2533
2019-11-28,3407
2019-11-29,4544
2019-11-30,6778
2019-12-01,5775
2019-12-02,4632
2019-12-03,6409
2019-12-04,3117
2019-12-05,2345
2019-12-06,2042
2019-12-07,3423
2019-12-08,2264
2019-12-09,2758
2019-12-10,2358
2019-12-11,1697
2019-12-12,1427
2019-12-13,1723
2019-12-14,1902
2019-12-15,2088
2019-12-16,1871
2019-12-17,1255
2019-12-18,1920
2019-12-19,3538
2019-12-20,2842
2019-12-21,2992
2019-12-22,2957
2019-12-23,4876
2019-12-24,2353
2019-12-25,1837
2019-12-26,3281
2019-12-27,3851
2019-12-28,3087
2019-12-29,3908
2019-12-30,4487
2019-12-31,3919
2020-01-01,4558
2020-01-02,4025
2020-01-03,5369
2020-01-04,5927
2020-01-05,3148
2020-01-06,5163
2020-01-07,3461
2020-01-08,3123
2020-01-09,2990
2020-01-10,3037
2020-01-11,4382
2020-01-12,3355
2020-01-13,3398
2020-01-14,3702
2020-01-15,3822
2020-01-16,4508
2020-01-17,6971
2020-01-18,4446
2020-01-19,4332
2020-01-20,4120
2020-01-21,2923
2020-01-22,2902
2020-01-23,3826
2020-01-24,3276
2020-01-25,3900
2020-01-26,3681
2020-01-27,3496
2020-01-28,2715
2020-01-29,4448
2020-01-30,2646
2020-01-31,7171
2020-02-01,4896
2020-02-02,3396
2020-02-03,1635
2020-02-04,2889
2020-02-05,2504
2020-02-06,2784
2020-02-07,3470
2020-02-08,3291
2020-02-09,3484
2020-02-10,6018
2020-02-11,4492
2020-02-12,2535
2020-02-13,2718
2020-02-14,2656
2020-02-15,3850
2020-02-16,4988
2020-02-17,3696
2020-02-18,7251
2020-02-19,3011
2020-02-20,1598
2020-02-21,2654
2020-02-22,4957
2020-02-23,3558
2020-02-24,3772
2020-02-25,4169
2020-02-26,2274
2020-02-27,3135
2020-02-28,2779
2020-02-29,2643
2020-03-01,2561
2020-03-02,2377
2020-03-03,2612
2020-03-04,2561
2020-03-05,3395
2020-03-06,3288
2020-03-07,4228
2020-03-08,5660
2020-03-09,1773
2020-03-10,808
2020-03-11,2242
2020-03-12,2429
2020-03-13,2372
2020-03-14,4174
2020-03-15,4583
2020-03-16,7262
2020-03-17,5724
2020-03-18,2730
2020-03-19,4649
2020-03-20,3927
2020-03-21,8050
2020-03-22,5780
2020-03-23,6552
2020-03-24,5443
2020-03-25,3948
2020-03-26,7335
2020-03-27,7664
2020-03-28,10253
2020-03-29,9033
2020-03-30,6097
2020-03-31,6582
2020-04-01,5391
2020-04-02,5186
2020-04-03,8254
2020-04-04,6373
2020-04-05,9394
2020-04-06,8680
2020-04-07,3987
2020-04-08,6468
2020-04-09,5770
2020-04-10,7231
2020-04-11,7530
2020-04-12,5658
2020-04-13,8535
2020-04-14,8076
2020-04-15,6722
2020-04-16,5167
2020-04-17,7593
2020-04-18,6921
2020-04-19,10005
2020-04-20,5999
2020-04-21,5629
2020-04-22,5095
2020-04-23,3750
2020-04-24,4142
2020-04-25,5833
2020-04-26,7777
2020-04-27,7597
2020-04-28,5277
2020-04-29,6952
2020-04-30,4031
2020-05-01,7246
2020-05-02,7697
2020-05-03,11091
2020-05-04,6557
2020-05-05,5744
2020-05-06,5171
2020-05-07,4474
2020-05-08,5044
2020-05-09,6059
2020-05-10,6193
2020-05-11,3861
2020-05-12,5462
2020-05-13,4504
2020-05-14,5229
2020-05-15,5848
2020-05-16,10885
2020-05-17,6117
2020-05-18,4956
2020-05-19,4329
2020-05-20,3802
2020-05-21,4025
2020-05-22,5171
2020-05-23,6696
2020-05-24,7117
2020-05-25,5097
2020-05-26,5224
2020-05-27,4320
2020-05-28,5225
2020-05-29,4518
2020-05-30,6307
2020-05-31,3647
2020-06-01,4206
2020-06-02,2286
2020-06-03,2368
2020-06-04,3311
2020-06-05,3921
2020-06-06,5481
2020-06-07,2760
2020-06-08,4742
2020-06-09,4420
2020-06-10,5315
2020-06-11,3664
2020-06-12,3870
2020-06-13,2910
2020-06-14,7811
2020-06-15,4952
2020-06-16,3652
2020-06-17,3697
2020-06-18,4072
2020-06-19,2643
2020-06-20,8908
2020-06-21,3716
2020-06-22,4937
2020-06-23,4581
2020-06-24,2396
2020-06-25,3840
2020-06-26,4402
2020-06-27,3876
2020-06-28,3527
2020-06-29,5115
2020-06-30,4649
2020-07-01,3847
2020-07-02,4819
2020-07-03,3908
2020-07-04,4823
2020-07-05,4368
2020-07-06,4933
2020-07-07,5734
2020-07-08,4483
2020-07-09,3347
2020-07-10,3467
2020-07-11,4361
2020-07-12,4237
2020-07-13,5120
2020-07-14,2364
2020-07-15,3600
2020-07-16,3423
2020-07-17,4826
2020-07-18,4619
2020-07-19,5549
2020-07-20,3874
2020-07-21,3310
2020-07-22,5480
2020-07-23,5503
2020-07-24,4482
2020-07-25,3433
2020-07-26,6939
2020-07-27,5865
2020-07-28,4038
2020-07-29,3758
2020-07-30,4708
2020-07-31,3075
2020-08-01,6274
2020-08-02,6240
2020-08-03,4466
2020-08-04,2702
2020-08-05,4291
2020-08-06,2232
2020-08-07,2944
2020-08-08,4338
2020-08-09,5073
2020-08-10,3923
2020-08-11,4648
2020-08-12,5338
2020-08-13,1728
2020-08-14,5747
2020-08-15,4699
2020-08-16,5707
2020-08-17,5914
2020-08-18,3980
2020-08-19,3342
2020-08-20,3709
2020-08-21,2741
2020-08-22,5384
2020-08-23,8355
2020-08-24,3844
2020-08-25,3695
2020-08-26,4886
2020-08-27,3508
2020-08-28,5417
2020-08-29,6329
2020-08-30,4186
2020-08-31,3999
2020-09-01,4431
2020-09-02,3520
2020-09-03,3947
2020-09-04,4772
2020-09-05,4395
2020-09-06,5191
2020-09-07,5810
2020-09-08,2724
2020-09-09,3930
2020-09-10,4431
2020-09-11,2449
2020-09-12,5942
2020-09-13,5758
2020-09-14,5207
2020-09-15,2430
2020-09-16,3685
2020-09-17,3693
2020-09-18,2797
2020-09-19,2492
2020-09-20,4482
2020-09-21,3498
2020-09-22,3535
2020-09-23,3061
2020-09-24,3478
2020-09-25,3535
2020-09-26,5892
2020-09-27,6936
2020-09-28,3400
2020-09-29,4588
2020-09-30,2812
2020-10-01,2229
2020-10-02,4814
2020-10-03,4130
2020-10-04,6003
2020-10-05,6107
2020-10-06,2156
2020-10-07,2606
2020-10-08,2512
2020-10-09,3906
2020-10-10,4869
2020-10-11,7164
2020-10-12,4951
2020-10-13,1942
2020-10-14,3306
2020-10-15,3767
2020-10-16,4729
2020-10-17,3624
2020-10-18,6124
2020-10-19,5978
2020-10-20,4842
2020-10-21,2502
2020-10-22,5652
2020-10-23,3994
2020-10-24,4671
2020-10-25,5475
2020-10-26,4875
2020-10-27,6245
2020-10-28,4781
2020-10-29,4892
2020-10-30,2999
2020-10-31,4029
2020-11-01,3430
2020-11-02,5416
2020-11-03,2413
2020-11-04,2892
2020-11-05,3983
2020-11-06,3045
2020-11-07,6190
2020-11-08,5002
2020-11-09,4652
2020-11-10,5414
2020-11-11,4112
2020-11-12,3022
2020-11-13,6466
2020-11-14,3824
2020-11-15,6512
2020-11-16,6977
2020-11-17,5531
2020-11-18,5244
2020-11-19,3863
2020-11-20,3645
2020-11-21,4084
2020-11-22,6995
2020-11-23,3572
2020-11-24,3773
2020-11-25,3867
2020-11-26,2684
2020-11-27,2794
2020-11-28,5913
2020-11-29,6808
2020-11-30,3738
2020-12-01,5766
2020-12-02,4716
2020-12-03,3358
2020-12-04,5327
2020-12-05,4984
2020-12-06,6836
2020-12-07,3076
2020-12-08,3565
2020-12-09,2558
2020-12-10,3057
2020-12-11,2517
2020-12-12,4432
2020-12-13,4374
2020-12-14,4704
2020-12-15,5067
2020-12-16,3733
2020-12-17,2744
2020-12-18,2525
2020-12-19,4064
2020-12-20,6244
2020-12-21,4793
2020-12-22,2771
2020-12-23,2025
2020-12-24,3239
2020-12-25,2869
2020-12-26,4538
2020-12-27,4642
2020-12-28,5851
2020-12-29,5508
2020-12-30,7159
2020-12-31,4866
2021-01-01,5416
2021-01-02,12077
2021-01-03,6331
2021-01-04,6023
2021-01-05,3320
2021-01-06,2962
2021-01-07,3786
2021-01-08,3270
2021-01-09,4646
2021-01-10,4229
2021-01-11,3792
2021-01-12,4560
2021-01-13,2659
2021-01-14,5506
2021-01-15,2537
2021-01-16,5102
2021-01-17,6772
2021-01-18,3962
2021-01-19,4017
2021-01-20,4685
2021-01-21,6266
2021-01-22,7049
2021-01-23,4781
2021-01-24,5080
2021-01-25,5032
2021-01-26,4644
2021-01-27,4475
2021-01-28,3031
2021-01-29,4416
2021-01-30,3716
2021-01-31,5601
2021-02-01,5056
2021-02-02,5211
2021-02-03,4422
2021-02-04,3855
2021-02-05,5462
2021-02-06,4891
2021-02-07,6423
2021-02-08,3127
2021-02-09,2248
2021-02-10,4705
2021-02-11,2568
2021-02-12,2330
2021-02-13,4343
2021-02-14,5201
2021-02-15,8331
2021-02-16,7766
2021-02-17,4551
2021-02-18,4507
2021-02-19,3981
2021-02-20,3493
2021-02-21,5409
2021-02-22,4401
2021-02-23,3295
2021-02-24,5750
2021-02-25,3404
2021-02-26,3289
2021-02-27,3957
2021-02-28,8142
2021-03-01,2570
2021-03-02,2870
2021-03-03,3457
2021-03-04,2534
2021-03-05,4461
2021-03-06,4486
2021-03-07,5412
2021-03-08,4293
2021-03-09,4077
2021-03-10,1727
2021-03-11,2925
2021-03-12,4484
2021-03-13,4991
2021-03-14,4320
2021-03-15,4634
2021-03-16,6725
2021-03-17,2070
2021-03-18,3382
2021-03-19,2417
2021-03-20,5022
2021-03-21,5932
2021-03-22,4526
2021-03-23,5400
2021-03-24,2731
2021-03-25,2264
2021-03-26,2919
2021-03-27,6072
2021-03-28,5363
2021-03-29,3950
2021-03-30,3565
2021-03-31,2523
2021-04-01,1885
2021-04-02,2539
2021-04-03,4515
2021-04-04,5632
2021-04-05,3011
2021-04-06,2664
2021-04-07,3829
2021-04-08,1950
2021-04-09,5485
2021-04-10,4684
2021-04-11,4046
2021-04-12,4116
2021-04-13,3986
2021-04-14,4414
2021-04-15,2597
2021-04-16,3798
2021-04-17,3436
2021-04-18,4518
2021-04-19,4182
2021-04-20,2837
2021-04-21,3115
2021-04-22,3426
2021-04-23,2999
2021-04-24,3024
2021-04-25,8205
2021-04-26,6374
2021-04-27,2730
2021-04-28,2368
2021-04-29,2635
2021-04-30,7031
2021-05-01,3218
2021-05-02,3532
2021-05-03,2755
2021-05-04,3884
2021-05-05,5622
2021-05-06,4217
2021-05-07,2826
2021-05-08,2700
2021-05-09,3620
2021-05-10,2643
2021-05-11,1911
2021-05-12,3992
2021-05-13,2560
2021-05-14,1617
2021-05-15,4336
2021-05-16,5901
2021-05-17,3798
2021-05-18,3392
2021-05-19,2315
2021-05-20,2721
2021-05-21,2610
2021-05-22,3910
2021-05-23,4401
2021-05-24,2469
2021-05-25,2716
2021-05-26,2083
2021-05-27,2790
2021-05-28,3300
2021-05-29,3843
2021-05-30,3502
2021-05-31,4694
2021-06-01,2640
2021-06-02,2435
2021-06-03,1340
2021-06-04,1469
2021-06-05,3518
2021-06-06,5513
2021-06-07,3071
2021-06-08,4102
2021-06-09,3107
2021-06-10,1874
2021-06-11,2113
2021-06-12,2353
2021-06-13,3797
2021-06-14,5087
2021-06-15,2935
2021-06-16,3615
2021-06-17,2456
2021-06-18,2338
2021-06-19,2743
2021-06-20,4215
2021-06-21,2968
2021-06-22,2336
2021-06-23,1453
2021-06-24,3400
2021-06-25,3691
2021-06-26,4471
2021-06-27,3152
2021-06-28,3049
2021-06-29,2572
2021-06-30,3387
2021-07-01,2131
2021-07-02,2602
2021-07-03,2580
2021-07-04,3548
2021-07-05,3581
2021-07-06,2760
2021-07-07,1909
2021-07-08,2841
2021-07-09,2207
2021-07-10,4773
2021-07-11,5230
2021-07-12,3062
2021-07-13,3554
2021-07-14,2960
2021-07-15,2612
2021-07-16,2512
2021-07-17,5206
2021-07-18,4113
2021-07-19,3256
2021-07-20,1553
2021-07-21,1569
2021-07-22,2952
2021-07-23,1746
2021-07-24,3517
2021-07-25,4853
2021-07-26,3669
2021-07-27,4498
2021-07-28,2951
2021-07-29,3689
2021-07-30,3346
2021-07-31,2774
2021-08-01,2551
2021-08-02,2143
2021-08-03,2845
2021-08-04,2854
2021-08-05,4476
2021-08-06,2134
2021-08-07,2740
2021-08-08,4931
2021-08-09,2720
2021-08-10,2455
2021-08-11,2207
2021-08-12,3391
2021-08-13,3978
2021-08-14,2670
2021-08-15,5783
2021-08-16,3797
2021-08-17,2844
2021-08-18,4434
2021-08-19,2548
2021-08-20,2948
2021-08-21,2368
2021-08-22,2821
2021-08-23,1875
2021-08-24,6455
2021-08-25,2647
2021-08-26,3917
2021-08-27,2281
2021-08-28,2369
2021-08-29,3372
2021-08-30,4743
2021-08-31,2269
2021-09-01,2733
2021-09-02,3139
2021-09-03,3037
2021-09-04,2357
2021-09-05,3578
2021-09-06,4233
2021-09-07,2507
2021-09-08,2238
2021-09-09,1625
2021-09-10,4171
2021-09-11,2350
2021-09-12,2702
2021-09-13,3506
2021-09-14,1896
2021-09-15,2143
2021-09-16,2851
2021-09-17,3223
2021-09-18,2803
2021-09-19,4483
2021-09-20,2295
2021-09-21,1999
2021-09-22,1536
2021-09-23,2475
2021-09-24,1968
2021-09-25,7618
2021-09-26,2100
2021-09-27,1554
2021-09-28,2298
2021-09-29,3978
2021-09-30,2782
2021-10-01,1828
2021-10-02,4815
2021-10-03,2558
2021-10-04,2348
2021-10-05,2019
2021-10-06,1752
2021-10-07,1725
2021-10-08,2424
2021-10-09,2305
2021-10-10,2102
2021-10-11,2855
2021-10-12,1718
2021-10-13,1887
2021-10-14,1934
2021-10-15,1271
2021-10-16,1893
2021-10-17,1652
2021-10-18,1192
2021-10-19,2535
2021-10-20,1792
2021-10-21,1593
2021-10-22,2519
2021-10-23,2920
2021-10-24,2191
2021-10-25,2357
2021-10-26,1740
2021-10-27,1972
2021-10-28,2305
2021-10-29,4865
2021-10-30,3222
2021-10-31,3195
2021-11-01,3575
2021-11-02,2062
2021-11-03,1632
2021-11-04,2699
2021-11-05,1795
2021-11-06,2257
2021-11-07,2110
2021-11-08,1455
2021-11-09,1403
2021-11-10,2735
2021-11-11,3066
2021-11-12,2056
2021-11-13,3206
2021-11-14,2106
2021-11-15,2729
2021-11-16,2706
2021-11-17,1479
2021-11-18,1669
2021-11-19,3177
2021-11-20,2148
2021-11-21,3280
2021-11-22,1778
2021-11-23,1818
2021-11-24,3276
2021-11-25,1422
2021-11-26,4145
2021-11-27,3866
2021-11-28,3394
2021-11-29,2024
2021-11-30,1575
2021-12-01,1382
2021-12-02,1369
2021-12-03,1565
2021-12-04,1816
2021-12-05,2707
2021-12-06,2712
2021-12-07,1991
2021-12-08,1811
2021-12-09,3185
2021-12-10,2446
2021-12-11,2624
2021-12-12,3307
2021-12-13,3186
2021-12-14,1782
2021-12-15,2094
2021-12-16,2808
2021-12-17,3259
2021-12-18,2317
2021-12-19,2324
2021-12-20,3860
2021-12-21,2666
2021-12-22,2404
2021-12-23,2242
2021-12-24,5338
2021-12-25,3124
2021-12-26,2355
2021-12-27,3452
2021-12-28,3503
2021-12-29,6962
2021-12-30,2943
2021-12-31,2793
2022-01-01,4050
2022-01-02,4529
2022-01-03,3505
2022-01-04,3441
2022-01-05,4024
2022-01-06,3098
2022-01-07,4988
2022-01-08,2922
2022-01-09,5833
2022-01-10,3587
2022-01-11,5046
2022-01-12,2152
2022-01-13,4089
2022-01-14,6332
2022-01-15,3145
2022-01-16,3593
2022-01-17,5093
2022-01-18,4183
2022-01-19,2582
2022-01-20,4743
2022-01-21,3957
2022-01-22,3219
2022-01-23,3165
2022-01-24,2237
2022-01-25,2790
2022-01-26,3682
2022-01-27,2938
2022-01-28,949
2022-01-31,47
2022-02-01,3635
2022-02-02,2605
2022-02-03,3690
2022-02-04,4054
2022-02-05,8541
2022-02-06,4535
2022-02-07,4540
2022-02-08,3551
2022-02-09,2887
2022-02-10,1840
2022-02-11,2354
2022-02-12,2836
2022-02-13,2381
2022-02-14,3214
2022-02-15,4596
2022-02-16,3558
2022-02-17,3713
2022-02-18,3371
2022-02-19,2408
2022-02-20,2882
2022-02-21,3430
2022-02-22,2619
2022-02-23,2651
2022-02-24,1694
2022-02-25,2780
2022-02-26,1756
2022-02-27,1944
2022-02-28,488
2022-03-01,2438
2022-03-02,1985
2022-03-03,1847
2022-03-04,2379
2022-03-05,2867
2022-03-06,2085
2022-03-07,905
2022-03-08,523
2022-03-09,1351
2022-03-10,2026
2022-03-11,2289
2022-03-12,2768
2022-03-13,3318
2022-03-14,1220
2022-03-15,2690
2022-03-16,2495
2022-03-17,2056
2022-03-18,1602
2022-03-19,3010
2022-03-20,2885
2022-03-21,2489
2022-03-22,2201
2022-03-23,1612
2022-03-24,1211
2022-03-25,3512
2022-03-26,4403
2022-03-27,5809
2022-03-28,2959
2022-03-29,3154
2022-03-30,1543
2022-03-31,1499
2022-04-01,2063
2022-04-02,3400
2022-04-03,4465
2022-04-04,3576
2022-04-05,4146
2022-04-06,2619
2022-04-07,2197
2022-04-08,1296
2022-04-09,2430
2022-04-10,2987
2022-04-11,2234
2022-04-12,1418
2022-04-13,1796
2022-04-14,986
2022-04-15,1987
2022-04-16,2903
2022-04-17,5588
2022-04-18,2464
2022-04-19,2040
2022-04-20,2645
2022-04-21,3141
2022-04-22,2679
2022-04-23,2541
2022-04-24,4101
2022-04-25,2356
2022-04-26,1398
2022-04-27,1544
2022-04-28,1992
2022-04-29,2154
2022-04-30,2460
2022-05-01,3062
2022-05-02,3481
2022-05-03,1823
2022-05-04,1177
2022-05-05,2276
2022-05-06,1099
2022-05-07,2356
2022-05-08,2550
2022-05-09,2365
2022-05-10,1504
2022-05-11,1424
2022-05-12,1932
2022-05-13,1480
2022-05-14,1560
2022-05-15,2415
2022-05-16,1633
2022-05-17,4281
2022-05-18,1304
2022-05-19,1941
2022-05-20,2169
2022-05-21,2219
2022-05-22,1788
2022-05-23,2765
2022-05-24,977
2022-05-25,2137
2022-05-26,2169
2022-05-27,1011
2022-05-28,2228
2022-05-29,2479
2022-05-30,1284
2022-05-31,3136
2022-06-01,768
2022-06-02,1762
2022-06-03,2636
2022-06-04,3094
2022-06-05,3344
2022-06-06,2726
2022-06-07,2071
2022-06-08,1702
2022-06-09,1962
2022-06-10,1867
2022-06-11,3226
2022-06-12,1695
2022-06-13,3425
2022-06-14,1535
2022-06-15,1503
2022-06-16,2065
2022-06-17,2040
2022-06-18,2383
2022-06-19,3664
2022-06-20,2589
2022-06-21,2492
2022-06-22,1809
2022-06-23,1733
2022-06-24,3296
2022-06-25,1505
2022-06-26,2488
2022-06-27,4509
2022-06-28,1989
2022-06-29,2596
2022-06-30,996
2022-07-01,1464
2022-07-02,1587
2022-07-03,2082
2022-07-04,2179
2022-07-05,1225
2022-07-06,1148
2022-07-07,1852
2022-07-08,1217
2022-07-09,1390
2022-07-10,1928
2022-07-11,1975
2022-07-12,2380
2022-07-13,2632
2022-07-14,2038
2022-07-15,4890
2022-07-16,2115
2022-07-17,3025
2022-07-18,1482
2022-07-19,1387
2022-07-20,1114
2022-07-21,1386
2022-07-22,1218
2022-07-23,3055
2022-07-24,1953
2022-07-25,1765
2022-07-26,2661
2022-07-27,1830
2022-07-28,3085
2022-07-29,1228
2022-07-30,2074
2022-07-31,2807
2022-08-01,1780
2022-08-02,1638
2022-08-03,1901
2022-08-04,1246
2022-08-05,1091
2022-08-06,1757
2022-08-07,2884
2022-08-08,2687
2022-08-09,5979
2022-08-10,2664
2022-08-11,1919
2022-08-12,2509
2022-08-13,1844
2022-08-14,5010
2022-08-15,2576
2022-08-16,3223
2022-08-17,1649
2022-08-18,2108
2022-08-19,3492
2022-08-20,2201
2022-08-21,3924
2022-08-22,2062
2022-08-23,1529
2022-08-24,3700
2022-08-25,2387
2022-08-26,1992
2022-08-27,4094
2022-08-28,2684
2022-08-29,2477
2022-08-30,2532
2022-08-31,1719
2022-09-01,2860
2022-09-02,1993
2022-09-03,1764
2022-09-04,2394
2022-09-05,1705
2022-09-06,1739
2022-09-07,1543
2022-09-08,1138
2022-09-09,2607
2022-09-10,2206
2022-09-11,5293
2022-09-12,1936
2022-09-13,2369
2022-09-14,1304
2022-09-15,2131
2022-09-16,1397
2022-09-17,2875
2022-09-18,2150
2022-09-19,2291
2022-09-20,1837
2022-09-21,2135
2022-09-22,1636
2022-09-23,932
2022-09-24,2462
2022-09-25,2143
2022-09-26,1906
2022-09-27,1041
2022-09-28,1621
2022-09-29,1977
2022-09-30,8218
2022-10-01,1286
2022-10-02,1392
2022-10-03,1101
2022-10-04,1413
2022-10-05,1717
2022-10-06,1925
2022-10-07,2529
2022-10-08,3576
2022-10-09,2682
2022-10-10,1973
2022-10-11,2362
2022-10-12,2318
2022-10-13,1707
2022-10-14,2497
2022-10-15,2079
2022-10-16,3890
2022-10-17,3886
2022-10-18,2325
2022-10-19,1551
2022-10-20,1229
2022-10-21,1736
2022-10-22,1424
2022-10-23,2288
2022-10-24,1150
2022-10-25,1394
2022-10-26,1604
2022-10-27,2043
2022-10-28,1973
2022-10-29,1592
2022-10-30,2724
2022-10-31,1600
2022-11-01,1714
2022-11-02,1834
2022-11-03,2310
2022-11-04,1417
2022-11-05,1770
2022-11-06,3983
2022-11-07,2554
2022-11-08,2812
2022-11-09,2646
2022-11-10,3096
2022-11-11,2429
2022-11-12,3388
2022-11-13,3411
2022-11-14,1677
2022-11-15,1660
2022-11-16,3121
2022-11-17,4797
2022-11-18,2274
2022-11-19,2199
2022-11-20,3281
2022-11-21,1978
2022-11-22,1685
2022-11-23,1498
2022-11-24,1904
2022-11-25,3152
2022-11-26,2008
2022-11-27,2840
2022-11-28,2358
2022-11-29,1915
2022-11-30,1721
2022-12-01,1368
2022-12-02,1143
2022-12-03,1502
2022-12-04,2891
2022-12-05,1691
2022-12-06,2505
2022-12-07,2335
2022-12-08,2381
2022-12-09,2052
2022-12-10,4235
2022-12-11,3650
2022-12-12,2162
2022-12-13,1542
2022-12-14,4037
2022-12-15,2257
2022-12-16,1919
2022-12-17,3034
2022-12-18,1497
2022-12-19,1838
2022-12-20,1514
2022-12-21,3882
2022-12-22,3314
2022-12-23,1428
2022-12-24,1869
2022-12-25,5050
2022-12-26,3417
2022-12-27,5695
2022-12-28,2386
2022-12-29,3450
2022-12-30,2576
2022-12-31,1817
2023-01-01,3502
2023-01-02,3761
2023-01-03,2172
2023-01-04,4869
2023-01-05,3276
2023-01-06,2865
2023-01-07,2741
2023-01-08,4485
2023-01-09,4655
2023-01-10,3244
2023-01-11,2925
2023-01-12,2410
2023-01-13,3025
2023-01-14,4681
2023-01-15,4324
2023-01-16,2852
2023-01-17,2926
2023-01-18,2246
2023-01-19,2411
2023-01-20,3138
2023-01-21,2612
2023-01-22,2893
2023-01-23,3230
2023-01-24,2198
2023-01-25,3274
2023-01-26,4216
2023-01-27,2495
2023-01-28,3512
2023-01-29,3606
2023-01-30,2840
2023-01-31,2528
2023-02-01,1484
2023-02-02,1287
2023-02-03,2659
2023-02-04,3731
2023-02-05,3856
2023-02-06,1633
2023-02-07,4075
2023-02-08,2469
2023-02-09,3238
2023-02-10,2316
2023-02-11,4753
2023-02-12,3306
2023-02-13,1703
2023-02-14,2642
2023-02-15,1922
2023-02-16,2259
2023-02-17,2299
2023-02-18,3673
2023-02-19,2403
2023-02-20,3182
2023-02-21,2328
2023-02-22,3693
2023-02-23,1979
2023-02-24,1302
2023-02-25,2538
2023-02-26,2860
2023-02-27,2361
2023-02-28,3203
2023-03-01,2809
2023-03-02,5578
2023-03-03,2945
2023-03-04,2630
2023-03-05,3073
2023-03-06,3691
2023-03-07,3015
2023-03-08,2021
2023-03-09,2483
2023-03-10,4025
2023-03-11,3413
2023-03-12,3278
2023-03-13,1639
2023-03-14,1840
2023-03-15,1783
2023-03-16,1424
2023-03-17,3766
2023-03-18,1252
2023-03-19,1442
2023-03-20,1855
2023-03-21,1336
2023-03-22,1925
2023-03-23,1604
2023-03-24,2281
2023-03-25,4609
2023-03-26,4370
2023-03-27,1478
2023-03-28,1703
2023-03-29,2737
2023-03-30,1936
2023-03-31,1794
2023-04-01,2347
2023-04-02,2121
2023-04-03,2822
2023-04-04,2160
2023-04-05,1688
2023-04-06,1672
2023-04-07,2364
2023-04-08,2076
2023-04-09,3635
2023-04-10,2146
2023-04-11,2214
2023-04-12,4567
2023-04-13,2118
2023-04-14,2295
2023-04-15,3830
2023-04-16,7810
2023-04-17,2636
2023-04-18,1466
2023-04-19,1407
2023-04-20,2428
2023-04-21,1246
2023-04-22,2332
2023-04-23,3068
2023-04-24,4255
2023-04-25,2090
2023-04-26,1978
2023-04-27,1605
2023-04-28,1975
2023-04-29,1704
2023-04-30,1597
2023-05-01,2292
2023-05-02,3512
2023-05-03,3540
2023-05-04,1575
2023-05-05,2803
2023-05-06,5101
2023-05-07,2827
2023-05-08,4326
2023-05-09,1743
2023-05-10,1902
2023-05-11,1933
2023-05-12,2195
2023-05-13,2614
2023-05-14,2220
2023-05-15,2196
2023-05-16,1490
2023-05-17,1578
2023-05-18,1512
2023-05-19,3636
2023-05-20,2476
2023-05-21,3667
2023-05-22,1828
2023-05-23,2617
2023-05-24,2259
2023-05-25,2157
2023-05-26,1506
2023-05-27,2226
2023-05-28,3723
2023-05-29,1425
2023-05-30,2149
2023-05-31,1606
2023-06-01,2045
2023-06-02,922
2023-06-03,2228
2023-06-04,2579
2023-06-05,2070
2023-06-06,1631
2023-06-07,1792
2023-06-08,3030
2023-06-09,1296
2023-06-10,2685
2023-06-11,2674
2023-06-12,2823
2023-06-13,1437
2023-06-14,1656
2023-06-15,1718
2023-06-16,1330
2023-06-17,1237
2023-06-18,1994
2023-06-19,3004
2023-06-20,1609
2023-06-21,1247
2023-06-22,1631
2023-06-23,2620
2023-06-24,4292
2023-06-25,4559
2023-06-26,2796
2023-06-27,4647
2023-06-28,1877
2023-06-29,1648
2023-06-30,1536
2023-07-01,1490
2023-07-02,2151
2023-07-03,2438
2023-07-04,2192
2023-07-05,1619
2023-07-06,2994
2023-07-07,1233
2023-07-08,1985
2023-07-09,1938
2023-07-10,1489
2023-07-11,5156
2023-07-12,3641
2023-07-13,2235
2023-07-14,4927
2023-07-15,3500
2023-07-16,2800
2023-07-17,4016
2023-07-18,5452
2023-07-19,1815
2023-07-20,2035
2023-07-21,2184
2023-07-22,2098
2023-07-23,3401
2023-07-24,3360
2023-07-25,3223
2023-07-26,3185
2023-07-27,1969
2023-07-28,2698
2023-07-29,6770
2023-07-30,3582
2023-07-31,1934
2023-08-01,4454
2023-08-02,2710
2023-08-03,3780
2023-08-04,5790
2023-08-05,4374
2023-08-06,3336
2023-08-07,2982
2023-08-08,2708
2023-08-09,1996
2023-08-10,2283
2023-08-11,3599
2023-08-12,3067
2023-08-13,3443
2023-08-14,3028
2023-08-15,2016
2023-08-16,2813
2023-08-17,3841
2023-08-18,3326
2023-08-19,2006
2023-08-20,2509
2023-08-21,1692
2023-08-22,4181
2023-08-23,2260
2023-08-24,2415
2023-08-25,2870
2023-08-26,2744
2023-08-27,3199
2023-08-28,3871
2023-08-29,2932
2023-08-30,2497
2023-08-31,2711
2023-09-01,2820
2023-09-02,4802
2023-09-03,2937
2023-09-04,2534
2023-09-05,1600
2023-09-06,3757
2023-09-07,4481
2023-09-08,2122
2023-09-09,1585
2023-09-10,5389
2023-09-11,3341
2023-09-12,1618
2023-09-13,2229
2023-09-14,2624
2023-09-15,1731
2023-09-16,3637
2023-09-17,4870
2023-09-18,3648
2023-09-19,6237
2023-09-20,3122
2023-09-21,3260
2023-09-22,2338
2023-09-23,2477
2023-09-24,1808
2023-09-25,3058
2023-09-26,2453
2023-09-27,3348
2023-09-28,2152
2023-09-29,2840
2023-09-30,4814
2023-10-01,3432
2023-10-02,3724
2023-10-03,3317
2023-10-04,2768
2023-10-05,4452
2023-10-06,1654
2023-10-07,3916
2023-10-08,2387
2023-10-09,4028
2023-10-10,1466
2023-10-11,742
2023-10-12,1455
2023-10-13,107
