source_file,movieId,issue,severity,details
movies_processed.csv,52696,missing_ratings,drop,ratingCount == 0
movies_processed.csv,58209,missing_ratings,drop,ratingCount == 0
movies_processed.csv,69864,missing_ratings,drop,ratingCount == 0
movies_processed.csv,70312,missing_ratings,drop,ratingCount == 0
movies_processed.csv,71355,missing_ratings,drop,ratingCount == 0
movies_processed.csv,78719,missing_ratings,drop,ratingCount == 0
movies_processed.csv,78871,missing_ratings,drop,ratingCount == 0
movies_processed.csv,79363,missing_ratings,drop,ratingCount == 0
movies_processed.csv,79899,missing_ratings,drop,ratingCount == 0
movies_processed.csv,80052,missing_ratings,drop,ratingCount == 0
movies_processed.csv,80226,missing_ratings,drop,ratingCount == 0
movies_processed.csv,85140,missing_ratings,drop,ratingCount == 0
movies_processed.csv,85207,missing_ratings,drop,ratingCount == 0
movies_processed.csv,86673,missing_ratings,drop,ratingCount == 0
movies_processed.csv,87175,missing_ratings,drop,ratingCount == 0
movies_processed.csv,87466,missing_ratings,drop,ratingCount == 0
movies_processed.csv,87888,missing_ratings,drop,ratingCount == 0
movies_processed.csv,88185,missing_ratings,drop,ratingCount == 0
movies_processed.csv,88855,missing_ratings,drop,ratingCount == 0
movies_processed.csv,88897,missing_ratings,drop,ratingCount == 0
movies_processed.csv,89539,missing_ratings,drop,ratingCount == 0
movies_processed.csv,91161,missing_ratings,drop,ratingCount == 0
movies_processed.csv,92087,missing_ratings,drop,ratingCount == 0
movies_processed.csv,92847,missing_ratings,drop,ratingCount == 0
movies_processed.csv,95643,missing_ratings,drop,ratingCount == 0
movies_processed.csv,96823,missing_ratings,drop,ratingCount == 0
movies_processed.csv,98311,missing_ratings,drop,ratingCount == 0
movies_processed.csv,98313,missing_ratings,drop,ratingCount == 0
movies_processed.csv,98398,missing_ratings,drop,ratingCount == 0
movies_processed.csv,98452,missing_ratings,drop,ratingCount == 0
movies_processed.csv,99020,missing_ratings,drop,ratingCount == 0
movies_processed.csv,99022,missing_ratings,drop,ratingCount == 0
movies_processed.csv,99899,missing_ratings,drop,ratingCount == 0
movies_processed.csv,101176,missing_ratings,drop,ratingCount == 0
movies_processed.csv,101229,missing_ratings,drop,ratingCount == 0
movies_processed.csv,101237,missing_ratings,drop,ratingCount == 0
movies_processed.csv,102082,missing_ratings,drop,ratingCount == 0
movies_processed.csv,102135,missing_ratings,drop,ratingCount == 0
movies_processed.csv,102150,missing_ratings,drop,ratingCount == 0
movies_processed.csv,103968,missing_ratings,drop,ratingCount == 0
movies_processed.csv,103970,missing_ratings,drop,ratingCount == 0
movies_processed.csv,104026,missing_ratings,drop,ratingCount == 0
movies_processed.csv,104261,missing_ratings,drop,ratingCount == 0
movies_processed.csv,104656,missing_ratings,drop,ratingCount == 0
movies_processed.csv,105279,missing_ratings,drop,ratingCount == 0
movies_processed.csv,105589,missing_ratings,drop,ratingCount == 0
movies_processed.csv,105591,missing_ratings,drop,ratingCount == 0
movies_processed.csv,105796,missing_ratings,drop,ratingCount == 0
movies_processed.csv,106028,missing_ratings,drop,ratingCount == 0
movies_processed.csv,106037,missing_ratings,drop,ratingCount == 0
movies_processed.csv,106284,missing_ratings,drop,ratingCount == 0
movies_processed.csv,106419,missing_ratings,drop,ratingCount == 0
movies_processed.csv,107291,missing_ratings,drop,ratingCount == 0
movies_processed.csv,107432,missing_ratings,drop,ratingCount == 0
movies_processed.csv,107442,missing_ratings,drop,ratingCount == 0
movies_processed.csv,107774,missing_ratings,drop,ratingCount == 0
movies_processed.csv,107776,missing_ratings,drop,ratingCount == 0
movies_processed.csv,108046,missing_ratings,drop,ratingCount == 0
movies_processed.csv,108304,missing_ratings,drop,ratingCount == 0
movies_processed.csv,108374,missing_ratings,drop,ratingCount == 0
movies_processed.csv,108432,missing_ratings,drop,ratingCount == 0
movies_processed.csv,108637,missing_ratings,drop,ratingCount == 0
movies_processed.csv,108679,missing_ratings,drop,ratingCount == 0
movies_processed.csv,108743,missing_ratings,drop,ratingCount == 0
movies_processed.csv,108748,missing_ratings,drop,ratingCount == 0
movies_processed.csv,108995,missing_ratings,drop,ratingCount == 0
movies_processed.csv,109233,missing_ratings,drop,ratingCount == 0
movies_processed.csv,109271,missing_ratings,drop,ratingCount == 0
movies_processed.csv,109647,missing_ratings,drop,ratingCount == 0
movies_processed.csv,109706,missing_ratings,drop,ratingCount == 0
movies_processed.csv,109745,missing_ratings,drop,ratingCount == 0
movies_processed.csv,109837,missing_ratings,drop,ratingCount == 0
movies_processed.csv,109917,missing_ratings,drop,ratingCount == 0
movies_processed.csv,109979,missing_ratings,drop,ratingCount == 0
movies_processed.csv,110088,missing_ratings,drop,ratingCount == 0
movies_processed.csv,110151,missing_ratings,drop,ratingCount == 0
movies_processed.csv,110153,missing_ratings,drop,ratingCount == 0
movies_processed.csv,110161,missing_ratings,drop,ratingCount == 0
movies_processed.csv,110248,missing_ratings,drop,ratingCount == 0
movies_processed.csv,110250,missing_ratings,drop,ratingCount == 0
movies_processed.csv,110384,missing_ratings,drop,ratingCount == 0
movies_processed.csv,110399,missing_ratings,drop,ratingCount == 0
movies_processed.csv,110401,missing_ratings,drop,ratingCount == 0
movies_processed.csv,110476,missing_ratings,drop,ratingCount == 0
movies_processed.csv,110822,missing_ratings,drop,ratingCount == 0
movies_processed.csv,110919,missing_ratings,drop,ratingCount == 0
movies_processed.csv,111150,missing_ratings,drop,ratingCount == 0
movies_processed.csv,111307,missing_ratings,drop,ratingCount == 0
movies_processed.csv,111523,missing_ratings,drop,ratingCount == 0
movies_processed.csv,111560,missing_ratings,drop,ratingCount == 0
movies_processed.csv,111667,missing_ratings,drop,ratingCount == 0
movies_processed.csv,111678,missing_ratings,drop,ratingCount == 0
movies_processed.csv,111720,missing_ratings,drop,ratingCount == 0
movies_processed.csv,112017,missing_ratings,drop,ratingCount == 0
movies_processed.csv,112232,missing_ratings,drop,ratingCount == 0
movies_processed.csv,112234,missing_ratings,drop,ratingCount == 0
movies_processed.csv,112367,missing_ratings,drop,ratingCount == 0
movies_processed.csv,112419,missing_ratings,drop,ratingCount == 0
movies_processed.csv,112563,missing_ratings,drop,ratingCount == 0
movies_processed.csv,112570,missing_ratings,drop,ratingCount == 0
movies_processed.csv,112670,missing_ratings,drop,ratingCount == 0
movies_processed.csv,112697,missing_ratings,drop,ratingCount == 0
movies_processed.csv,112702,missing_ratings,drop,ratingCount == 0
movies_processed.csv,112840,missing_ratings,drop,ratingCount == 0
movies_processed.csv,112901,missing_ratings,drop,ratingCount == 0
movies_processed.csv,113018,missing_ratings,drop,ratingCount == 0
movies_processed.csv,113058,missing_ratings,drop,ratingCount == 0
movies_processed.csv,113145,missing_ratings,drop,ratingCount == 0
movies_processed.csv,113168,missing_ratings,drop,ratingCount == 0
movies_processed.csv,113195,missing_ratings,drop,ratingCount == 0
movies_processed.csv,113319,missing_ratings,drop,ratingCount == 0
movies_processed.csv,113327,missing_ratings,drop,ratingCount == 0
movies_processed.csv,113492,missing_ratings,drop,ratingCount == 0
movies_processed.csv,113527,missing_ratings,drop,ratingCount == 0
movies_processed.csv,113580,missing_ratings,drop,ratingCount == 0
movies_processed.csv,113659,missing_ratings,drop,ratingCount == 0
movies_processed.csv,113682,missing_ratings,drop,ratingCount == 0
movies_processed.csv,113806,missing_ratings,drop,ratingCount == 0
movies_processed.csv,113838,missing_ratings,drop,ratingCount == 0
movies_processed.csv,113949,missing_ratings,drop,ratingCount == 0
movies_processed.csv,114089,missing_ratings,drop,ratingCount == 0
movies_processed.csv,114134,missing_ratings,drop,ratingCount == 0
movies_processed.csv,114136,missing_ratings,drop,ratingCount == 0
movies_processed.csv,114280,missing_ratings,drop,ratingCount == 0
movies_processed.csv,114286,missing_ratings,drop,ratingCount == 0
movies_processed.csv,114288,missing_ratings,drop,ratingCount == 0
movies_processed.csv,114422,missing_ratings,drop,ratingCount == 0
movies_processed.csv,114779,missing_ratings,drop,ratingCount == 0
movies_processed.csv,114803,missing_ratings,drop,ratingCount == 0
movies_processed.csv,115019,missing_ratings,drop,ratingCount == 0
movies_processed.csv,115082,missing_ratings,drop,ratingCount == 0
movies_processed.csv,115137,missing_ratings,drop,ratingCount == 0
movies_processed.csv,115543,missing_ratings,drop,ratingCount == 0
movies_processed.csv,115560,missing_ratings,drop,ratingCount == 0
movies_processed.csv,115752,missing_ratings,drop,ratingCount == 0
movies_processed.csv,115801,missing_ratings,drop,ratingCount == 0
movies_processed.csv,116020,missing_ratings,drop,ratingCount == 0
movies_processed.csv,116054,missing_ratings,drop,ratingCount == 0
movies_processed.csv,116058,missing_ratings,drop,ratingCount == 0
movies_processed.csv,116060,missing_ratings,drop,ratingCount == 0
movies_processed.csv,116070,missing_ratings,drop,ratingCount == 0
movies_processed.csv,116074,missing_ratings,drop,ratingCount == 0
movies_processed.csv,116120,missing_ratings,drop,ratingCount == 0
movies_processed.csv,116163,missing_ratings,drop,ratingCount == 0
movies_processed.csv,116247,missing_ratings,drop,ratingCount == 0
movies_processed.csv,116255,missing_ratings,drop,ratingCount == 0
movies_processed.csv,116263,missing_ratings,drop,ratingCount == 0
movies_processed.csv,116277,missing_ratings,drop,ratingCount == 0
movies_processed.csv,116287,missing_ratings,drop,ratingCount == 0
movies_processed.csv,116329,missing_ratings,drop,ratingCount == 0
movies_processed.csv,116339,missing_ratings,drop,ratingCount == 0
movies_processed.csv,116429,missing_ratings,drop,ratingCount == 0
movies_processed.csv,116457,missing_ratings,drop,ratingCount == 0
movies_processed.csv,116473,missing_ratings,drop,ratingCount == 0
movies_processed.csv,116531,missing_ratings,drop,ratingCount == 0
movies_processed.csv,116537,missing_ratings,drop,ratingCount == 0
movies_processed.csv,116553,missing_ratings,drop,ratingCount == 0
movies_processed.csv,116570,missing_ratings,drop,ratingCount == 0
movies_processed.csv,116594,missing_ratings,drop,ratingCount == 0
movies_processed.csv,116795,missing_ratings,drop,ratingCount == 0
movies_processed.csv,116843,missing_ratings,drop,ratingCount == 0
movies_processed.csv,117103,missing_ratings,drop,ratingCount == 0
movies_processed.csv,117306,missing_ratings,drop,ratingCount == 0
movies_processed.csv,117557,missing_ratings,drop,ratingCount == 0
movies_processed.csv,117559,missing_ratings,drop,ratingCount == 0
movies_processed.csv,117567,missing_ratings,drop,ratingCount == 0
movies_processed.csv,117640,missing_ratings,drop,ratingCount == 0
movies_processed.csv,117686,missing_ratings,drop,ratingCount == 0
movies_processed.csv,117688,missing_ratings,drop,ratingCount == 0
movies_processed.csv,117724,missing_ratings,drop,ratingCount == 0
movies_processed.csv,117952,missing_ratings,drop,ratingCount == 0
movies_processed.csv,117958,missing_ratings,drop,ratingCount == 0
movies_processed.csv,117975,missing_ratings,drop,ratingCount == 0
movies_processed.csv,118008,missing_ratings,drop,ratingCount == 0
movies_processed.csv,118021,missing_ratings,drop,ratingCount == 0
movies_processed.csv,118042,missing_ratings,drop,ratingCount == 0
movies_processed.csv,118050,missing_ratings,drop,ratingCount == 0
movies_processed.csv,118052,missing_ratings,drop,ratingCount == 0
movies_processed.csv,118179,missing_ratings,drop,ratingCount == 0
movies_processed.csv,118181,missing_ratings,drop,ratingCount == 0
movies_processed.csv,118208,missing_ratings,drop,ratingCount == 0
movies_processed.csv,118224,missing_ratings,drop,ratingCount == 0
movies_processed.csv,118238,missing_ratings,drop,ratingCount == 0
movies_processed.csv,118450,missing_ratings,drop,ratingCount == 0
movies_processed.csv,118452,missing_ratings,drop,ratingCount == 0
movies_processed.csv,118470,missing_ratings,drop,ratingCount == 0
movies_processed.csv,118514,missing_ratings,drop,ratingCount == 0
movies_processed.csv,118574,missing_ratings,drop,ratingCount == 0
movies_processed.csv,118720,missing_ratings,drop,ratingCount == 0
movies_processed.csv,118726,missing_ratings,drop,ratingCount == 0
movies_processed.csv,118728,missing_ratings,drop,ratingCount == 0
movies_processed.csv,118740,missing_ratings,drop,ratingCount == 0
movies_processed.csv,118756,missing_ratings,drop,ratingCount == 0
movies_processed.csv,118828,missing_ratings,drop,ratingCount == 0
movies_processed.csv,118840,missing_ratings,drop,ratingCount == 0
movies_processed.csv,118999,missing_ratings,drop,ratingCount == 0
movies_processed.csv,119017,missing_ratings,drop,ratingCount == 0
movies_processed.csv,119033,missing_ratings,drop,ratingCount == 0
movies_processed.csv,119157,missing_ratings,drop,ratingCount == 0
movies_processed.csv,119442,missing_ratings,drop,ratingCount == 0
movies_processed.csv,119444,missing_ratings,drop,ratingCount == 0
movies_processed.csv,119595,missing_ratings,drop,ratingCount == 0
movies_processed.csv,119607,missing_ratings,drop,ratingCount == 0
movies_processed.csv,119631,missing_ratings,drop,ratingCount == 0
movies_processed.csv,119633,missing_ratings,drop,ratingCount == 0
movies_processed.csv,119756,missing_ratings,drop,ratingCount == 0
movies_processed.csv,119776,missing_ratings,drop,ratingCount == 0
movies_processed.csv,119778,missing_ratings,drop,ratingCount == 0
movies_processed.csv,119816,missing_ratings,drop,ratingCount == 0
movies_processed.csv,120098,missing_ratings,drop,ratingCount == 0
movies_processed.csv,120106,missing_ratings,drop,ratingCount == 0
movies_processed.csv,120198,missing_ratings,drop,ratingCount == 0
movies_processed.csv,120226,missing_ratings,drop,ratingCount == 0
movies_processed.csv,120238,missing_ratings,drop,ratingCount == 0
movies_processed.csv,120248,missing_ratings,drop,ratingCount == 0
movies_processed.csv,120252,missing_ratings,drop,ratingCount == 0
movies_processed.csv,120288,missing_ratings,drop,ratingCount == 0
movies_processed.csv,120422,missing_ratings,drop,ratingCount == 0
movies_processed.csv,120424,missing_ratings,drop,ratingCount == 0
movies_processed.csv,120430,missing_ratings,drop,ratingCount == 0
movies_processed.csv,120502,missing_ratings,drop,ratingCount == 0
movies_processed.csv,120504,missing_ratings,drop,ratingCount == 0
movies_processed.csv,120510,missing_ratings,drop,ratingCount == 0
movies_processed.csv,120518,missing_ratings,drop,ratingCount == 0
movies_processed.csv,120568,missing_ratings,drop,ratingCount == 0
movies_processed.csv,120570,missing_ratings,drop,ratingCount == 0
movies_processed.csv,120582,missing_ratings,drop,ratingCount == 0
movies_processed.csv,120590,missing_ratings,drop,ratingCount == 0
movies_processed.csv,120592,missing_ratings,drop,ratingCount == 0
movies_processed.csv,120596,missing_ratings,drop,ratingCount == 0
movies_processed.csv,120600,missing_ratings,drop,ratingCount == 0
movies_processed.csv,120602,missing_ratings,drop,ratingCount == 0
movies_processed.csv,120604,missing_ratings,drop,ratingCount == 0
movies_processed.csv,120612,missing_ratings,drop,ratingCount == 0
movies_processed.csv,120616,missing_ratings,drop,ratingCount == 0
movies_processed.csv,120729,missing_ratings,drop,ratingCount == 0
movies_processed.csv,120733,missing_ratings,drop,ratingCount == 0
movies_processed.csv,120737,missing_ratings,drop,ratingCount == 0
movies_processed.csv,120739,missing_ratings,drop,ratingCount == 0
movies_processed.csv,120743,missing_ratings,drop,ratingCount == 0
movies_processed.csv,120747,missing_ratings,drop,ratingCount == 0
movies_processed.csv,120751,missing_ratings,drop,ratingCount == 0
movies_processed.csv,121037,missing_ratings,drop,ratingCount == 0
movies_processed.csv,121067,missing_ratings,drop,ratingCount == 0
movies_processed.csv,121069,missing_ratings,drop,ratingCount == 0
movies_processed.csv,121071,missing_ratings,drop,ratingCount == 0
movies_processed.csv,121075,missing_ratings,drop,ratingCount == 0
movies_processed.csv,121089,missing_ratings,drop,ratingCount == 0
movies_processed.csv,121091,missing_ratings,drop,ratingCount == 0
movies_processed.csv,121292,missing_ratings,drop,ratingCount == 0
movies_processed.csv,121332,missing_ratings,drop,ratingCount == 0
movies_processed.csv,121336,missing_ratings,drop,ratingCount == 0
movies_processed.csv,121348,missing_ratings,drop,ratingCount == 0
movies_processed.csv,121384,missing_ratings,drop,ratingCount == 0
movies_processed.csv,121388,missing_ratings,drop,ratingCount == 0
movies_processed.csv,121395,missing_ratings,drop,ratingCount == 0
movies_processed.csv,121399,missing_ratings,drop,ratingCount == 0
movies_processed.csv,121423,missing_ratings,drop,ratingCount == 0
movies_processed.csv,121428,missing_ratings,drop,ratingCount == 0
movies_processed.csv,121434,missing_ratings,drop,ratingCount == 0
movies_processed.csv,121501,missing_ratings,drop,ratingCount == 0
movies_processed.csv,121561,missing_ratings,drop,ratingCount == 0
movies_processed.csv,121565,missing_ratings,drop,ratingCount == 0
movies_processed.csv,121573,missing_ratings,drop,ratingCount == 0
movies_processed.csv,121577,missing_ratings,drop,ratingCount == 0
movies_processed.csv,121602,missing_ratings,drop,ratingCount == 0
movies_processed.csv,121608,missing_ratings,drop,ratingCount == 0
movies_processed.csv,121620,missing_ratings,drop,ratingCount == 0
movies_processed.csv,121622,missing_ratings,drop,ratingCount == 0
movies_processed.csv,121636,missing_ratings,drop,ratingCount == 0
movies_processed.csv,121638,missing_ratings,drop,ratingCount == 0
movies_processed.csv,121640,missing_ratings,drop,ratingCount == 0
movies_processed.csv,121644,missing_ratings,drop,ratingCount == 0
movies_processed.csv,121646,missing_ratings,drop,ratingCount == 0
movies_processed.csv,121648,missing_ratings,drop,ratingCount == 0
movies_processed.csv,121652,missing_ratings,drop,ratingCount == 0
movies_processed.csv,121656,missing_ratings,drop,ratingCount == 0
movies_processed.csv,121681,missing_ratings,drop,ratingCount == 0
movies_processed.csv,121683,missing_ratings,drop,ratingCount == 0
movies_processed.csv,121685,missing_ratings,drop,ratingCount == 0
movies_processed.csv,121687,missing_ratings,drop,ratingCount == 0
movies_processed.csv,121689,missing_ratings,drop,ratingCount == 0
movies_processed.csv,121691,missing_ratings,drop,ratingCount == 0
movies_processed.csv,121693,missing_ratings,drop,ratingCount == 0
movies_processed.csv,121701,missing_ratings,drop,ratingCount == 0
movies_processed.csv,121711,missing_ratings,drop,ratingCount == 0
movies_processed.csv,121719,missing_ratings,drop,ratingCount == 0
movies_processed.csv,121721,missing_ratings,drop,ratingCount == 0
movies_processed.csv,121725,missing_ratings,drop,ratingCount == 0
movies_processed.csv,121729,missing_ratings,drop,ratingCount == 0
movies_processed.csv,121745,missing_ratings,drop,ratingCount == 0
movies_processed.csv,121749,missing_ratings,drop,ratingCount == 0
movies_processed.csv,121753,missing_ratings,drop,ratingCount == 0
movies_processed.csv,121755,missing_ratings,drop,ratingCount == 0
movies_processed.csv,121761,missing_ratings,drop,ratingCount == 0
movies_processed.csv,121769,missing_ratings,drop,ratingCount == 0
movies_processed.csv,121773,missing_ratings,drop,ratingCount == 0
movies_processed.csv,121777,missing_ratings,drop,ratingCount == 0
movies_processed.csv,121803,missing_ratings,drop,ratingCount == 0
movies_processed.csv,121805,missing_ratings,drop,ratingCount == 0
movies_processed.csv,121811,missing_ratings,drop,ratingCount == 0
movies_processed.csv,121827,missing_ratings,drop,ratingCount == 0
movies_processed.csv,121837,missing_ratings,drop,ratingCount == 0
movies_processed.csv,121839,missing_ratings,drop,ratingCount == 0
movies_processed.csv,121843,missing_ratings,drop,ratingCount == 0
movies_processed.csv,121847,missing_ratings,drop,ratingCount == 0
movies_processed.csv,121851,missing_ratings,drop,ratingCount == 0
movies_processed.csv,121855,missing_ratings,drop,ratingCount == 0
movies_processed.csv,121861,missing_ratings,drop,ratingCount == 0
movies_processed.csv,121869,missing_ratings,drop,ratingCount == 0
movies_processed.csv,121875,missing_ratings,drop,ratingCount == 0
movies_processed.csv,121881,missing_ratings,drop,ratingCount == 0
movies_processed.csv,121891,missing_ratings,drop,ratingCount == 0
movies_processed.csv,121895,missing_ratings,drop,ratingCount == 0
movies_processed.csv,121899,missing_ratings,drop,ratingCount == 0
movies_processed.csv,121901,missing_ratings,drop,ratingCount == 0
movies_processed.csv,121903,missing_ratings,drop,ratingCount == 0
movies_processed.csv,121909,missing_ratings,drop,ratingCount == 0
movies_processed.csv,121925,missing_ratings,drop,ratingCount == 0
movies_processed.csv,121927,missing_ratings,drop,ratingCount == 0
movies_processed.csv,121929,missing_ratings,drop,ratingCount == 0
movies_processed.csv,121931,missing_ratings,drop,ratingCount == 0
movies_processed.csv,121941,missing_ratings,drop,ratingCount == 0
movies_processed.csv,121945,missing_ratings,drop,ratingCount == 0
movies_processed.csv,121947,missing_ratings,drop,ratingCount == 0
movies_processed.csv,121953,missing_ratings,drop,ratingCount == 0
movies_processed.csv,121955,missing_ratings,drop,ratingCount == 0
movies_processed.csv,121957,missing_ratings,drop,ratingCount == 0
movies_processed.csv,121963,missing_ratings,drop,ratingCount == 0
movies_processed.csv,121969,missing_ratings,drop,ratingCount == 0
movies_processed.csv,121973,missing_ratings,drop,ratingCount == 0
movies_processed.csv,121975,missing_ratings,drop,ratingCount == 0
movies_processed.csv,121977,missing_ratings,drop,ratingCount == 0
movies_processed.csv,121983,missing_ratings,drop,ratingCount == 0
movies_processed.csv,121993,missing_ratings,drop,ratingCount == 0
movies_processed.csv,122013,missing_ratings,drop,ratingCount == 0
movies_processed.csv,122021,missing_ratings,drop,ratingCount == 0
movies_processed.csv,122056,missing_ratings,drop,ratingCount == 0
movies_processed.csv,122058,missing_ratings,drop,ratingCount == 0
movies_processed.csv,122066,missing_ratings,drop,ratingCount == 0
movies_processed.csv,122070,missing_ratings,drop,ratingCount == 0
movies_processed.csv,122072,missing_ratings,drop,ratingCount == 0
movies_processed.csv,122106,missing_ratings,drop,ratingCount == 0
movies_processed.csv,122149,missing_ratings,drop,ratingCount == 0
movies_processed.csv,122157,missing_ratings,drop,ratingCount == 0
movies_processed.csv,122165,missing_ratings,drop,ratingCount == 0
movies_processed.csv,122171,missing_ratings,drop,ratingCount == 0
movies_processed.csv,122173,missing_ratings,drop,ratingCount == 0
movies_processed.csv,122186,missing_ratings,drop,ratingCount == 0
movies_processed.csv,122203,missing_ratings,drop,ratingCount == 0
movies_processed.csv,122214,missing_ratings,drop,ratingCount == 0
movies_processed.csv,122353,missing_ratings,drop,ratingCount == 0
movies_processed.csv,122363,missing_ratings,drop,ratingCount == 0
movies_processed.csv,122369,missing_ratings,drop,ratingCount == 0
movies_processed.csv,122383,missing_ratings,drop,ratingCount == 0
movies_processed.csv,122389,missing_ratings,drop,ratingCount == 0
movies_processed.csv,122393,missing_ratings,drop,ratingCount == 0
movies_processed.csv,122395,missing_ratings,drop,ratingCount == 0
movies_processed.csv,122401,missing_ratings,drop,ratingCount == 0
movies_processed.csv,122529,missing_ratings,drop,ratingCount == 0
movies_processed.csv,122533,missing_ratings,drop,ratingCount == 0
movies_processed.csv,122539,missing_ratings,drop,ratingCount == 0
movies_processed.csv,122561,missing_ratings,drop,ratingCount == 0
movies_processed.csv,122581,missing_ratings,drop,ratingCount == 0
movies_processed.csv,122591,missing_ratings,drop,ratingCount == 0
movies_processed.csv,122637,missing_ratings,drop,ratingCount == 0
movies_processed.csv,122669,missing_ratings,drop,ratingCount == 0
movies_processed.csv,122827,missing_ratings,drop,ratingCount == 0
movies_processed.csv,122829,missing_ratings,drop,ratingCount == 0
movies_processed.csv,122835,missing_ratings,drop,ratingCount == 0
movies_processed.csv,122845,missing_ratings,drop,ratingCount == 0
movies_processed.csv,122847,missing_ratings,drop,ratingCount == 0
movies_processed.csv,122865,missing_ratings,drop,ratingCount == 0
movies_processed.csv,122952,missing_ratings,drop,ratingCount == 0
movies_processed.csv,122954,missing_ratings,drop,ratingCount == 0
movies_processed.csv,122962,missing_ratings,drop,ratingCount == 0
movies_processed.csv,122986,missing_ratings,drop,ratingCount == 0
movies_processed.csv,122990,missing_ratings,drop,ratingCount == 0
movies_processed.csv,122996,missing_ratings,drop,ratingCount == 0
movies_processed.csv,122998,missing_ratings,drop,ratingCount == 0
movies_processed.csv,123012,missing_ratings,drop,ratingCount == 0
movies_processed.csv,123020,missing_ratings,drop,ratingCount == 0
movies_processed.csv,123038,missing_ratings,drop,ratingCount == 0
movies_processed.csv,123040,missing_ratings,drop,ratingCount == 0
movies_processed.csv,123067,missing_ratings,drop,ratingCount == 0
movies_processed.csv,123069,missing_ratings,drop,ratingCount == 0
movies_processed.csv,123073,missing_ratings,drop,ratingCount == 0
movies_processed.csv,123123,missing_ratings,drop,ratingCount == 0
movies_processed.csv,123143,missing_ratings,drop,ratingCount == 0
movies_processed.csv,123280,missing_ratings,drop,ratingCount == 0
movies_processed.csv,123290,missing_ratings,drop,ratingCount == 0
movies_processed.csv,123292,missing_ratings,drop,ratingCount == 0
movies_processed.csv,123328,missing_ratings,drop,ratingCount == 0
movies_processed.csv,123367,missing_ratings,drop,ratingCount == 0
movies_processed.csv,123377,missing_ratings,drop,ratingCount == 0
movies_processed.csv,123387,missing_ratings,drop,ratingCount == 0
movies_processed.csv,123409,missing_ratings,drop,ratingCount == 0
movies_processed.csv,123506,missing_ratings,drop,ratingCount == 0
movies_processed.csv,123508,missing_ratings,drop,ratingCount == 0
movies_processed.csv,123518,missing_ratings,drop,ratingCount == 0
movies_processed.csv,123520,missing_ratings,drop,ratingCount == 0
movies_processed.csv,123631,missing_ratings,drop,ratingCount == 0
movies_processed.csv,123643,missing_ratings,drop,ratingCount == 0
movies_processed.csv,123657,missing_ratings,drop,ratingCount == 0
movies_processed.csv,123677,missing_ratings,drop,ratingCount == 0
movies_processed.csv,123687,missing_ratings,drop,ratingCount == 0
movies_processed.csv,123691,missing_ratings,drop,ratingCount == 0
movies_processed.csv,123693,missing_ratings,drop,ratingCount == 0
movies_processed.csv,123697,missing_ratings,drop,ratingCount == 0
movies_processed.csv,123701,missing_ratings,drop,ratingCount == 0
movies_processed.csv,123733,missing_ratings,drop,ratingCount == 0
movies_processed.csv,123749,missing_ratings,drop,ratingCount == 0
movies_processed.csv,123755,missing_ratings,drop,ratingCount == 0
movies_processed.csv,123759,missing_ratings,drop,ratingCount == 0
movies_processed.csv,123763,missing_ratings,drop,ratingCount == 0
movies_processed.csv,123767,missing_ratings,drop,ratingCount == 0
movies_processed.csv,123777,missing_ratings,drop,ratingCount == 0
movies_processed.csv,123781,missing_ratings,drop,ratingCount == 0
movies_processed.csv,123790,missing_ratings,drop,ratingCount == 0
movies_processed.csv,123794,missing_ratings,drop,ratingCount == 0
movies_processed.csv,123798,missing_ratings,drop,ratingCount == 0
movies_processed.csv,123804,missing_ratings,drop,ratingCount == 0
movies_processed.csv,123806,missing_ratings,drop,ratingCount == 0
movies_processed.csv,123820,missing_ratings,drop,ratingCount == 0
movies_processed.csv,123846,missing_ratings,drop,ratingCount == 0
movies_processed.csv,123860,missing_ratings,drop,ratingCount == 0
movies_processed.csv,123866,missing_ratings,drop,ratingCount == 0
movies_processed.csv,123870,missing_ratings,drop,ratingCount == 0
movies_processed.csv,123884,missing_ratings,drop,ratingCount == 0
movies_processed.csv,123886,missing_ratings,drop,ratingCount == 0
movies_processed.csv,123900,missing_ratings,drop,ratingCount == 0
movies_processed.csv,123929,missing_ratings,drop,ratingCount == 0
movies_processed.csv,123931,missing_ratings,drop,ratingCount == 0
movies_processed.csv,123957,missing_ratings,drop,ratingCount == 0
movies_processed.csv,123963,missing_ratings,drop,ratingCount == 0
movies_processed.csv,123967,missing_ratings,drop,ratingCount == 0
movies_processed.csv,123969,missing_ratings,drop,ratingCount == 0
movies_processed.csv,123971,missing_ratings,drop,ratingCount == 0
movies_processed.csv,123995,missing_ratings,drop,ratingCount == 0
movies_processed.csv,124011,missing_ratings,drop,ratingCount == 0
movies_processed.csv,124025,missing_ratings,drop,ratingCount == 0
movies_processed.csv,124035,missing_ratings,drop,ratingCount == 0
movies_processed.csv,124037,missing_ratings,drop,ratingCount == 0
movies_processed.csv,124041,missing_ratings,drop,ratingCount == 0
movies_processed.csv,124055,missing_ratings,drop,ratingCount == 0
movies_processed.csv,124069,missing_ratings,drop,ratingCount == 0
movies_processed.csv,124081,missing_ratings,drop,ratingCount == 0
movies_processed.csv,124103,missing_ratings,drop,ratingCount == 0
movies_processed.csv,124105,missing_ratings,drop,ratingCount == 0
movies_processed.csv,124107,missing_ratings,drop,ratingCount == 0
movies_processed.csv,124133,missing_ratings,drop,ratingCount == 0
movies_processed.csv,124135,missing_ratings,drop,ratingCount == 0
movies_processed.csv,124147,missing_ratings,drop,ratingCount == 0
movies_processed.csv,124188,missing_ratings,drop,ratingCount == 0
movies_processed.csv,124200,missing_ratings,drop,ratingCount == 0
movies_processed.csv,124202,missing_ratings,drop,ratingCount == 0
movies_processed.csv,124204,missing_ratings,drop,ratingCount == 0
movies_processed.csv,124207,missing_ratings,drop,ratingCount == 0
movies_processed.csv,124209,missing_ratings,drop,ratingCount == 0
movies_processed.csv,124211,missing_ratings,drop,ratingCount == 0
movies_processed.csv,124215,missing_ratings,drop,ratingCount == 0
movies_processed.csv,124222,missing_ratings,drop,ratingCount == 0
movies_processed.csv,124237,missing_ratings,drop,ratingCount == 0
movies_processed.csv,124239,missing_ratings,drop,ratingCount == 0
movies_processed.csv,124251,missing_ratings,drop,ratingCount == 0
movies_processed.csv,124255,missing_ratings,drop,ratingCount == 0
movies_processed.csv,124261,missing_ratings,drop,ratingCount == 0
movies_processed.csv,124330,missing_ratings,drop,ratingCount == 0
movies_processed.csv,124340,missing_ratings,drop,ratingCount == 0
movies_processed.csv,124360,missing_ratings,drop,ratingCount == 0
movies_processed.csv,124366,missing_ratings,drop,ratingCount == 0
movies_processed.csv,124372,missing_ratings,drop,ratingCount == 0
movies_processed.csv,124374,missing_ratings,drop,ratingCount == 0
movies_processed.csv,124376,missing_ratings,drop,ratingCount == 0
movies_processed.csv,124378,missing_ratings,drop,ratingCount == 0
movies_processed.csv,124396,missing_ratings,drop,ratingCount == 0
movies_processed.csv,124402,missing_ratings,drop,ratingCount == 0
movies_processed.csv,124434,missing_ratings,drop,ratingCount == 0
movies_processed.csv,124438,missing_ratings,drop,ratingCount == 0
movies_processed.csv,124466,missing_ratings,drop,ratingCount == 0
movies_processed.csv,124486,missing_ratings,drop,ratingCount == 0
movies_processed.csv,124498,missing_ratings,drop,ratingCount == 0
movies_processed.csv,124523,missing_ratings,drop,ratingCount == 0
movies_processed.csv,124619,missing_ratings,drop,ratingCount == 0
movies_processed.csv,124635,missing_ratings,drop,ratingCount == 0
movies_processed.csv,124661,missing_ratings,drop,ratingCount == 0
movies_processed.csv,124673,missing_ratings,drop,ratingCount == 0
movies_processed.csv,124703,missing_ratings,drop,ratingCount == 0
movies_processed.csv,124711,missing_ratings,drop,ratingCount == 0
movies_processed.csv,124719,missing_ratings,drop,ratingCount == 0
movies_processed.csv,124729,missing_ratings,drop,ratingCount == 0
movies_processed.csv,124743,missing_ratings,drop,ratingCount == 0
movies_processed.csv,124761,missing_ratings,drop,ratingCount == 0
movies_processed.csv,124883,missing_ratings,drop,ratingCount == 0
movies_processed.csv,124885,missing_ratings,drop,ratingCount == 0
movies_processed.csv,124897,missing_ratings,drop,ratingCount == 0
movies_processed.csv,124929,missing_ratings,drop,ratingCount == 0
movies_processed.csv,124947,missing_ratings,drop,ratingCount == 0
movies_processed.csv,124989,missing_ratings,drop,ratingCount == 0
movies_processed.csv,124995,missing_ratings,drop,ratingCount == 0
movies_processed.csv,125003,missing_ratings,drop,ratingCount == 0
movies_processed.csv,125015,missing_ratings,drop,ratingCount == 0
movies_processed.csv,125017,missing_ratings,drop,ratingCount == 0
movies_processed.csv,125027,missing_ratings,drop,ratingCount == 0
movies_processed.csv,125037,missing_ratings,drop,ratingCount == 0
movies_processed.csv,125053,missing_ratings,drop,ratingCount == 0
movies_processed.csv,125069,missing_ratings,drop,ratingCount == 0
movies_processed.csv,125073,missing_ratings,drop,ratingCount == 0
movies_processed.csv,125097,missing_ratings,drop,ratingCount == 0
movies_processed.csv,125103,missing_ratings,drop,ratingCount == 0
movies_processed.csv,125121,missing_ratings,drop,ratingCount == 0
movies_processed.csv,125123,missing_ratings,drop,ratingCount == 0
movies_processed.csv,125137,missing_ratings,drop,ratingCount == 0
movies_processed.csv,125145,missing_ratings,drop,ratingCount == 0
movies_processed.csv,125161,missing_ratings,drop,ratingCount == 0
movies_processed.csv,125175,missing_ratings,drop,ratingCount == 0
movies_processed.csv,125179,missing_ratings,drop,ratingCount == 0
movies_processed.csv,125217,missing_ratings,drop,ratingCount == 0
movies_processed.csv,125239,missing_ratings,drop,ratingCount == 0
movies_processed.csv,125251,missing_ratings,drop,ratingCount == 0
movies_processed.csv,125327,missing_ratings,drop,ratingCount == 0
movies_processed.csv,125361,missing_ratings,drop,ratingCount == 0
movies_processed.csv,125393,missing_ratings,drop,ratingCount == 0
movies_processed.csv,125459,missing_ratings,drop,ratingCount == 0
movies_processed.csv,125551,missing_ratings,drop,ratingCount == 0
movies_processed.csv,125553,missing_ratings,drop,ratingCount == 0
movies_processed.csv,125842,missing_ratings,drop,ratingCount == 0
movies_processed.csv,125880,missing_ratings,drop,ratingCount == 0
movies_processed.csv,125890,missing_ratings,drop,ratingCount == 0
movies_processed.csv,125900,missing_ratings,drop,ratingCount == 0
movies_processed.csv,126114,missing_ratings,drop,ratingCount == 0
movies_processed.csv,126194,missing_ratings,drop,ratingCount == 0
movies_processed.csv,126198,missing_ratings,drop,ratingCount == 0
movies_processed.csv,126202,missing_ratings,drop,ratingCount == 0
movies_processed.csv,126206,missing_ratings,drop,ratingCount == 0
movies_processed.csv,126214,missing_ratings,drop,ratingCount == 0
movies_processed.csv,126231,missing_ratings,drop,ratingCount == 0
movies_processed.csv,126241,missing_ratings,drop,ratingCount == 0
movies_processed.csv,126339,missing_ratings,drop,ratingCount == 0
movies_processed.csv,126416,missing_ratings,drop,ratingCount == 0
movies_processed.csv,126711,missing_ratings,drop,ratingCount == 0
movies_processed.csv,126717,missing_ratings,drop,ratingCount == 0
movies_processed.csv,126755,missing_ratings,drop,ratingCount == 0
movies_processed.csv,126759,missing_ratings,drop,ratingCount == 0
movies_processed.csv,126813,missing_ratings,drop,ratingCount == 0
movies_processed.csv,127337,missing_ratings,drop,ratingCount == 0
movies_processed.csv,127596,missing_ratings,drop,ratingCount == 0
movies_processed.csv,127644,missing_ratings,drop,ratingCount == 0
movies_processed.csv,127671,missing_ratings,drop,ratingCount == 0
movies_processed.csv,127688,missing_ratings,drop,ratingCount == 0
movies_processed.csv,127707,missing_ratings,drop,ratingCount == 0
movies_processed.csv,127841,missing_ratings,drop,ratingCount == 0
movies_processed.csv,127847,missing_ratings,drop,ratingCount == 0
movies_processed.csv,127849,missing_ratings,drop,ratingCount == 0
movies_processed.csv,128011,missing_ratings,drop,ratingCount == 0
movies_processed.csv,128047,missing_ratings,drop,ratingCount == 0
movies_processed.csv,128059,missing_ratings,drop,ratingCount == 0
movies_processed.csv,128069,missing_ratings,drop,ratingCount == 0
movies_processed.csv,128103,missing_ratings,drop,ratingCount == 0
movies_processed.csv,128107,missing_ratings,drop,ratingCount == 0
movies_processed.csv,128115,missing_ratings,drop,ratingCount == 0
movies_processed.csv,128119,missing_ratings,drop,ratingCount == 0
movies_processed.csv,128131,missing_ratings,drop,ratingCount == 0
movies_processed.csv,128159,missing_ratings,drop,ratingCount == 0
movies_processed.csv,128295,missing_ratings,drop,ratingCount == 0
movies_processed.csv,128373,missing_ratings,drop,ratingCount == 0
movies_processed.csv,128377,missing_ratings,drop,ratingCount == 0
movies_processed.csv,128407,missing_ratings,drop,ratingCount == 0
movies_processed.csv,128417,missing_ratings,drop,ratingCount == 0
movies_processed.csv,128421,missing_ratings,drop,ratingCount == 0
movies_processed.csv,128431,missing_ratings,drop,ratingCount == 0
movies_processed.csv,128468,missing_ratings,drop,ratingCount == 0
movies_processed.csv,128484,missing_ratings,drop,ratingCount == 0
movies_processed.csv,128492,missing_ratings,drop,ratingCount == 0
movies_processed.csv,128496,missing_ratings,drop,ratingCount == 0
movies_processed.csv,128500,missing_ratings,drop,ratingCount == 0
movies_processed.csv,128636,missing_ratings,drop,ratingCount == 0
movies_processed.csv,128654,missing_ratings,drop,ratingCount == 0
movies_processed.csv,128658,missing_ratings,drop,ratingCount == 0
movies_processed.csv,128709,missing_ratings,drop,ratingCount == 0
movies_processed.csv,128780,missing_ratings,drop,ratingCount == 0
movies_processed.csv,128794,missing_ratings,drop,ratingCount == 0
movies_processed.csv,128866,missing_ratings,drop,ratingCount == 0
movies_processed.csv,128892,missing_ratings,drop,ratingCount == 0
movies_processed.csv,128938,missing_ratings,drop,ratingCount == 0
movies_processed.csv,128956,missing_ratings,drop,ratingCount == 0
movies_processed.csv,129019,missing_ratings,drop,ratingCount == 0
movies_processed.csv,129040,missing_ratings,drop,ratingCount == 0
movies_processed.csv,129074,missing_ratings,drop,ratingCount == 0
movies_processed.csv,129211,missing_ratings,drop,ratingCount == 0
movies_processed.csv,129217,missing_ratings,drop,ratingCount == 0
movies_processed.csv,129262,missing_ratings,drop,ratingCount == 0
movies_processed.csv,129315,missing_ratings,drop,ratingCount == 0
movies_processed.csv,129323,missing_ratings,drop,ratingCount == 0
movies_processed.csv,129380,missing_ratings,drop,ratingCount == 0
movies_processed.csv,129504,missing_ratings,drop,ratingCount == 0
movies_processed.csv,129663,missing_ratings,drop,ratingCount == 0
movies_processed.csv,129681,missing_ratings,drop,ratingCount == 0
movies_processed.csv,129685,missing_ratings,drop,ratingCount == 0
movies_processed.csv,129697,missing_ratings,drop,ratingCount == 0
movies_processed.csv,129735,missing_ratings,drop,ratingCount == 0
movies_processed.csv,129745,missing_ratings,drop,ratingCount == 0
movies_processed.csv,129753,missing_ratings,drop,ratingCount == 0
movies_processed.csv,129755,missing_ratings,drop,ratingCount == 0
movies_processed.csv,129790,missing_ratings,drop,ratingCount == 0
movies_processed.csv,129800,missing_ratings,drop,ratingCount == 0
movies_processed.csv,129869,missing_ratings,drop,ratingCount == 0
movies_processed.csv,129891,missing_ratings,drop,ratingCount == 0
movies_processed.csv,129903,missing_ratings,drop,ratingCount == 0
movies_processed.csv,129953,missing_ratings,drop,ratingCount == 0
movies_processed.csv,129972,missing_ratings,drop,ratingCount == 0
movies_processed.csv,129988,missing_ratings,drop,ratingCount == 0
movies_processed.csv,129990,missing_ratings,drop,ratingCount == 0
movies_processed.csv,129992,missing_ratings,drop,ratingCount == 0
movies_processed.csv,130002,missing_ratings,drop,ratingCount == 0
movies_processed.csv,130004,missing_ratings,drop,ratingCount == 0
movies_processed.csv,130010,missing_ratings,drop,ratingCount == 0
movies_processed.csv,130014,missing_ratings,drop,ratingCount == 0
movies_processed.csv,130024,missing_ratings,drop,ratingCount == 0
movies_processed.csv,130026,missing_ratings,drop,ratingCount == 0
movies_processed.csv,130093,missing_ratings,drop,ratingCount == 0
movies_processed.csv,130097,missing_ratings,drop,ratingCount == 0
movies_processed.csv,130165,missing_ratings,drop,ratingCount == 0
movies_processed.csv,130180,missing_ratings,drop,ratingCount == 0
movies_processed.csv,130192,missing_ratings,drop,ratingCount == 0
movies_processed.csv,130200,missing_ratings,drop,ratingCount == 0
movies_processed.csv,130213,missing_ratings,drop,ratingCount == 0
movies_processed.csv,130229,missing_ratings,drop,ratingCount == 0
movies_processed.csv,130239,missing_ratings,drop,ratingCount == 0
movies_processed.csv,130265,missing_ratings,drop,ratingCount == 0
movies_processed.csv,130273,missing_ratings,drop,ratingCount == 0
movies_processed.csv,130277,missing_ratings,drop,ratingCount == 0
movies_processed.csv,130280,missing_ratings,drop,ratingCount == 0
movies_processed.csv,130334,missing_ratings,drop,ratingCount == 0
movies_processed.csv,130356,missing_ratings,drop,ratingCount == 0
movies_processed.csv,130366,missing_ratings,drop,ratingCount == 0
movies_processed.csv,130368,missing_ratings,drop,ratingCount == 0
movies_processed.csv,130410,missing_ratings,drop,ratingCount == 0
movies_processed.csv,130432,missing_ratings,drop,ratingCount == 0
movies_processed.csv,130534,missing_ratings,drop,ratingCount == 0
movies_processed.csv,130536,missing_ratings,drop,ratingCount == 0
movies_processed.csv,130556,missing_ratings,drop,ratingCount == 0
movies_processed.csv,130594,missing_ratings,drop,ratingCount == 0
movies_processed.csv,130600,missing_ratings,drop,ratingCount == 0
movies_processed.csv,130620,missing_ratings,drop,ratingCount == 0
movies_processed.csv,130652,missing_ratings,drop,ratingCount == 0
movies_processed.csv,130690,missing_ratings,drop,ratingCount == 0
movies_processed.csv,130736,missing_ratings,drop,ratingCount == 0
movies_processed.csv,130740,missing_ratings,drop,ratingCount == 0
movies_processed.csv,130754,missing_ratings,drop,ratingCount == 0
movies_processed.csv,130766,missing_ratings,drop,ratingCount == 0
movies_processed.csv,130770,missing_ratings,drop,ratingCount == 0
movies_processed.csv,130776,missing_ratings,drop,ratingCount == 0
movies_processed.csv,130792,missing_ratings,drop,ratingCount == 0
movies_processed.csv,130838,missing_ratings,drop,ratingCount == 0
movies_processed.csv,130864,missing_ratings,drop,ratingCount == 0
movies_processed.csv,130874,missing_ratings,drop,ratingCount == 0
movies_processed.csv,130876,missing_ratings,drop,ratingCount == 0
movies_processed.csv,130896,missing_ratings,drop,ratingCount == 0
movies_processed.csv,130906,missing_ratings,drop,ratingCount == 0
movies_processed.csv,130948,missing_ratings,drop,ratingCount == 0
movies_processed.csv,131196,missing_ratings,drop,ratingCount == 0
movies_processed.csv,131200,missing_ratings,drop,ratingCount == 0
movies_processed.csv,131204,missing_ratings,drop,ratingCount == 0
movies_processed.csv,131215,missing_ratings,drop,ratingCount == 0
movies_processed.csv,131221,missing_ratings,drop,ratingCount == 0
movies_processed.csv,131225,missing_ratings,drop,ratingCount == 0
movies_processed.csv,131229,missing_ratings,drop,ratingCount == 0
movies_processed.csv,131264,missing_ratings,drop,ratingCount == 0
movies_processed.csv,131276,missing_ratings,drop,ratingCount == 0
movies_processed.csv,131280,missing_ratings,drop,ratingCount == 0
movies_processed.csv,131286,missing_ratings,drop,ratingCount == 0
movies_processed.csv,131290,missing_ratings,drop,ratingCount == 0
movies_processed.csv,131296,missing_ratings,drop,ratingCount == 0
movies_processed.csv,131318,missing_ratings,drop,ratingCount == 0
movies_processed.csv,131322,missing_ratings,drop,ratingCount == 0
movies_processed.csv,131326,missing_ratings,drop,ratingCount == 0
movies_processed.csv,131371,missing_ratings,drop,ratingCount == 0
movies_processed.csv,131373,missing_ratings,drop,ratingCount == 0
movies_processed.csv,131384,missing_ratings,drop,ratingCount == 0
movies_processed.csv,131396,missing_ratings,drop,ratingCount == 0
movies_processed.csv,131402,missing_ratings,drop,ratingCount == 0
movies_processed.csv,131404,missing_ratings,drop,ratingCount == 0
movies_processed.csv,131406,missing_ratings,drop,ratingCount == 0
movies_processed.csv,131417,missing_ratings,drop,ratingCount == 0
movies_processed.csv,131425,missing_ratings,drop,ratingCount == 0
movies_processed.csv,131455,missing_ratings,drop,ratingCount == 0
movies_processed.csv,131460,missing_ratings,drop,ratingCount == 0
movies_processed.csv,131468,missing_ratings,drop,ratingCount == 0
movies_processed.csv,131510,missing_ratings,drop,ratingCount == 0
movies_processed.csv,131512,missing_ratings,drop,ratingCount == 0
movies_processed.csv,131544,missing_ratings,drop,ratingCount == 0
movies_processed.csv,131606,missing_ratings,drop,ratingCount == 0
movies_processed.csv,131612,missing_ratings,drop,ratingCount == 0
movies_processed.csv,131616,missing_ratings,drop,ratingCount == 0
movies_processed.csv,131632,missing_ratings,drop,ratingCount == 0
movies_processed.csv,131732,missing_ratings,drop,ratingCount == 0
movies_processed.csv,131741,missing_ratings,drop,ratingCount == 0
movies_processed.csv,131745,missing_ratings,drop,ratingCount == 0
movies_processed.csv,131757,missing_ratings,drop,ratingCount == 0
movies_processed.csv,131781,missing_ratings,drop,ratingCount == 0
movies_processed.csv,131860,missing_ratings,drop,ratingCount == 0
movies_processed.csv,131862,missing_ratings,drop,ratingCount == 0
movies_processed.csv,131864,missing_ratings,drop,ratingCount == 0
movies_processed.csv,131874,missing_ratings,drop,ratingCount == 0
movies_processed.csv,131876,missing_ratings,drop,ratingCount == 0
movies_processed.csv,131890,missing_ratings,drop,ratingCount == 0
movies_processed.csv,131906,missing_ratings,drop,ratingCount == 0
movies_processed.csv,131924,missing_ratings,drop,ratingCount == 0
movies_processed.csv,131942,missing_ratings,drop,ratingCount == 0
movies_processed.csv,131956,missing_ratings,drop,ratingCount == 0
movies_processed.csv,131972,missing_ratings,drop,ratingCount == 0
movies_processed.csv,131982,missing_ratings,drop,ratingCount == 0
movies_processed.csv,131988,missing_ratings,drop,ratingCount == 0
movies_processed.csv,131994,missing_ratings,drop,ratingCount == 0
movies_processed.csv,131996,missing_ratings,drop,ratingCount == 0
movies_processed.csv,132006,missing_ratings,drop,ratingCount == 0
movies_processed.csv,132016,missing_ratings,drop,ratingCount == 0
movies_processed.csv,132088,missing_ratings,drop,ratingCount == 0
movies_processed.csv,132098,missing_ratings,drop,ratingCount == 0
movies_processed.csv,132202,missing_ratings,drop,ratingCount == 0
movies_processed.csv,132266,missing_ratings,drop,ratingCount == 0
movies_processed.csv,132305,missing_ratings,drop,ratingCount == 0
movies_processed.csv,132398,missing_ratings,drop,ratingCount == 0
movies_processed.csv,132512,missing_ratings,drop,ratingCount == 0
movies_processed.csv,132670,missing_ratings,drop,ratingCount == 0
movies_processed.csv,132699,missing_ratings,drop,ratingCount == 0
movies_processed.csv,132705,missing_ratings,drop,ratingCount == 0
movies_processed.csv,132707,missing_ratings,drop,ratingCount == 0
movies_processed.csv,132713,missing_ratings,drop,ratingCount == 0
movies_processed.csv,132715,missing_ratings,drop,ratingCount == 0
movies_processed.csv,132717,missing_ratings,drop,ratingCount == 0
movies_processed.csv,132725,missing_ratings,drop,ratingCount == 0
movies_processed.csv,132733,missing_ratings,drop,ratingCount == 0
movies_processed.csv,132743,missing_ratings,drop,ratingCount == 0
movies_processed.csv,132751,missing_ratings,drop,ratingCount == 0
movies_processed.csv,132774,missing_ratings,drop,ratingCount == 0
movies_processed.csv,132776,missing_ratings,drop,ratingCount == 0
movies_processed.csv,132778,missing_ratings,drop,ratingCount == 0
movies_processed.csv,132802,missing_ratings,drop,ratingCount == 0
movies_processed.csv,132810,missing_ratings,drop,ratingCount == 0
movies_processed.csv,132828,missing_ratings,drop,ratingCount == 0
movies_processed.csv,132830,missing_ratings,drop,ratingCount == 0
movies_processed.csv,132866,missing_ratings,drop,ratingCount == 0
movies_processed.csv,132868,missing_ratings,drop,ratingCount == 0
movies_processed.csv,132963,missing_ratings,drop,ratingCount == 0
movies_processed.csv,133003,missing_ratings,drop,ratingCount == 0
movies_processed.csv,133007,missing_ratings,drop,ratingCount == 0
movies_processed.csv,133009,missing_ratings,drop,ratingCount == 0
movies_processed.csv,133011,missing_ratings,drop,ratingCount == 0
movies_processed.csv,133025,missing_ratings,drop,ratingCount == 0
movies_processed.csv,133049,missing_ratings,drop,ratingCount == 0
movies_processed.csv,133051,missing_ratings,drop,ratingCount == 0
movies_processed.csv,133053,missing_ratings,drop,ratingCount == 0
movies_processed.csv,133111,missing_ratings,drop,ratingCount == 0
movies_processed.csv,133268,missing_ratings,drop,ratingCount == 0
movies_processed.csv,133411,missing_ratings,drop,ratingCount == 0
movies_processed.csv,133425,missing_ratings,drop,ratingCount == 0
movies_processed.csv,133427,missing_ratings,drop,ratingCount == 0
movies_processed.csv,133431,missing_ratings,drop,ratingCount == 0
movies_processed.csv,133433,missing_ratings,drop,ratingCount == 0
movies_processed.csv,133435,missing_ratings,drop,ratingCount == 0
movies_processed.csv,133445,missing_ratings,drop,ratingCount == 0
movies_processed.csv,133465,missing_ratings,drop,ratingCount == 0
movies_processed.csv,133467,missing_ratings,drop,ratingCount == 0
movies_processed.csv,133477,missing_ratings,drop,ratingCount == 0
movies_processed.csv,133485,missing_ratings,drop,ratingCount == 0
movies_processed.csv,133497,missing_ratings,drop,ratingCount == 0
movies_processed.csv,133521,missing_ratings,drop,ratingCount == 0
movies_processed.csv,133537,missing_ratings,drop,ratingCount == 0
movies_processed.csv,133589,missing_ratings,drop,ratingCount == 0
movies_processed.csv,133598,missing_ratings,drop,ratingCount == 0
movies_processed.csv,133608,missing_ratings,drop,ratingCount == 0
movies_processed.csv,133628,missing_ratings,drop,ratingCount == 0
movies_processed.csv,133630,missing_ratings,drop,ratingCount == 0
movies_processed.csv,133632,missing_ratings,drop,ratingCount == 0
movies_processed.csv,133636,missing_ratings,drop,ratingCount == 0
movies_processed.csv,133640,missing_ratings,drop,ratingCount == 0
movies_processed.csv,133683,missing_ratings,drop,ratingCount == 0
movies_processed.csv,133786,missing_ratings,drop,ratingCount == 0
movies_processed.csv,133904,missing_ratings,drop,ratingCount == 0
movies_processed.csv,133913,missing_ratings,drop,ratingCount == 0
movies_processed.csv,133931,missing_ratings,drop,ratingCount == 0
movies_processed.csv,133947,missing_ratings,drop,ratingCount == 0
movies_processed.csv,133953,missing_ratings,drop,ratingCount == 0
movies_processed.csv,133998,missing_ratings,drop,ratingCount == 0
movies_processed.csv,134000,missing_ratings,drop,ratingCount == 0
movies_processed.csv,134053,missing_ratings,drop,ratingCount == 0
movies_processed.csv,134067,missing_ratings,drop,ratingCount == 0
movies_processed.csv,134136,missing_ratings,drop,ratingCount == 0
movies_processed.csv,134146,missing_ratings,drop,ratingCount == 0
movies_processed.csv,134192,missing_ratings,drop,ratingCount == 0
movies_processed.csv,134198,missing_ratings,drop,ratingCount == 0
movies_processed.csv,134218,missing_ratings,drop,ratingCount == 0
movies_processed.csv,134274,missing_ratings,drop,ratingCount == 0
movies_processed.csv,134284,missing_ratings,drop,ratingCount == 0
movies_processed.csv,134308,missing_ratings,drop,ratingCount == 0
movies_processed.csv,134320,missing_ratings,drop,ratingCount == 0
movies_processed.csv,134668,missing_ratings,drop,ratingCount == 0
movies_processed.csv,134671,missing_ratings,drop,ratingCount == 0
movies_processed.csv,134682,missing_ratings,drop,ratingCount == 0
movies_processed.csv,134689,missing_ratings,drop,ratingCount == 0
movies_processed.csv,134691,missing_ratings,drop,ratingCount == 0
movies_processed.csv,134724,missing_ratings,drop,ratingCount == 0
movies_processed.csv,134732,missing_ratings,drop,ratingCount == 0
movies_processed.csv,134740,missing_ratings,drop,ratingCount == 0
movies_processed.csv,134773,missing_ratings,drop,ratingCount == 0
movies_processed.csv,134787,missing_ratings,drop,ratingCount == 0
movies_processed.csv,134894,missing_ratings,drop,ratingCount == 0
movies_processed.csv,134910,missing_ratings,drop,ratingCount == 0
movies_processed.csv,134923,missing_ratings,drop,ratingCount == 0
movies_processed.csv,134933,missing_ratings,drop,ratingCount == 0
movies_processed.csv,134969,missing_ratings,drop,ratingCount == 0
movies_processed.csv,134987,missing_ratings,drop,ratingCount == 0
movies_processed.csv,134989,missing_ratings,drop,ratingCount == 0
movies_processed.csv,135001,missing_ratings,drop,ratingCount == 0
movies_processed.csv,135069,missing_ratings,drop,ratingCount == 0
movies_processed.csv,135115,missing_ratings,drop,ratingCount == 0
movies_processed.csv,135254,missing_ratings,drop,ratingCount == 0
movies_processed.csv,135342,missing_ratings,drop,ratingCount == 0
movies_processed.csv,135352,missing_ratings,drop,ratingCount == 0
movies_processed.csv,135354,missing_ratings,drop,ratingCount == 0
movies_processed.csv,135376,missing_ratings,drop,ratingCount == 0
movies_processed.csv,135382,missing_ratings,drop,ratingCount == 0
movies_processed.csv,135392,missing_ratings,drop,ratingCount == 0
movies_processed.csv,135721,missing_ratings,drop,ratingCount == 0
movies_processed.csv,135723,missing_ratings,drop,ratingCount == 0
movies_processed.csv,135897,missing_ratings,drop,ratingCount == 0
movies_processed.csv,135899,missing_ratings,drop,ratingCount == 0
movies_processed.csv,136104,missing_ratings,drop,ratingCount == 0
movies_processed.csv,136108,missing_ratings,drop,ratingCount == 0
movies_processed.csv,136136,missing_ratings,drop,ratingCount == 0
movies_processed.csv,136317,missing_ratings,drop,ratingCount == 0
movies_processed.csv,136323,missing_ratings,drop,ratingCount == 0
movies_processed.csv,136329,missing_ratings,drop,ratingCount == 0
movies_processed.csv,136670,missing_ratings,drop,ratingCount == 0
movies_processed.csv,136826,missing_ratings,drop,ratingCount == 0
movies_processed.csv,136861,missing_ratings,drop,ratingCount == 0
movies_processed.csv,137120,missing_ratings,drop,ratingCount == 0
movies_processed.csv,137156,missing_ratings,drop,ratingCount == 0
movies_processed.csv,137160,missing_ratings,drop,ratingCount == 0
movies_processed.csv,137230,missing_ratings,drop,ratingCount == 0
movies_processed.csv,137248,missing_ratings,drop,ratingCount == 0
movies_processed.csv,137333,missing_ratings,drop,ratingCount == 0
movies_processed.csv,137411,missing_ratings,drop,ratingCount == 0
movies_processed.csv,137415,missing_ratings,drop,ratingCount == 0
movies_processed.csv,137417,missing_ratings,drop,ratingCount == 0
movies_processed.csv,137419,missing_ratings,drop,ratingCount == 0
movies_processed.csv,137439,missing_ratings,drop,ratingCount == 0
movies_processed.csv,137465,missing_ratings,drop,ratingCount == 0
movies_processed.csv,137503,missing_ratings,drop,ratingCount == 0
movies_processed.csv,137505,missing_ratings,drop,ratingCount == 0
movies_processed.csv,137519,missing_ratings,drop,ratingCount == 0
movies_processed.csv,137523,missing_ratings,drop,ratingCount == 0
movies_processed.csv,137576,missing_ratings,drop,ratingCount == 0
movies_processed.csv,137589,missing_ratings,drop,ratingCount == 0
movies_processed.csv,137608,missing_ratings,drop,ratingCount == 0
movies_processed.csv,137656,missing_ratings,drop,ratingCount == 0
movies_processed.csv,137678,missing_ratings,drop,ratingCount == 0
movies_processed.csv,137692,missing_ratings,drop,ratingCount == 0
movies_processed.csv,137801,missing_ratings,drop,ratingCount == 0
movies_processed.csv,137803,missing_ratings,drop,ratingCount == 0
movies_processed.csv,137807,missing_ratings,drop,ratingCount == 0
movies_processed.csv,137827,missing_ratings,drop,ratingCount == 0
movies_processed.csv,137845,missing_ratings,drop,ratingCount == 0
movies_processed.csv,137851,missing_ratings,drop,ratingCount == 0
movies_processed.csv,137954,missing_ratings,drop,ratingCount == 0
movies_processed.csv,137956,missing_ratings,drop,ratingCount == 0
movies_processed.csv,137976,missing_ratings,drop,ratingCount == 0
movies_processed.csv,137990,missing_ratings,drop,ratingCount == 0
movies_processed.csv,138050,missing_ratings,drop,ratingCount == 0
movies_processed.csv,138060,missing_ratings,drop,ratingCount == 0
movies_processed.csv,138076,missing_ratings,drop,ratingCount == 0
movies_processed.csv,138088,missing_ratings,drop,ratingCount == 0
movies_processed.csv,138114,missing_ratings,drop,ratingCount == 0
movies_processed.csv,138124,missing_ratings,drop,ratingCount == 0
movies_processed.csv,138130,missing_ratings,drop,ratingCount == 0
movies_processed.csv,138160,missing_ratings,drop,ratingCount == 0
movies_processed.csv,138250,missing_ratings,drop,ratingCount == 0
movies_processed.csv,138264,missing_ratings,drop,ratingCount == 0
movies_processed.csv,138266,missing_ratings,drop,ratingCount == 0
movies_processed.csv,138268,missing_ratings,drop,ratingCount == 0
movies_processed.csv,138270,missing_ratings,drop,ratingCount == 0
movies_processed.csv,138288,missing_ratings,drop,ratingCount == 0
movies_processed.csv,138292,missing_ratings,drop,ratingCount == 0
movies_processed.csv,138342,missing_ratings,drop,ratingCount == 0
movies_processed.csv,138404,missing_ratings,drop,ratingCount == 0
movies_processed.csv,138508,missing_ratings,drop,ratingCount == 0
movies_processed.csv,138534,missing_ratings,drop,ratingCount == 0
movies_processed.csv,138584,missing_ratings,drop,ratingCount == 0
movies_processed.csv,138588,missing_ratings,drop,ratingCount == 0
movies_processed.csv,138596,missing_ratings,drop,ratingCount == 0
movies_processed.csv,138598,missing_ratings,drop,ratingCount == 0
movies_processed.csv,138604,missing_ratings,drop,ratingCount == 0
movies_processed.csv,138644,missing_ratings,drop,ratingCount == 0
movies_processed.csv,138648,missing_ratings,drop,ratingCount == 0
movies_processed.csv,138658,missing_ratings,drop,ratingCount == 0
movies_processed.csv,138670,missing_ratings,drop,ratingCount == 0
movies_processed.csv,138676,missing_ratings,drop,ratingCount == 0
movies_processed.csv,138704,missing_ratings,drop,ratingCount == 0
movies_processed.csv,138721,missing_ratings,drop,ratingCount == 0
movies_processed.csv,138730,missing_ratings,drop,ratingCount == 0
movies_processed.csv,138766,missing_ratings,drop,ratingCount == 0
movies_processed.csv,138782,missing_ratings,drop,ratingCount == 0
movies_processed.csv,138786,missing_ratings,drop,ratingCount == 0
movies_processed.csv,138812,missing_ratings,drop,ratingCount == 0
movies_processed.csv,138818,missing_ratings,drop,ratingCount == 0
movies_processed.csv,138820,missing_ratings,drop,ratingCount == 0
movies_processed.csv,138833,missing_ratings,drop,ratingCount == 0
movies_processed.csv,138839,missing_ratings,drop,ratingCount == 0
movies_processed.csv,138844,missing_ratings,drop,ratingCount == 0
movies_processed.csv,138848,missing_ratings,drop,ratingCount == 0
movies_processed.csv,138856,missing_ratings,drop,ratingCount == 0
movies_processed.csv,138858,missing_ratings,drop,ratingCount == 0
movies_processed.csv,138885,missing_ratings,drop,ratingCount == 0
movies_processed.csv,138906,missing_ratings,drop,ratingCount == 0
movies_processed.csv,138910,missing_ratings,drop,ratingCount == 0
movies_processed.csv,138933,missing_ratings,drop,ratingCount == 0
movies_processed.csv,138996,missing_ratings,drop,ratingCount == 0
movies_processed.csv,139146,missing_ratings,drop,ratingCount == 0
movies_processed.csv,139191,missing_ratings,drop,ratingCount == 0
movies_processed.csv,139303,missing_ratings,drop,ratingCount == 0
movies_processed.csv,139333,missing_ratings,drop,ratingCount == 0
movies_processed.csv,139351,missing_ratings,drop,ratingCount == 0
movies_processed.csv,139353,missing_ratings,drop,ratingCount == 0
movies_processed.csv,139365,missing_ratings,drop,ratingCount == 0
movies_processed.csv,139375,missing_ratings,drop,ratingCount == 0
movies_processed.csv,139391,missing_ratings,drop,ratingCount == 0
movies_processed.csv,139443,missing_ratings,drop,ratingCount == 0
movies_processed.csv,139483,missing_ratings,drop,ratingCount == 0
movies_processed.csv,139563,missing_ratings,drop,ratingCount == 0
movies_processed.csv,139596,missing_ratings,drop,ratingCount == 0
movies_processed.csv,139685,missing_ratings,drop,ratingCount == 0
movies_processed.csv,139695,missing_ratings,drop,ratingCount == 0
movies_processed.csv,139709,missing_ratings,drop,ratingCount == 0
movies_processed.csv,139739,missing_ratings,drop,ratingCount == 0
movies_processed.csv,139749,missing_ratings,drop,ratingCount == 0
movies_processed.csv,139791,missing_ratings,drop,ratingCount == 0
movies_processed.csv,139815,missing_ratings,drop,ratingCount == 0
movies_processed.csv,139887,missing_ratings,drop,ratingCount == 0
movies_processed.csv,139942,missing_ratings,drop,ratingCount == 0
movies_processed.csv,140058,missing_ratings,drop,ratingCount == 0
movies_processed.csv,140060,missing_ratings,drop,ratingCount == 0
movies_processed.csv,140202,missing_ratings,drop,ratingCount == 0
movies_processed.csv,140231,missing_ratings,drop,ratingCount == 0
movies_processed.csv,140287,missing_ratings,drop,ratingCount == 0
movies_processed.csv,140663,missing_ratings,drop,ratingCount == 0
movies_processed.csv,140671,missing_ratings,drop,ratingCount == 0
movies_processed.csv,140735,missing_ratings,drop,ratingCount == 0
movies_processed.csv,140771,missing_ratings,drop,ratingCount == 0
movies_processed.csv,140826,missing_ratings,drop,ratingCount == 0
movies_processed.csv,140894,missing_ratings,drop,ratingCount == 0
movies_processed.csv,140902,missing_ratings,drop,ratingCount == 0
movies_processed.csv,140914,missing_ratings,drop,ratingCount == 0
movies_processed.csv,140918,missing_ratings,drop,ratingCount == 0
movies_processed.csv,140920,missing_ratings,drop,ratingCount == 0
movies_processed.csv,140930,missing_ratings,drop,ratingCount == 0
movies_processed.csv,140968,missing_ratings,drop,ratingCount == 0
movies_processed.csv,140982,missing_ratings,drop,ratingCount == 0
movies_processed.csv,141030,missing_ratings,drop,ratingCount == 0
movies_processed.csv,141034,missing_ratings,drop,ratingCount == 0
movies_processed.csv,141048,missing_ratings,drop,ratingCount == 0
movies_processed.csv,141066,missing_ratings,drop,ratingCount == 0
movies_processed.csv,141070,missing_ratings,drop,ratingCount == 0
movies_processed.csv,141074,missing_ratings,drop,ratingCount == 0
movies_processed.csv,141086,missing_ratings,drop,ratingCount == 0
movies_processed.csv,141145,missing_ratings,drop,ratingCount == 0
movies_processed.csv,141172,missing_ratings,drop,ratingCount == 0
movies_processed.csv,141197,missing_ratings,drop,ratingCount == 0
movies_processed.csv,141226,missing_ratings,drop,ratingCount == 0
movies_processed.csv,141254,missing_ratings,drop,ratingCount == 0
movies_processed.csv,141256,missing_ratings,drop,ratingCount == 0
movies_processed.csv,141267,missing_ratings,drop,ratingCount == 0
movies_processed.csv,141281,missing_ratings,drop,ratingCount == 0
movies_processed.csv,141290,missing_ratings,drop,ratingCount == 0
movies_processed.csv,141335,missing_ratings,drop,ratingCount == 0
movies_processed.csv,141343,missing_ratings,drop,ratingCount == 0
movies_processed.csv,141476,missing_ratings,drop,ratingCount == 0
movies_processed.csv,141489,missing_ratings,drop,ratingCount == 0
movies_processed.csv,141507,missing_ratings,drop,ratingCount == 0
movies_processed.csv,141540,missing_ratings,drop,ratingCount == 0
movies_processed.csv,141566,missing_ratings,drop,ratingCount == 0
movies_processed.csv,141568,missing_ratings,drop,ratingCount == 0
movies_processed.csv,141612,missing_ratings,drop,ratingCount == 0
movies_processed.csv,141624,missing_ratings,drop,ratingCount == 0
movies_processed.csv,141640,missing_ratings,drop,ratingCount == 0
movies_processed.csv,141696,missing_ratings,drop,ratingCount == 0
movies_processed.csv,141720,missing_ratings,drop,ratingCount == 0
movies_processed.csv,141791,missing_ratings,drop,ratingCount == 0
movies_processed.csv,141906,missing_ratings,drop,ratingCount == 0
movies_processed.csv,142000,missing_ratings,drop,ratingCount == 0
movies_processed.csv,142024,missing_ratings,drop,ratingCount == 0
movies_processed.csv,142122,missing_ratings,drop,ratingCount == 0
movies_processed.csv,142130,missing_ratings,drop,ratingCount == 0
movies_processed.csv,142132,missing_ratings,drop,ratingCount == 0
movies_processed.csv,142144,missing_ratings,drop,ratingCount == 0
movies_processed.csv,142290,missing_ratings,drop,ratingCount == 0
movies_processed.csv,142296,missing_ratings,drop,ratingCount == 0
movies_processed.csv,142298,missing_ratings,drop,ratingCount == 0
movies_processed.csv,142310,missing_ratings,drop,ratingCount == 0
movies_processed.csv,142316,missing_ratings,drop,ratingCount == 0
movies_processed.csv,142324,missing_ratings,drop,ratingCount == 0
movies_processed.csv,142328,missing_ratings,drop,ratingCount == 0
movies_processed.csv,142340,missing_ratings,drop,ratingCount == 0
movies_processed.csv,142350,missing_ratings,drop,ratingCount == 0
movies_processed.csv,142390,missing_ratings,drop,ratingCount == 0
movies_processed.csv,142392,missing_ratings,drop,ratingCount == 0
movies_processed.csv,142394,missing_ratings,drop,ratingCount == 0
movies_processed.csv,142400,missing_ratings,drop,ratingCount == 0
movies_processed.csv,142402,missing_ratings,drop,ratingCount == 0
movies_processed.csv,142406,missing_ratings,drop,ratingCount == 0
movies_processed.csv,142430,missing_ratings,drop,ratingCount == 0
movies_processed.csv,142580,missing_ratings,drop,ratingCount == 0
movies_processed.csv,142592,missing_ratings,drop,ratingCount == 0
movies_processed.csv,142594,missing_ratings,drop,ratingCount == 0
movies_processed.csv,142622,missing_ratings,drop,ratingCount == 0
movies_processed.csv,142673,missing_ratings,drop,ratingCount == 0
movies_processed.csv,142687,missing_ratings,drop,ratingCount == 0
movies_processed.csv,142711,missing_ratings,drop,ratingCount == 0
movies_processed.csv,142714,missing_ratings,drop,ratingCount == 0
movies_processed.csv,142756,missing_ratings,drop,ratingCount == 0
movies_processed.csv,142775,missing_ratings,drop,ratingCount == 0
movies_processed.csv,143101,missing_ratings,drop,ratingCount == 0
movies_processed.csv,143130,missing_ratings,drop,ratingCount == 0
movies_processed.csv,143166,missing_ratings,drop,ratingCount == 0
movies_processed.csv,143170,missing_ratings,drop,ratingCount == 0
movies_processed.csv,143219,missing_ratings,drop,ratingCount == 0
movies_processed.csv,143225,missing_ratings,drop,ratingCount == 0
movies_processed.csv,143291,missing_ratings,drop,ratingCount == 0
movies_processed.csv,143393,missing_ratings,drop,ratingCount == 0
movies_processed.csv,143401,missing_ratings,drop,ratingCount == 0
movies_processed.csv,143513,missing_ratings,drop,ratingCount == 0
movies_processed.csv,143533,missing_ratings,drop,ratingCount == 0
movies_processed.csv,143537,missing_ratings,drop,ratingCount == 0
movies_processed.csv,143589,missing_ratings,drop,ratingCount == 0
movies_processed.csv,143601,missing_ratings,drop,ratingCount == 0
movies_processed.csv,143603,missing_ratings,drop,ratingCount == 0
movies_processed.csv,143731,missing_ratings,drop,ratingCount == 0
movies_processed.csv,143735,missing_ratings,drop,ratingCount == 0
movies_processed.csv,143745,missing_ratings,drop,ratingCount == 0
movies_processed.csv,143751,missing_ratings,drop,ratingCount == 0
movies_processed.csv,143763,missing_ratings,drop,ratingCount == 0
movies_processed.csv,143767,missing_ratings,drop,ratingCount == 0
movies_processed.csv,143845,missing_ratings,drop,ratingCount == 0
movies_processed.csv,143904,missing_ratings,drop,ratingCount == 0
movies_processed.csv,143921,missing_ratings,drop,ratingCount == 0
movies_processed.csv,143923,missing_ratings,drop,ratingCount == 0
movies_processed.csv,143925,missing_ratings,drop,ratingCount == 0
movies_processed.csv,143944,missing_ratings,drop,ratingCount == 0
movies_processed.csv,143978,missing_ratings,drop,ratingCount == 0
movies_processed.csv,143982,missing_ratings,drop,ratingCount == 0
movies_processed.csv,143984,missing_ratings,drop,ratingCount == 0
movies_processed.csv,143988,missing_ratings,drop,ratingCount == 0
movies_processed.csv,143992,missing_ratings,drop,ratingCount == 0
movies_processed.csv,143996,missing_ratings,drop,ratingCount == 0
movies_processed.csv,144046,missing_ratings,drop,ratingCount == 0
movies_processed.csv,144078,missing_ratings,drop,ratingCount == 0
movies_processed.csv,144100,missing_ratings,drop,ratingCount == 0
movies_processed.csv,144458,missing_ratings,drop,ratingCount == 0
movies_processed.csv,144624,missing_ratings,drop,ratingCount == 0
movies_processed.csv,144628,missing_ratings,drop,ratingCount == 0
movies_processed.csv,144726,missing_ratings,drop,ratingCount == 0
movies_processed.csv,144730,missing_ratings,drop,ratingCount == 0
movies_processed.csv,144732,missing_ratings,drop,ratingCount == 0
movies_processed.csv,144744,missing_ratings,drop,ratingCount == 0
movies_processed.csv,144806,missing_ratings,drop,ratingCount == 0
movies_processed.csv,144808,missing_ratings,drop,ratingCount == 0
movies_processed.csv,144810,missing_ratings,drop,ratingCount == 0
movies_processed.csv,144818,missing_ratings,drop,ratingCount == 0
movies_processed.csv,144830,missing_ratings,drop,ratingCount == 0
movies_processed.csv,144836,missing_ratings,drop,ratingCount == 0
movies_processed.csv,144838,missing_ratings,drop,ratingCount == 0
movies_processed.csv,144844,missing_ratings,drop,ratingCount == 0
movies_processed.csv,144868,missing_ratings,drop,ratingCount == 0
movies_processed.csv,144874,missing_ratings,drop,ratingCount == 0
movies_processed.csv,144898,missing_ratings,drop,ratingCount == 0
movies_processed.csv,144978,missing_ratings,drop,ratingCount == 0
movies_processed.csv,144998,missing_ratings,drop,ratingCount == 0
movies_processed.csv,145002,missing_ratings,drop,ratingCount == 0
movies_processed.csv,145020,missing_ratings,drop,ratingCount == 0
movies_processed.csv,145086,missing_ratings,drop,ratingCount == 0
movies_processed.csv,145104,missing_ratings,drop,ratingCount == 0
movies_processed.csv,145262,missing_ratings,drop,ratingCount == 0
movies_processed.csv,145269,missing_ratings,drop,ratingCount == 0
movies_processed.csv,145296,missing_ratings,drop,ratingCount == 0
movies_processed.csv,145301,missing_ratings,drop,ratingCount == 0
movies_processed.csv,145309,missing_ratings,drop,ratingCount == 0
movies_processed.csv,145348,missing_ratings,drop,ratingCount == 0
movies_processed.csv,145350,missing_ratings,drop,ratingCount == 0
movies_processed.csv,145352,missing_ratings,drop,ratingCount == 0
movies_processed.csv,145356,missing_ratings,drop,ratingCount == 0
movies_processed.csv,145358,missing_ratings,drop,ratingCount == 0
movies_processed.csv,145366,missing_ratings,drop,ratingCount == 0
movies_processed.csv,145368,missing_ratings,drop,ratingCount == 0
movies_processed.csv,145386,missing_ratings,drop,ratingCount == 0
movies_processed.csv,145436,missing_ratings,drop,ratingCount == 0
movies_processed.csv,145448,missing_ratings,drop,ratingCount == 0
movies_processed.csv,145454,missing_ratings,drop,ratingCount == 0
movies_processed.csv,145464,missing_ratings,drop,ratingCount == 0
movies_processed.csv,145478,missing_ratings,drop,ratingCount == 0
movies_processed.csv,145484,missing_ratings,drop,ratingCount == 0
movies_processed.csv,145548,missing_ratings,drop,ratingCount == 0
movies_processed.csv,145554,missing_ratings,drop,ratingCount == 0
movies_processed.csv,145568,missing_ratings,drop,ratingCount == 0
movies_processed.csv,145580,missing_ratings,drop,ratingCount == 0
movies_processed.csv,145582,missing_ratings,drop,ratingCount == 0
movies_processed.csv,145626,missing_ratings,drop,ratingCount == 0
movies_processed.csv,145656,missing_ratings,drop,ratingCount == 0
movies_processed.csv,145664,missing_ratings,drop,ratingCount == 0
movies_processed.csv,145680,missing_ratings,drop,ratingCount == 0
movies_processed.csv,145682,missing_ratings,drop,ratingCount == 0
movies_processed.csv,145690,missing_ratings,drop,ratingCount == 0
movies_processed.csv,145696,missing_ratings,drop,ratingCount == 0
movies_processed.csv,145698,missing_ratings,drop,ratingCount == 0
movies_processed.csv,145720,missing_ratings,drop,ratingCount == 0
movies_processed.csv,145779,missing_ratings,drop,ratingCount == 0
movies_processed.csv,145797,missing_ratings,drop,ratingCount == 0
movies_processed.csv,145805,missing_ratings,drop,ratingCount == 0
movies_processed.csv,145811,missing_ratings,drop,ratingCount == 0
movies_processed.csv,145813,missing_ratings,drop,ratingCount == 0
movies_processed.csv,145815,missing_ratings,drop,ratingCount == 0
movies_processed.csv,145825,missing_ratings,drop,ratingCount == 0
movies_processed.csv,145835,missing_ratings,drop,ratingCount == 0
movies_processed.csv,145843,missing_ratings,drop,ratingCount == 0
movies_processed.csv,145849,missing_ratings,drop,ratingCount == 0
movies_processed.csv,145855,missing_ratings,drop,ratingCount == 0
movies_processed.csv,145911,missing_ratings,drop,ratingCount == 0
movies_processed.csv,145913,missing_ratings,drop,ratingCount == 0
movies_processed.csv,146283,missing_ratings,drop,ratingCount == 0
movies_processed.csv,146285,missing_ratings,drop,ratingCount == 0
movies_processed.csv,146289,missing_ratings,drop,ratingCount == 0
movies_processed.csv,146299,missing_ratings,drop,ratingCount == 0
movies_processed.csv,146315,missing_ratings,drop,ratingCount == 0
movies_processed.csv,146339,missing_ratings,drop,ratingCount == 0
movies_processed.csv,146452,missing_ratings,drop,ratingCount == 0
movies_processed.csv,146457,missing_ratings,drop,ratingCount == 0
movies_processed.csv,146459,missing_ratings,drop,ratingCount == 0
movies_processed.csv,146461,missing_ratings,drop,ratingCount == 0
movies_processed.csv,146472,missing_ratings,drop,ratingCount == 0
movies_processed.csv,146479,missing_ratings,drop,ratingCount == 0
movies_processed.csv,146493,missing_ratings,drop,ratingCount == 0
movies_processed.csv,146495,missing_ratings,drop,ratingCount == 0
movies_processed.csv,146503,missing_ratings,drop,ratingCount == 0
movies_processed.csv,146517,missing_ratings,drop,ratingCount == 0
movies_processed.csv,146536,missing_ratings,drop,ratingCount == 0
movies_processed.csv,146538,missing_ratings,drop,ratingCount == 0
movies_processed.csv,146546,missing_ratings,drop,ratingCount == 0
movies_processed.csv,146566,missing_ratings,drop,ratingCount == 0
movies_processed.csv,146576,missing_ratings,drop,ratingCount == 0
movies_processed.csv,146612,missing_ratings,drop,ratingCount == 0
movies_processed.csv,146616,missing_ratings,drop,ratingCount == 0
movies_processed.csv,146620,missing_ratings,drop,ratingCount == 0
movies_processed.csv,146652,missing_ratings,drop,ratingCount == 0
movies_processed.csv,146754,missing_ratings,drop,ratingCount == 0
movies_processed.csv,146796,missing_ratings,drop,ratingCount == 0
movies_processed.csv,146850,missing_ratings,drop,ratingCount == 0
movies_processed.csv,146886,missing_ratings,drop,ratingCount == 0
movies_processed.csv,146888,missing_ratings,drop,ratingCount == 0
movies_processed.csv,146892,missing_ratings,drop,ratingCount == 0
movies_processed.csv,146894,missing_ratings,drop,ratingCount == 0
movies_processed.csv,147082,missing_ratings,drop,ratingCount == 0
movies_processed.csv,147098,missing_ratings,drop,ratingCount == 0
movies_processed.csv,147146,missing_ratings,drop,ratingCount == 0
movies_processed.csv,147172,missing_ratings,drop,ratingCount == 0
movies_processed.csv,147180,missing_ratings,drop,ratingCount == 0
movies_processed.csv,147420,missing_ratings,drop,ratingCount == 0
movies_processed.csv,147504,missing_ratings,drop,ratingCount == 0
movies_processed.csv,147510,missing_ratings,drop,ratingCount == 0
movies_processed.csv,147514,missing_ratings,drop,ratingCount == 0
movies_processed.csv,147526,missing_ratings,drop,ratingCount == 0
movies_processed.csv,147539,missing_ratings,drop,ratingCount == 0
movies_processed.csv,147567,missing_ratings,drop,ratingCount == 0
movies_processed.csv,147571,missing_ratings,drop,ratingCount == 0
movies_processed.csv,147576,missing_ratings,drop,ratingCount == 0
movies_processed.csv,147593,missing_ratings,drop,ratingCount == 0
movies_processed.csv,147664,missing_ratings,drop,ratingCount == 0
movies_processed.csv,147676,missing_ratings,drop,ratingCount == 0
movies_processed.csv,147696,missing_ratings,drop,ratingCount == 0
movies_processed.csv,147710,missing_ratings,drop,ratingCount == 0
movies_processed.csv,147712,missing_ratings,drop,ratingCount == 0
movies_processed.csv,147716,missing_ratings,drop,ratingCount == 0
movies_processed.csv,147724,missing_ratings,drop,ratingCount == 0
movies_processed.csv,147760,missing_ratings,drop,ratingCount == 0
movies_processed.csv,147762,missing_ratings,drop,ratingCount == 0
movies_processed.csv,147764,missing_ratings,drop,ratingCount == 0
movies_processed.csv,147772,missing_ratings,drop,ratingCount == 0
movies_processed.csv,147791,missing_ratings,drop,ratingCount == 0
movies_processed.csv,147795,missing_ratings,drop,ratingCount == 0
movies_processed.csv,147805,missing_ratings,drop,ratingCount == 0
movies_processed.csv,147811,missing_ratings,drop,ratingCount == 0
movies_processed.csv,147849,missing_ratings,drop,ratingCount == 0
movies_processed.csv,147857,missing_ratings,drop,ratingCount == 0
movies_processed.csv,147867,missing_ratings,drop,ratingCount == 0
movies_processed.csv,147879,missing_ratings,drop,ratingCount == 0
movies_processed.csv,147893,missing_ratings,drop,ratingCount == 0
movies_processed.csv,147929,missing_ratings,drop,ratingCount == 0
movies_processed.csv,147948,missing_ratings,drop,ratingCount == 0
movies_processed.csv,147950,missing_ratings,drop,ratingCount == 0
movies_processed.csv,147952,missing_ratings,drop,ratingCount == 0
movies_processed.csv,147954,missing_ratings,drop,ratingCount == 0
movies_processed.csv,147956,missing_ratings,drop,ratingCount == 0
movies_processed.csv,147958,missing_ratings,drop,ratingCount == 0
movies_processed.csv,147960,missing_ratings,drop,ratingCount == 0
movies_processed.csv,147962,missing_ratings,drop,ratingCount == 0
movies_processed.csv,147970,missing_ratings,drop,ratingCount == 0
movies_processed.csv,147972,missing_ratings,drop,ratingCount == 0
movies_processed.csv,147984,missing_ratings,drop,ratingCount == 0
movies_processed.csv,147996,missing_ratings,drop,ratingCount == 0
movies_processed.csv,148008,missing_ratings,drop,ratingCount == 0
movies_processed.csv,148012,missing_ratings,drop,ratingCount == 0
movies_processed.csv,148014,missing_ratings,drop,ratingCount == 0
movies_processed.csv,148022,missing_ratings,drop,ratingCount == 0
movies_processed.csv,148028,missing_ratings,drop,ratingCount == 0
movies_processed.csv,148124,missing_ratings,drop,ratingCount == 0
movies_processed.csv,148128,missing_ratings,drop,ratingCount == 0
movies_processed.csv,148152,missing_ratings,drop,ratingCount == 0
movies_processed.csv,148156,missing_ratings,drop,ratingCount == 0
movies_processed.csv,148184,missing_ratings,drop,ratingCount == 0
movies_processed.csv,148200,missing_ratings,drop,ratingCount == 0
movies_processed.csv,148212,missing_ratings,drop,ratingCount == 0
movies_processed.csv,148214,missing_ratings,drop,ratingCount == 0
movies_processed.csv,148216,missing_ratings,drop,ratingCount == 0
movies_processed.csv,148226,missing_ratings,drop,ratingCount == 0
movies_processed.csv,148236,missing_ratings,drop,ratingCount == 0
movies_processed.csv,148256,missing_ratings,drop,ratingCount == 0
movies_processed.csv,148306,missing_ratings,drop,ratingCount == 0
movies_processed.csv,148329,missing_ratings,drop,ratingCount == 0
movies_processed.csv,148331,missing_ratings,drop,ratingCount == 0
movies_processed.csv,148347,missing_ratings,drop,ratingCount == 0
movies_processed.csv,148363,missing_ratings,drop,ratingCount == 0
movies_processed.csv,148502,missing_ratings,drop,ratingCount == 0
movies_processed.csv,148542,missing_ratings,drop,ratingCount == 0
movies_processed.csv,148554,missing_ratings,drop,ratingCount == 0
movies_processed.csv,148564,missing_ratings,drop,ratingCount == 0
movies_processed.csv,148566,missing_ratings,drop,ratingCount == 0
movies_processed.csv,148572,missing_ratings,drop,ratingCount == 0
movies_processed.csv,148574,missing_ratings,drop,ratingCount == 0
movies_processed.csv,148578,missing_ratings,drop,ratingCount == 0
movies_processed.csv,148582,missing_ratings,drop,ratingCount == 0
movies_processed.csv,148588,missing_ratings,drop,ratingCount == 0
movies_processed.csv,148604,missing_ratings,drop,ratingCount == 0
movies_processed.csv,148723,missing_ratings,drop,ratingCount == 0
movies_processed.csv,148990,missing_ratings,drop,ratingCount == 0
movies_processed.csv,148992,missing_ratings,drop,ratingCount == 0
movies_processed.csv,148994,missing_ratings,drop,ratingCount == 0
movies_processed.csv,149007,missing_ratings,drop,ratingCount == 0
movies_processed.csv,149080,missing_ratings,drop,ratingCount == 0
movies_processed.csv,149208,missing_ratings,drop,ratingCount == 0
movies_processed.csv,149252,missing_ratings,drop,ratingCount == 0
movies_processed.csv,149254,missing_ratings,drop,ratingCount == 0
movies_processed.csv,149256,missing_ratings,drop,ratingCount == 0
movies_processed.csv,149258,missing_ratings,drop,ratingCount == 0
movies_processed.csv,149270,missing_ratings,drop,ratingCount == 0
movies_processed.csv,149274,missing_ratings,drop,ratingCount == 0
movies_processed.csv,149280,missing_ratings,drop,ratingCount == 0
movies_processed.csv,149284,missing_ratings,drop,ratingCount == 0
movies_processed.csv,149286,missing_ratings,drop,ratingCount == 0
movies_processed.csv,149298,missing_ratings,drop,ratingCount == 0
movies_processed.csv,149538,missing_ratings,drop,ratingCount == 0
movies_processed.csv,149757,missing_ratings,drop,ratingCount == 0
movies_processed.csv,149812,missing_ratings,drop,ratingCount == 0
movies_processed.csv,149848,missing_ratings,drop,ratingCount == 0
movies_processed.csv,149852,missing_ratings,drop,ratingCount == 0
movies_processed.csv,149896,missing_ratings,drop,ratingCount == 0
movies_processed.csv,149904,missing_ratings,drop,ratingCount == 0
movies_processed.csv,149906,missing_ratings,drop,ratingCount == 0
movies_processed.csv,149931,missing_ratings,drop,ratingCount == 0
movies_processed.csv,149934,missing_ratings,drop,ratingCount == 0
movies_processed.csv,149940,missing_ratings,drop,ratingCount == 0
movies_processed.csv,149942,missing_ratings,drop,ratingCount == 0
movies_processed.csv,149944,missing_ratings,drop,ratingCount == 0
movies_processed.csv,149958,missing_ratings,drop,ratingCount == 0
movies_processed.csv,149960,missing_ratings,drop,ratingCount == 0
movies_processed.csv,149973,missing_ratings,drop,ratingCount == 0
movies_processed.csv,150130,missing_ratings,drop,ratingCount == 0
movies_processed.csv,150134,missing_ratings,drop,ratingCount == 0
movies_processed.csv,150170,missing_ratings,drop,ratingCount == 0
movies_processed.csv,150186,missing_ratings,drop,ratingCount == 0
movies_processed.csv,150214,missing_ratings,drop,ratingCount == 0
movies_processed.csv,150220,missing_ratings,drop,ratingCount == 0
movies_processed.csv,150310,missing_ratings,drop,ratingCount == 0
movies_processed.csv,150362,missing_ratings,drop,ratingCount == 0
movies_processed.csv,150385,missing_ratings,drop,ratingCount == 0
movies_processed.csv,150409,missing_ratings,drop,ratingCount == 0
movies_processed.csv,150435,missing_ratings,drop,ratingCount == 0
movies_processed.csv,150437,missing_ratings,drop,ratingCount == 0
movies_processed.csv,150469,missing_ratings,drop,ratingCount == 0
movies_processed.csv,150475,missing_ratings,drop,ratingCount == 0
movies_processed.csv,150481,missing_ratings,drop,ratingCount == 0
movies_processed.csv,150532,missing_ratings,drop,ratingCount == 0
movies_processed.csv,150574,missing_ratings,drop,ratingCount == 0
movies_processed.csv,150576,missing_ratings,drop,ratingCount == 0
movies_processed.csv,150641,missing_ratings,drop,ratingCount == 0
movies_processed.csv,150676,missing_ratings,drop,ratingCount == 0
movies_processed.csv,150678,missing_ratings,drop,ratingCount == 0
movies_processed.csv,150692,missing_ratings,drop,ratingCount == 0
movies_processed.csv,150740,missing_ratings,drop,ratingCount == 0
movies_processed.csv,150752,missing_ratings,drop,ratingCount == 0
movies_processed.csv,150764,missing_ratings,drop,ratingCount == 0
movies_processed.csv,150770,missing_ratings,drop,ratingCount == 0
movies_processed.csv,150816,missing_ratings,drop,ratingCount == 0
movies_processed.csv,150822,missing_ratings,drop,ratingCount == 0
movies_processed.csv,150832,missing_ratings,drop,ratingCount == 0
movies_processed.csv,150937,missing_ratings,drop,ratingCount == 0
movies_processed.csv,150944,missing_ratings,drop,ratingCount == 0
movies_processed.csv,150946,missing_ratings,drop,ratingCount == 0
movies_processed.csv,150948,missing_ratings,drop,ratingCount == 0
movies_processed.csv,150968,missing_ratings,drop,ratingCount == 0
movies_processed.csv,150970,missing_ratings,drop,ratingCount == 0
movies_processed.csv,150972,missing_ratings,drop,ratingCount == 0
movies_processed.csv,150974,missing_ratings,drop,ratingCount == 0
movies_processed.csv,150981,missing_ratings,drop,ratingCount == 0
movies_processed.csv,150990,missing_ratings,drop,ratingCount == 0
movies_processed.csv,151008,missing_ratings,drop,ratingCount == 0
movies_processed.csv,151015,missing_ratings,drop,ratingCount == 0
movies_processed.csv,151019,missing_ratings,drop,ratingCount == 0
movies_processed.csv,151082,missing_ratings,drop,ratingCount == 0
movies_processed.csv,151109,missing_ratings,drop,ratingCount == 0
movies_processed.csv,151115,missing_ratings,drop,ratingCount == 0
movies_processed.csv,151119,missing_ratings,drop,ratingCount == 0
movies_processed.csv,151121,missing_ratings,drop,ratingCount == 0
movies_processed.csv,151125,missing_ratings,drop,ratingCount == 0
movies_processed.csv,151127,missing_ratings,drop,ratingCount == 0
movies_processed.csv,151131,missing_ratings,drop,ratingCount == 0
movies_processed.csv,151133,missing_ratings,drop,ratingCount == 0
movies_processed.csv,151135,missing_ratings,drop,ratingCount == 0
movies_processed.csv,151141,missing_ratings,drop,ratingCount == 0
movies_processed.csv,151143,missing_ratings,drop,ratingCount == 0
movies_processed.csv,151157,missing_ratings,drop,ratingCount == 0
movies_processed.csv,151161,missing_ratings,drop,ratingCount == 0
movies_processed.csv,151163,missing_ratings,drop,ratingCount == 0
movies_processed.csv,151165,missing_ratings,drop,ratingCount == 0
movies_processed.csv,151167,missing_ratings,drop,ratingCount == 0
movies_processed.csv,151171,missing_ratings,drop,ratingCount == 0
movies_processed.csv,151173,missing_ratings,drop,ratingCount == 0
movies_processed.csv,151177,missing_ratings,drop,ratingCount == 0
movies_processed.csv,151179,missing_ratings,drop,ratingCount == 0
movies_processed.csv,151181,missing_ratings,drop,ratingCount == 0
movies_processed.csv,151183,missing_ratings,drop,ratingCount == 0
movies_processed.csv,151185,missing_ratings,drop,ratingCount == 0
movies_processed.csv,151187,missing_ratings,drop,ratingCount == 0
movies_processed.csv,151204,missing_ratings,drop,ratingCount == 0
movies_processed.csv,151212,missing_ratings,drop,ratingCount == 0
movies_processed.csv,151218,missing_ratings,drop,ratingCount == 0
movies_processed.csv,151285,missing_ratings,drop,ratingCount == 0
movies_processed.csv,151289,missing_ratings,drop,ratingCount == 0
movies_processed.csv,151295,missing_ratings,drop,ratingCount == 0
movies_processed.csv,151299,missing_ratings,drop,ratingCount == 0
movies_processed.csv,151301,missing_ratings,drop,ratingCount == 0
movies_processed.csv,151303,missing_ratings,drop,ratingCount == 0
movies_processed.csv,151333,missing_ratings,drop,ratingCount == 0
movies_processed.csv,151388,missing_ratings,drop,ratingCount == 0
movies_processed.csv,151400,missing_ratings,drop,ratingCount == 0
movies_processed.csv,151402,missing_ratings,drop,ratingCount == 0
movies_processed.csv,151435,missing_ratings,drop,ratingCount == 0
movies_processed.csv,151475,missing_ratings,drop,ratingCount == 0
movies_processed.csv,151477,missing_ratings,drop,ratingCount == 0
movies_processed.csv,151511,missing_ratings,drop,ratingCount == 0
movies_processed.csv,151529,missing_ratings,drop,ratingCount == 0
movies_processed.csv,151541,missing_ratings,drop,ratingCount == 0
movies_processed.csv,151665,missing_ratings,drop,ratingCount == 0
movies_processed.csv,151747,missing_ratings,drop,ratingCount == 0
movies_processed.csv,151835,missing_ratings,drop,ratingCount == 0
movies_processed.csv,151841,missing_ratings,drop,ratingCount == 0
movies_processed.csv,151894,missing_ratings,drop,ratingCount == 0
movies_processed.csv,151939,missing_ratings,drop,ratingCount == 0
movies_processed.csv,151943,missing_ratings,drop,ratingCount == 0
movies_processed.csv,152196,missing_ratings,drop,ratingCount == 0
movies_processed.csv,152324,missing_ratings,drop,ratingCount == 0
movies_processed.csv,152385,missing_ratings,drop,ratingCount == 0
movies_processed.csv,152395,missing_ratings,drop,ratingCount == 0
movies_processed.csv,152399,missing_ratings,drop,ratingCount == 0
movies_processed.csv,152401,missing_ratings,drop,ratingCount == 0
movies_processed.csv,152405,missing_ratings,drop,ratingCount == 0
movies_processed.csv,152407,missing_ratings,drop,ratingCount == 0
movies_processed.csv,152409,missing_ratings,drop,ratingCount == 0
movies_processed.csv,152411,missing_ratings,drop,ratingCount == 0
movies_processed.csv,152413,missing_ratings,drop,ratingCount == 0
movies_processed.csv,152419,missing_ratings,drop,ratingCount == 0
movies_processed.csv,152429,missing_ratings,drop,ratingCount == 0
movies_processed.csv,152433,missing_ratings,drop,ratingCount == 0
movies_processed.csv,152485,missing_ratings,drop,ratingCount == 0
movies_processed.csv,152519,missing_ratings,drop,ratingCount == 0
movies_processed.csv,152527,missing_ratings,drop,ratingCount == 0
movies_processed.csv,152537,missing_ratings,drop,ratingCount == 0
movies_processed.csv,152551,missing_ratings,drop,ratingCount == 0
movies_processed.csv,152573,missing_ratings,drop,ratingCount == 0
movies_processed.csv,152611,missing_ratings,drop,ratingCount == 0
movies_processed.csv,152625,missing_ratings,drop,ratingCount == 0
movies_processed.csv,152643,missing_ratings,drop,ratingCount == 0
movies_processed.csv,152691,missing_ratings,drop,ratingCount == 0
movies_processed.csv,152693,missing_ratings,drop,ratingCount == 0
movies_processed.csv,152697,missing_ratings,drop,ratingCount == 0
movies_processed.csv,152745,missing_ratings,drop,ratingCount == 0
movies_processed.csv,152774,missing_ratings,drop,ratingCount == 0
movies_processed.csv,152795,missing_ratings,drop,ratingCount == 0
movies_processed.csv,152860,missing_ratings,drop,ratingCount == 0
movies_processed.csv,153004,missing_ratings,drop,ratingCount == 0
movies_processed.csv,153470,missing_ratings,drop,ratingCount == 0
movies_processed.csv,153658,missing_ratings,drop,ratingCount == 0
movies_processed.csv,153666,missing_ratings,drop,ratingCount == 0
movies_processed.csv,153686,missing_ratings,drop,ratingCount == 0
movies_processed.csv,153951,missing_ratings,drop,ratingCount == 0
movies_processed.csv,154019,missing_ratings,drop,ratingCount == 0
movies_processed.csv,154039,missing_ratings,drop,ratingCount == 0
movies_processed.csv,154047,missing_ratings,drop,ratingCount == 0
movies_processed.csv,154061,missing_ratings,drop,ratingCount == 0
movies_processed.csv,154110,missing_ratings,drop,ratingCount == 0
movies_processed.csv,154120,missing_ratings,drop,ratingCount == 0
movies_processed.csv,154136,missing_ratings,drop,ratingCount == 0
movies_processed.csv,154152,missing_ratings,drop,ratingCount == 0
movies_processed.csv,154174,missing_ratings,drop,ratingCount == 0
movies_processed.csv,154294,missing_ratings,drop,ratingCount == 0
movies_processed.csv,154335,missing_ratings,drop,ratingCount == 0
movies_processed.csv,154682,missing_ratings,drop,ratingCount == 0
movies_processed.csv,154703,missing_ratings,drop,ratingCount == 0
movies_processed.csv,154729,missing_ratings,drop,ratingCount == 0
movies_processed.csv,154745,missing_ratings,drop,ratingCount == 0
movies_processed.csv,154747,missing_ratings,drop,ratingCount == 0
movies_processed.csv,154762,missing_ratings,drop,ratingCount == 0
movies_processed.csv,154764,missing_ratings,drop,ratingCount == 0
movies_processed.csv,154959,missing_ratings,drop,ratingCount == 0
movies_processed.csv,155016,missing_ratings,drop,ratingCount == 0
movies_processed.csv,155048,missing_ratings,drop,ratingCount == 0
movies_processed.csv,155050,missing_ratings,drop,ratingCount == 0
movies_processed.csv,155054,missing_ratings,drop,ratingCount == 0
movies_processed.csv,155176,missing_ratings,drop,ratingCount == 0
movies_processed.csv,155197,missing_ratings,drop,ratingCount == 0
movies_processed.csv,155211,missing_ratings,drop,ratingCount == 0
movies_processed.csv,155215,missing_ratings,drop,ratingCount == 0
movies_processed.csv,155217,missing_ratings,drop,ratingCount == 0
movies_processed.csv,155221,missing_ratings,drop,ratingCount == 0
movies_processed.csv,155237,missing_ratings,drop,ratingCount == 0
movies_processed.csv,155249,missing_ratings,drop,ratingCount == 0
movies_processed.csv,155257,missing_ratings,drop,ratingCount == 0
movies_processed.csv,155279,missing_ratings,drop,ratingCount == 0
movies_processed.csv,155292,missing_ratings,drop,ratingCount == 0
movies_processed.csv,155420,missing_ratings,drop,ratingCount == 0
movies_processed.csv,155427,missing_ratings,drop,ratingCount == 0
movies_processed.csv,155432,missing_ratings,drop,ratingCount == 0
movies_processed.csv,155435,missing_ratings,drop,ratingCount == 0
movies_processed.csv,155439,missing_ratings,drop,ratingCount == 0
movies_processed.csv,155451,missing_ratings,drop,ratingCount == 0
movies_processed.csv,155453,missing_ratings,drop,ratingCount == 0
movies_processed.csv,155455,missing_ratings,drop,ratingCount == 0
movies_processed.csv,155460,missing_ratings,drop,ratingCount == 0
movies_processed.csv,155464,missing_ratings,drop,ratingCount == 0
movies_processed.csv,155469,missing_ratings,drop,ratingCount == 0
movies_processed.csv,155471,missing_ratings,drop,ratingCount == 0
movies_processed.csv,155473,missing_ratings,drop,ratingCount == 0
movies_processed.csv,155475,missing_ratings,drop,ratingCount == 0
movies_processed.csv,155477,missing_ratings,drop,ratingCount == 0
movies_processed.csv,155479,missing_ratings,drop,ratingCount == 0
movies_processed.csv,155481,missing_ratings,drop,ratingCount == 0
movies_processed.csv,155487,missing_ratings,drop,ratingCount == 0
movies_processed.csv,155652,missing_ratings,drop,ratingCount == 0
movies_processed.csv,155654,missing_ratings,drop,ratingCount == 0
movies_processed.csv,155703,missing_ratings,drop,ratingCount == 0
movies_processed.csv,155705,missing_ratings,drop,ratingCount == 0
movies_processed.csv,155838,missing_ratings,drop,ratingCount == 0
movies_processed.csv,155878,missing_ratings,drop,ratingCount == 0
movies_processed.csv,155880,missing_ratings,drop,ratingCount == 0
movies_processed.csv,155900,missing_ratings,drop,ratingCount == 0
movies_processed.csv,155902,missing_ratings,drop,ratingCount == 0
movies_processed.csv,155908,missing_ratings,drop,ratingCount == 0
movies_processed.csv,155913,missing_ratings,drop,ratingCount == 0
movies_processed.csv,155915,missing_ratings,drop,ratingCount == 0
movies_processed.csv,155921,missing_ratings,drop,ratingCount == 0
movies_processed.csv,155934,missing_ratings,drop,ratingCount == 0
movies_processed.csv,155941,missing_ratings,drop,ratingCount == 0
movies_processed.csv,155948,missing_ratings,drop,ratingCount == 0
movies_processed.csv,155990,missing_ratings,drop,ratingCount == 0
movies_processed.csv,156035,missing_ratings,drop,ratingCount == 0
movies_processed.csv,156043,missing_ratings,drop,ratingCount == 0
movies_processed.csv,156052,missing_ratings,drop,ratingCount == 0
movies_processed.csv,156060,missing_ratings,drop,ratingCount == 0
movies_processed.csv,156087,missing_ratings,drop,ratingCount == 0
movies_processed.csv,156097,missing_ratings,drop,ratingCount == 0
movies_processed.csv,156101,missing_ratings,drop,ratingCount == 0
movies_processed.csv,156115,missing_ratings,drop,ratingCount == 0
movies_processed.csv,156127,missing_ratings,drop,ratingCount == 0
movies_processed.csv,156135,missing_ratings,drop,ratingCount == 0
movies_processed.csv,156148,missing_ratings,drop,ratingCount == 0
movies_processed.csv,156156,missing_ratings,drop,ratingCount == 0
movies_processed.csv,156162,missing_ratings,drop,ratingCount == 0
movies_processed.csv,156166,missing_ratings,drop,ratingCount == 0
movies_processed.csv,156173,missing_ratings,drop,ratingCount == 0
movies_processed.csv,156178,missing_ratings,drop,ratingCount == 0
movies_processed.csv,156182,missing_ratings,drop,ratingCount == 0
movies_processed.csv,156204,missing_ratings,drop,ratingCount == 0
movies_processed.csv,156208,missing_ratings,drop,ratingCount == 0
movies_processed.csv,156215,missing_ratings,drop,ratingCount == 0
movies_processed.csv,156222,missing_ratings,drop,ratingCount == 0
movies_processed.csv,156226,missing_ratings,drop,ratingCount == 0
movies_processed.csv,156237,missing_ratings,drop,ratingCount == 0
movies_processed.csv,156248,missing_ratings,drop,ratingCount == 0
movies_processed.csv,156254,missing_ratings,drop,ratingCount == 0
movies_processed.csv,156260,missing_ratings,drop,ratingCount == 0
movies_processed.csv,156262,missing_ratings,drop,ratingCount == 0
movies_processed.csv,156264,missing_ratings,drop,ratingCount == 0
movies_processed.csv,156268,missing_ratings,drop,ratingCount == 0
movies_processed.csv,156270,missing_ratings,drop,ratingCount == 0
movies_processed.csv,156272,missing_ratings,drop,ratingCount == 0
movies_processed.csv,156278,missing_ratings,drop,ratingCount == 0
movies_processed.csv,156284,missing_ratings,drop,ratingCount == 0
movies_processed.csv,156293,missing_ratings,drop,ratingCount == 0
movies_processed.csv,156296,missing_ratings,drop,ratingCount == 0
movies_processed.csv,156300,missing_ratings,drop,ratingCount == 0
movies_processed.csv,156334,missing_ratings,drop,ratingCount == 0
movies_processed.csv,156338,missing_ratings,drop,ratingCount == 0
movies_processed.csv,156340,missing_ratings,drop,ratingCount == 0
movies_processed.csv,156350,missing_ratings,drop,ratingCount == 0
movies_processed.csv,156352,missing_ratings,drop,ratingCount == 0
movies_processed.csv,156354,missing_ratings,drop,ratingCount == 0
movies_processed.csv,156358,missing_ratings,drop,ratingCount == 0
movies_processed.csv,156360,missing_ratings,drop,ratingCount == 0
movies_processed.csv,156392,missing_ratings,drop,ratingCount == 0
movies_processed.csv,156423,missing_ratings,drop,ratingCount == 0
movies_processed.csv,156425,missing_ratings,drop,ratingCount == 0
movies_processed.csv,156427,missing_ratings,drop,ratingCount == 0
movies_processed.csv,156429,missing_ratings,drop,ratingCount == 0
movies_processed.csv,156431,missing_ratings,drop,ratingCount == 0
movies_processed.csv,156433,missing_ratings,drop,ratingCount == 0
movies_processed.csv,156437,missing_ratings,drop,ratingCount == 0
movies_processed.csv,156447,missing_ratings,drop,ratingCount == 0
movies_processed.csv,156451,missing_ratings,drop,ratingCount == 0
movies_processed.csv,156453,missing_ratings,drop,ratingCount == 0
movies_processed.csv,156455,missing_ratings,drop,ratingCount == 0
movies_processed.csv,156457,missing_ratings,drop,ratingCount == 0
movies_processed.csv,156463,missing_ratings,drop,ratingCount == 0
movies_processed.csv,156477,missing_ratings,drop,ratingCount == 0
movies_processed.csv,156479,missing_ratings,drop,ratingCount == 0
movies_processed.csv,156485,missing_ratings,drop,ratingCount == 0
movies_processed.csv,156487,missing_ratings,drop,ratingCount == 0
movies_processed.csv,156491,missing_ratings,drop,ratingCount == 0
movies_processed.csv,156493,missing_ratings,drop,ratingCount == 0
movies_processed.csv,156495,missing_ratings,drop,ratingCount == 0
movies_processed.csv,156499,missing_ratings,drop,ratingCount == 0
movies_processed.csv,156501,missing_ratings,drop,ratingCount == 0
movies_processed.csv,156503,missing_ratings,drop,ratingCount == 0
movies_processed.csv,156505,missing_ratings,drop,ratingCount == 0
movies_processed.csv,156507,missing_ratings,drop,ratingCount == 0
movies_processed.csv,156509,missing_ratings,drop,ratingCount == 0
movies_processed.csv,156511,missing_ratings,drop,ratingCount == 0
movies_processed.csv,156513,missing_ratings,drop,ratingCount == 0
movies_processed.csv,156515,missing_ratings,drop,ratingCount == 0
movies_processed.csv,156521,missing_ratings,drop,ratingCount == 0
movies_processed.csv,156523,missing_ratings,drop,ratingCount == 0
movies_processed.csv,156525,missing_ratings,drop,ratingCount == 0
movies_processed.csv,156527,missing_ratings,drop,ratingCount == 0
movies_processed.csv,156533,missing_ratings,drop,ratingCount == 0
movies_processed.csv,156537,missing_ratings,drop,ratingCount == 0
movies_processed.csv,156541,missing_ratings,drop,ratingCount == 0
movies_processed.csv,156543,missing_ratings,drop,ratingCount == 0
movies_processed.csv,156625,missing_ratings,drop,ratingCount == 0
movies_processed.csv,156629,missing_ratings,drop,ratingCount == 0
movies_processed.csv,156633,missing_ratings,drop,ratingCount == 0
movies_processed.csv,156639,missing_ratings,drop,ratingCount == 0
movies_processed.csv,156645,missing_ratings,drop,ratingCount == 0
movies_processed.csv,156647,missing_ratings,drop,ratingCount == 0
movies_processed.csv,156649,missing_ratings,drop,ratingCount == 0
movies_processed.csv,156655,missing_ratings,drop,ratingCount == 0
movies_processed.csv,156661,missing_ratings,drop,ratingCount == 0
movies_processed.csv,156663,missing_ratings,drop,ratingCount == 0
movies_processed.csv,156747,missing_ratings,drop,ratingCount == 0
movies_processed.csv,156797,missing_ratings,drop,ratingCount == 0
movies_processed.csv,156807,missing_ratings,drop,ratingCount == 0
movies_processed.csv,156817,missing_ratings,drop,ratingCount == 0
movies_processed.csv,156821,missing_ratings,drop,ratingCount == 0
movies_processed.csv,156842,missing_ratings,drop,ratingCount == 0
movies_processed.csv,156844,missing_ratings,drop,ratingCount == 0
movies_processed.csv,156865,missing_ratings,drop,ratingCount == 0
movies_processed.csv,156867,missing_ratings,drop,ratingCount == 0
movies_processed.csv,156871,missing_ratings,drop,ratingCount == 0
movies_processed.csv,156933,missing_ratings,drop,ratingCount == 0
movies_processed.csv,156937,missing_ratings,drop,ratingCount == 0
movies_processed.csv,156952,missing_ratings,drop,ratingCount == 0
movies_processed.csv,156980,missing_ratings,drop,ratingCount == 0
movies_processed.csv,156982,missing_ratings,drop,ratingCount == 0
movies_processed.csv,156984,missing_ratings,drop,ratingCount == 0
movies_processed.csv,156986,missing_ratings,drop,ratingCount == 0
movies_processed.csv,157014,missing_ratings,drop,ratingCount == 0
movies_processed.csv,157166,missing_ratings,drop,ratingCount == 0
movies_processed.csv,157180,missing_ratings,drop,ratingCount == 0
movies_processed.csv,157260,missing_ratings,drop,ratingCount == 0
movies_processed.csv,157391,missing_ratings,drop,ratingCount == 0
movies_processed.csv,157397,missing_ratings,drop,ratingCount == 0
movies_processed.csv,157454,missing_ratings,drop,ratingCount == 0
movies_processed.csv,157466,missing_ratings,drop,ratingCount == 0
movies_processed.csv,157475,missing_ratings,drop,ratingCount == 0
movies_processed.csv,157510,missing_ratings,drop,ratingCount == 0
movies_processed.csv,157512,missing_ratings,drop,ratingCount == 0
movies_processed.csv,157516,missing_ratings,drop,ratingCount == 0
movies_processed.csv,157518,missing_ratings,drop,ratingCount == 0
movies_processed.csv,157520,missing_ratings,drop,ratingCount == 0
movies_processed.csv,157522,missing_ratings,drop,ratingCount == 0
movies_processed.csv,157530,missing_ratings,drop,ratingCount == 0
movies_processed.csv,157534,missing_ratings,drop,ratingCount == 0
movies_processed.csv,157536,missing_ratings,drop,ratingCount == 0
movies_processed.csv,157611,missing_ratings,drop,ratingCount == 0
movies_processed.csv,157613,missing_ratings,drop,ratingCount == 0
movies_processed.csv,157619,missing_ratings,drop,ratingCount == 0
movies_processed.csv,157649,missing_ratings,drop,ratingCount == 0
movies_processed.csv,157659,missing_ratings,drop,ratingCount == 0
movies_processed.csv,157685,missing_ratings,drop,ratingCount == 0
movies_processed.csv,157689,missing_ratings,drop,ratingCount == 0
movies_processed.csv,157695,missing_ratings,drop,ratingCount == 0
movies_processed.csv,157697,missing_ratings,drop,ratingCount == 0
movies_processed.csv,157703,missing_ratings,drop,ratingCount == 0
movies_processed.csv,157705,missing_ratings,drop,ratingCount == 0
movies_processed.csv,157709,missing_ratings,drop,ratingCount == 0
movies_processed.csv,157711,missing_ratings,drop,ratingCount == 0
movies_processed.csv,157713,missing_ratings,drop,ratingCount == 0
movies_processed.csv,157715,missing_ratings,drop,ratingCount == 0
movies_processed.csv,157717,missing_ratings,drop,ratingCount == 0
movies_processed.csv,157725,missing_ratings,drop,ratingCount == 0
movies_processed.csv,157733,missing_ratings,drop,ratingCount == 0
movies_processed.csv,157735,missing_ratings,drop,ratingCount == 0
movies_processed.csv,157739,missing_ratings,drop,ratingCount == 0
movies_processed.csv,157741,missing_ratings,drop,ratingCount == 0
movies_processed.csv,157745,missing_ratings,drop,ratingCount == 0
movies_processed.csv,157905,missing_ratings,drop,ratingCount == 0
movies_processed.csv,157951,missing_ratings,drop,ratingCount == 0
movies_processed.csv,157979,missing_ratings,drop,ratingCount == 0
movies_processed.csv,158109,missing_ratings,drop,ratingCount == 0
movies_processed.csv,158111,missing_ratings,drop,ratingCount == 0
movies_processed.csv,158113,missing_ratings,drop,ratingCount == 0
movies_processed.csv,158115,missing_ratings,drop,ratingCount == 0
movies_processed.csv,158117,missing_ratings,drop,ratingCount == 0
movies_processed.csv,158174,missing_ratings,drop,ratingCount == 0
movies_processed.csv,158176,missing_ratings,drop,ratingCount == 0
movies_processed.csv,158178,missing_ratings,drop,ratingCount == 0
movies_processed.csv,158340,missing_ratings,drop,ratingCount == 0
movies_processed.csv,158342,missing_ratings,drop,ratingCount == 0
movies_processed.csv,158350,missing_ratings,drop,ratingCount == 0
movies_processed.csv,158430,missing_ratings,drop,ratingCount == 0
movies_processed.csv,158433,missing_ratings,drop,ratingCount == 0
movies_processed.csv,158441,missing_ratings,drop,ratingCount == 0
movies_processed.csv,158443,missing_ratings,drop,ratingCount == 0
movies_processed.csv,158453,missing_ratings,drop,ratingCount == 0
movies_processed.csv,158455,missing_ratings,drop,ratingCount == 0
movies_processed.csv,158462,missing_ratings,drop,ratingCount == 0
movies_processed.csv,158480,missing_ratings,drop,ratingCount == 0
movies_processed.csv,158484,missing_ratings,drop,ratingCount == 0
movies_processed.csv,158489,missing_ratings,drop,ratingCount == 0
movies_processed.csv,158493,missing_ratings,drop,ratingCount == 0
movies_processed.csv,158496,missing_ratings,drop,ratingCount == 0
movies_processed.csv,158499,missing_ratings,drop,ratingCount == 0
movies_processed.csv,158504,missing_ratings,drop,ratingCount == 0
movies_processed.csv,158506,missing_ratings,drop,ratingCount == 0
movies_processed.csv,158516,missing_ratings,drop,ratingCount == 0
movies_processed.csv,158520,missing_ratings,drop,ratingCount == 0
movies_processed.csv,158524,missing_ratings,drop,ratingCount == 0
movies_processed.csv,158573,missing_ratings,drop,ratingCount == 0
movies_processed.csv,158703,missing_ratings,drop,ratingCount == 0
movies_processed.csv,158733,missing_ratings,drop,ratingCount == 0
movies_processed.csv,158749,missing_ratings,drop,ratingCount == 0
movies_processed.csv,158793,missing_ratings,drop,ratingCount == 0
movies_processed.csv,158994,missing_ratings,drop,ratingCount == 0
movies_processed.csv,159032,missing_ratings,drop,ratingCount == 0
movies_processed.csv,159171,missing_ratings,drop,ratingCount == 0
movies_processed.csv,159263,missing_ratings,drop,ratingCount == 0
movies_processed.csv,159267,missing_ratings,drop,ratingCount == 0
movies_processed.csv,159293,missing_ratings,drop,ratingCount == 0
movies_processed.csv,159341,missing_ratings,drop,ratingCount == 0
movies_processed.csv,159391,missing_ratings,drop,ratingCount == 0
movies_processed.csv,159502,missing_ratings,drop,ratingCount == 0
movies_processed.csv,159520,missing_ratings,drop,ratingCount == 0
movies_processed.csv,159534,missing_ratings,drop,ratingCount == 0
movies_processed.csv,159544,missing_ratings,drop,ratingCount == 0
movies_processed.csv,159548,missing_ratings,drop,ratingCount == 0
movies_processed.csv,159550,missing_ratings,drop,ratingCount == 0
movies_processed.csv,159552,missing_ratings,drop,ratingCount == 0
movies_processed.csv,159554,missing_ratings,drop,ratingCount == 0
movies_processed.csv,159570,missing_ratings,drop,ratingCount == 0
movies_processed.csv,159582,missing_ratings,drop,ratingCount == 0
movies_processed.csv,159584,missing_ratings,drop,ratingCount == 0
movies_processed.csv,159662,missing_ratings,drop,ratingCount == 0
movies_processed.csv,159765,missing_ratings,drop,ratingCount == 0
movies_processed.csv,159825,missing_ratings,drop,ratingCount == 0
movies_processed.csv,159831,missing_ratings,drop,ratingCount == 0
movies_processed.csv,159843,missing_ratings,drop,ratingCount == 0
movies_processed.csv,159845,missing_ratings,drop,ratingCount == 0
movies_processed.csv,159862,missing_ratings,drop,ratingCount == 0
movies_processed.csv,159865,missing_ratings,drop,ratingCount == 0
movies_processed.csv,159867,missing_ratings,drop,ratingCount == 0
movies_processed.csv,159875,missing_ratings,drop,ratingCount == 0
movies_processed.csv,159882,missing_ratings,drop,ratingCount == 0
movies_processed.csv,159886,missing_ratings,drop,ratingCount == 0
movies_processed.csv,159920,missing_ratings,drop,ratingCount == 0
movies_processed.csv,159931,missing_ratings,drop,ratingCount == 0
movies_processed.csv,159933,missing_ratings,drop,ratingCount == 0
movies_processed.csv,159940,missing_ratings,drop,ratingCount == 0
movies_processed.csv,159947,missing_ratings,drop,ratingCount == 0
movies_processed.csv,159949,missing_ratings,drop,ratingCount == 0
movies_processed.csv,159982,missing_ratings,drop,ratingCount == 0
movies_processed.csv,160032,missing_ratings,drop,ratingCount == 0
movies_processed.csv,160034,missing_ratings,drop,ratingCount == 0
movies_processed.csv,160036,missing_ratings,drop,ratingCount == 0
movies_processed.csv,160060,missing_ratings,drop,ratingCount == 0
movies_processed.csv,160070,missing_ratings,drop,ratingCount == 0
movies_processed.csv,160076,missing_ratings,drop,ratingCount == 0
movies_processed.csv,160193,missing_ratings,drop,ratingCount == 0
movies_processed.csv,160243,missing_ratings,drop,ratingCount == 0
movies_processed.csv,160249,missing_ratings,drop,ratingCount == 0
movies_processed.csv,160251,missing_ratings,drop,ratingCount == 0
movies_processed.csv,160257,missing_ratings,drop,ratingCount == 0
movies_processed.csv,160309,missing_ratings,drop,ratingCount == 0
movies_processed.csv,160313,missing_ratings,drop,ratingCount == 0
movies_processed.csv,160325,missing_ratings,drop,ratingCount == 0
movies_processed.csv,160364,missing_ratings,drop,ratingCount == 0
movies_processed.csv,160374,missing_ratings,drop,ratingCount == 0
movies_processed.csv,160390,missing_ratings,drop,ratingCount == 0
movies_processed.csv,160478,missing_ratings,drop,ratingCount == 0
movies_processed.csv,160482,missing_ratings,drop,ratingCount == 0
movies_processed.csv,160537,missing_ratings,drop,ratingCount == 0
movies_processed.csv,160636,missing_ratings,drop,ratingCount == 0
movies_processed.csv,160740,missing_ratings,drop,ratingCount == 0
movies_processed.csv,160748,missing_ratings,drop,ratingCount == 0
movies_processed.csv,160750,missing_ratings,drop,ratingCount == 0
movies_processed.csv,160758,missing_ratings,drop,ratingCount == 0
movies_processed.csv,160760,missing_ratings,drop,ratingCount == 0
movies_processed.csv,160774,missing_ratings,drop,ratingCount == 0
movies_processed.csv,160790,missing_ratings,drop,ratingCount == 0
movies_processed.csv,160806,missing_ratings,drop,ratingCount == 0
movies_processed.csv,160820,missing_ratings,drop,ratingCount == 0
movies_processed.csv,160824,missing_ratings,drop,ratingCount == 0
movies_processed.csv,160856,missing_ratings,drop,ratingCount == 0
movies_processed.csv,160904,missing_ratings,drop,ratingCount == 0
movies_processed.csv,160960,missing_ratings,drop,ratingCount == 0
movies_processed.csv,161006,missing_ratings,drop,ratingCount == 0
movies_processed.csv,161088,missing_ratings,drop,ratingCount == 0
movies_processed.csv,161137,missing_ratings,drop,ratingCount == 0
movies_processed.csv,161236,missing_ratings,drop,ratingCount == 0
movies_processed.csv,161238,missing_ratings,drop,ratingCount == 0
movies_processed.csv,161242,missing_ratings,drop,ratingCount == 0
movies_processed.csv,161244,missing_ratings,drop,ratingCount == 0
movies_processed.csv,161252,missing_ratings,drop,ratingCount == 0
movies_processed.csv,161254,missing_ratings,drop,ratingCount == 0
movies_processed.csv,161260,missing_ratings,drop,ratingCount == 0
movies_processed.csv,161272,missing_ratings,drop,ratingCount == 0
movies_processed.csv,161322,missing_ratings,drop,ratingCount == 0
movies_processed.csv,161352,missing_ratings,drop,ratingCount == 0
movies_processed.csv,161366,missing_ratings,drop,ratingCount == 0
movies_processed.csv,161372,missing_ratings,drop,ratingCount == 0
movies_processed.csv,161376,missing_ratings,drop,ratingCount == 0
movies_processed.csv,161380,missing_ratings,drop,ratingCount == 0
movies_processed.csv,161382,missing_ratings,drop,ratingCount == 0
movies_processed.csv,161384,missing_ratings,drop,ratingCount == 0
movies_processed.csv,161386,missing_ratings,drop,ratingCount == 0
movies_processed.csv,161388,missing_ratings,drop,ratingCount == 0
movies_processed.csv,161424,missing_ratings,drop,ratingCount == 0
movies_processed.csv,161434,missing_ratings,drop,ratingCount == 0
movies_processed.csv,161452,missing_ratings,drop,ratingCount == 0
movies_processed.csv,161496,missing_ratings,drop,ratingCount == 0
movies_processed.csv,161516,missing_ratings,drop,ratingCount == 0
movies_processed.csv,161542,missing_ratings,drop,ratingCount == 0
movies_processed.csv,161546,missing_ratings,drop,ratingCount == 0
movies_processed.csv,161548,missing_ratings,drop,ratingCount == 0
movies_processed.csv,161552,missing_ratings,drop,ratingCount == 0
movies_processed.csv,161560,missing_ratings,drop,ratingCount == 0
movies_processed.csv,161648,missing_ratings,drop,ratingCount == 0
movies_processed.csv,161698,missing_ratings,drop,ratingCount == 0
movies_processed.csv,161714,missing_ratings,drop,ratingCount == 0
movies_processed.csv,161718,missing_ratings,drop,ratingCount == 0
movies_processed.csv,161736,missing_ratings,drop,ratingCount == 0
movies_processed.csv,161748,missing_ratings,drop,ratingCount == 0
movies_processed.csv,161828,missing_ratings,drop,ratingCount == 0
movies_processed.csv,161840,missing_ratings,drop,ratingCount == 0
movies_processed.csv,161844,missing_ratings,drop,ratingCount == 0
movies_processed.csv,161850,missing_ratings,drop,ratingCount == 0
movies_processed.csv,161856,missing_ratings,drop,ratingCount == 0
movies_processed.csv,161858,missing_ratings,drop,ratingCount == 0
movies_processed.csv,161860,missing_ratings,drop,ratingCount == 0
movies_processed.csv,161862,missing_ratings,drop,ratingCount == 0
movies_processed.csv,161866,missing_ratings,drop,ratingCount == 0
movies_processed.csv,161880,missing_ratings,drop,ratingCount == 0
movies_processed.csv,161884,missing_ratings,drop,ratingCount == 0
movies_processed.csv,161900,missing_ratings,drop,ratingCount == 0
movies_processed.csv,161994,missing_ratings,drop,ratingCount == 0
movies_processed.csv,162028,missing_ratings,drop,ratingCount == 0
movies_processed.csv,162030,missing_ratings,drop,ratingCount == 0
movies_processed.csv,162036,missing_ratings,drop,ratingCount == 0
movies_processed.csv,162044,missing_ratings,drop,ratingCount == 0
movies_processed.csv,162050,missing_ratings,drop,ratingCount == 0
movies_processed.csv,162076,missing_ratings,drop,ratingCount == 0
movies_processed.csv,162096,missing_ratings,drop,ratingCount == 0
movies_processed.csv,162104,missing_ratings,drop,ratingCount == 0
movies_processed.csv,162114,missing_ratings,drop,ratingCount == 0
movies_processed.csv,162136,missing_ratings,drop,ratingCount == 0
movies_processed.csv,162144,missing_ratings,drop,ratingCount == 0
movies_processed.csv,162180,missing_ratings,drop,ratingCount == 0
movies_processed.csv,162206,missing_ratings,drop,ratingCount == 0
movies_processed.csv,162432,missing_ratings,drop,ratingCount == 0
movies_processed.csv,162466,missing_ratings,drop,ratingCount == 0
movies_processed.csv,162476,missing_ratings,drop,ratingCount == 0
movies_processed.csv,162492,missing_ratings,drop,ratingCount == 0
movies_processed.csv,162494,missing_ratings,drop,ratingCount == 0
movies_processed.csv,162504,missing_ratings,drop,ratingCount == 0
movies_processed.csv,162516,missing_ratings,drop,ratingCount == 0
movies_processed.csv,162524,missing_ratings,drop,ratingCount == 0
movies_processed.csv,162528,missing_ratings,drop,ratingCount == 0
movies_processed.csv,162532,missing_ratings,drop,ratingCount == 0
movies_processed.csv,162534,missing_ratings,drop,ratingCount == 0
movies_processed.csv,162538,missing_ratings,drop,ratingCount == 0
movies_processed.csv,162548,missing_ratings,drop,ratingCount == 0
movies_processed.csv,162562,missing_ratings,drop,ratingCount == 0
movies_processed.csv,162564,missing_ratings,drop,ratingCount == 0
movies_processed.csv,162684,missing_ratings,drop,ratingCount == 0
movies_processed.csv,162688,missing_ratings,drop,ratingCount == 0
movies_processed.csv,162692,missing_ratings,drop,ratingCount == 0
movies_processed.csv,162694,missing_ratings,drop,ratingCount == 0
movies_processed.csv,162708,missing_ratings,drop,ratingCount == 0
movies_processed.csv,162792,missing_ratings,drop,ratingCount == 0
movies_processed.csv,162954,missing_ratings,drop,ratingCount == 0
movies_processed.csv,163090,missing_ratings,drop,ratingCount == 0
movies_processed.csv,163114,missing_ratings,drop,ratingCount == 0
movies_processed.csv,163156,missing_ratings,drop,ratingCount == 0
movies_processed.csv,163176,missing_ratings,drop,ratingCount == 0
movies_processed.csv,163182,missing_ratings,drop,ratingCount == 0
movies_processed.csv,163184,missing_ratings,drop,ratingCount == 0
movies_processed.csv,163186,missing_ratings,drop,ratingCount == 0
movies_processed.csv,163188,missing_ratings,drop,ratingCount == 0
movies_processed.csv,163192,missing_ratings,drop,ratingCount == 0
movies_processed.csv,163198,missing_ratings,drop,ratingCount == 0
movies_processed.csv,163200,missing_ratings,drop,ratingCount == 0
movies_processed.csv,163204,missing_ratings,drop,ratingCount == 0
movies_processed.csv,163212,missing_ratings,drop,ratingCount == 0
movies_processed.csv,163216,missing_ratings,drop,ratingCount == 0
movies_processed.csv,163220,missing_ratings,drop,ratingCount == 0
movies_processed.csv,163222,missing_ratings,drop,ratingCount == 0
movies_processed.csv,163224,missing_ratings,drop,ratingCount == 0
movies_processed.csv,163226,missing_ratings,drop,ratingCount == 0
movies_processed.csv,163230,missing_ratings,drop,ratingCount == 0
movies_processed.csv,163244,missing_ratings,drop,ratingCount == 0
movies_processed.csv,163248,missing_ratings,drop,ratingCount == 0
movies_processed.csv,163252,missing_ratings,drop,ratingCount == 0
movies_processed.csv,163258,missing_ratings,drop,ratingCount == 0
movies_processed.csv,163264,missing_ratings,drop,ratingCount == 0
movies_processed.csv,163362,missing_ratings,drop,ratingCount == 0
movies_processed.csv,163380,missing_ratings,drop,ratingCount == 0
movies_processed.csv,163394,missing_ratings,drop,ratingCount == 0
movies_processed.csv,163402,missing_ratings,drop,ratingCount == 0
movies_processed.csv,163406,missing_ratings,drop,ratingCount == 0
movies_processed.csv,163418,missing_ratings,drop,ratingCount == 0
movies_processed.csv,163607,missing_ratings,drop,ratingCount == 0
movies_processed.csv,163609,missing_ratings,drop,ratingCount == 0
movies_processed.csv,163621,missing_ratings,drop,ratingCount == 0
movies_processed.csv,163623,missing_ratings,drop,ratingCount == 0
movies_processed.csv,163629,missing_ratings,drop,ratingCount == 0
movies_processed.csv,163657,missing_ratings,drop,ratingCount == 0
movies_processed.csv,163721,missing_ratings,drop,ratingCount == 0
movies_processed.csv,163727,missing_ratings,drop,ratingCount == 0
movies_processed.csv,163729,missing_ratings,drop,ratingCount == 0
movies_processed.csv,163737,missing_ratings,drop,ratingCount == 0
movies_processed.csv,163743,missing_ratings,drop,ratingCount == 0
movies_processed.csv,163753,missing_ratings,drop,ratingCount == 0
movies_processed.csv,163777,missing_ratings,drop,ratingCount == 0
movies_processed.csv,163785,missing_ratings,drop,ratingCount == 0
movies_processed.csv,163791,missing_ratings,drop,ratingCount == 0
movies_processed.csv,163795,missing_ratings,drop,ratingCount == 0
movies_processed.csv,163827,missing_ratings,drop,ratingCount == 0
movies_processed.csv,163829,missing_ratings,drop,ratingCount == 0
movies_processed.csv,163841,missing_ratings,drop,ratingCount == 0
movies_processed.csv,163845,missing_ratings,drop,ratingCount == 0
movies_processed.csv,163849,missing_ratings,drop,ratingCount == 0
movies_processed.csv,163857,missing_ratings,drop,ratingCount == 0
movies_processed.csv,163867,missing_ratings,drop,ratingCount == 0
movies_processed.csv,163879,missing_ratings,drop,ratingCount == 0
movies_processed.csv,163889,missing_ratings,drop,ratingCount == 0
movies_processed.csv,163895,missing_ratings,drop,ratingCount == 0
movies_processed.csv,163899,missing_ratings,drop,ratingCount == 0
movies_processed.csv,163903,missing_ratings,drop,ratingCount == 0
movies_processed.csv,163973,missing_ratings,drop,ratingCount == 0
movies_processed.csv,164051,missing_ratings,drop,ratingCount == 0
movies_processed.csv,164294,missing_ratings,drop,ratingCount == 0
movies_processed.csv,164296,missing_ratings,drop,ratingCount == 0
movies_processed.csv,164318,missing_ratings,drop,ratingCount == 0
movies_processed.csv,164320,missing_ratings,drop,ratingCount == 0
movies_processed.csv,164322,missing_ratings,drop,ratingCount == 0
movies_processed.csv,164324,missing_ratings,drop,ratingCount == 0
movies_processed.csv,164340,missing_ratings,drop,ratingCount == 0
movies_processed.csv,164346,missing_ratings,drop,ratingCount == 0
movies_processed.csv,164358,missing_ratings,drop,ratingCount == 0
movies_processed.csv,164377,missing_ratings,drop,ratingCount == 0
movies_processed.csv,164389,missing_ratings,drop,ratingCount == 0
movies_processed.csv,164427,missing_ratings,drop,ratingCount == 0
movies_processed.csv,164459,missing_ratings,drop,ratingCount == 0
movies_processed.csv,164461,missing_ratings,drop,ratingCount == 0
movies_processed.csv,164463,missing_ratings,drop,ratingCount == 0
movies_processed.csv,164469,missing_ratings,drop,ratingCount == 0
movies_processed.csv,164477,missing_ratings,drop,ratingCount == 0
movies_processed.csv,164483,missing_ratings,drop,ratingCount == 0
movies_processed.csv,165001,missing_ratings,drop,ratingCount == 0
movies_processed.csv,165005,missing_ratings,drop,ratingCount == 0
movies_processed.csv,165007,missing_ratings,drop,ratingCount == 0
movies_processed.csv,165011,missing_ratings,drop,ratingCount == 0
movies_processed.csv,165021,missing_ratings,drop,ratingCount == 0
movies_processed.csv,165037,missing_ratings,drop,ratingCount == 0
movies_processed.csv,165047,missing_ratings,drop,ratingCount == 0
movies_processed.csv,165055,missing_ratings,drop,ratingCount == 0
movies_processed.csv,165061,missing_ratings,drop,ratingCount == 0
movies_processed.csv,165143,missing_ratings,drop,ratingCount == 0
movies_processed.csv,165247,missing_ratings,drop,ratingCount == 0
movies_processed.csv,165251,missing_ratings,drop,ratingCount == 0
movies_processed.csv,165255,missing_ratings,drop,ratingCount == 0
movies_processed.csv,165261,missing_ratings,drop,ratingCount == 0
movies_processed.csv,165267,missing_ratings,drop,ratingCount == 0
movies_processed.csv,165269,missing_ratings,drop,ratingCount == 0
movies_processed.csv,165277,missing_ratings,drop,ratingCount == 0
movies_processed.csv,165363,missing_ratings,drop,ratingCount == 0
movies_processed.csv,165373,missing_ratings,drop,ratingCount == 0
movies_processed.csv,165427,missing_ratings,drop,ratingCount == 0
movies_processed.csv,165429,missing_ratings,drop,ratingCount == 0
movies_processed.csv,165433,missing_ratings,drop,ratingCount == 0
movies_processed.csv,165435,missing_ratings,drop,ratingCount == 0
movies_processed.csv,165445,missing_ratings,drop,ratingCount == 0
movies_processed.csv,165447,missing_ratings,drop,ratingCount == 0
movies_processed.csv,165451,missing_ratings,drop,ratingCount == 0
movies_processed.csv,165453,missing_ratings,drop,ratingCount == 0
movies_processed.csv,165455,missing_ratings,drop,ratingCount == 0
movies_processed.csv,165457,missing_ratings,drop,ratingCount == 0
movies_processed.csv,165463,missing_ratings,drop,ratingCount == 0
movies_processed.csv,165467,missing_ratings,drop,ratingCount == 0
movies_processed.csv,165481,missing_ratings,drop,ratingCount == 0
movies_processed.csv,165597,missing_ratings,drop,ratingCount == 0
movies_processed.csv,165619,missing_ratings,drop,ratingCount == 0
movies_processed.csv,165623,missing_ratings,drop,ratingCount == 0
movies_processed.csv,165707,missing_ratings,drop,ratingCount == 0
movies_processed.csv,165711,missing_ratings,drop,ratingCount == 0
movies_processed.csv,165783,missing_ratings,drop,ratingCount == 0
movies_processed.csv,165789,missing_ratings,drop,ratingCount == 0
movies_processed.csv,165813,missing_ratings,drop,ratingCount == 0
movies_processed.csv,165839,missing_ratings,drop,ratingCount == 0
movies_processed.csv,165887,missing_ratings,drop,ratingCount == 0
movies_processed.csv,165971,missing_ratings,drop,ratingCount == 0
movies_processed.csv,165977,missing_ratings,drop,ratingCount == 0
movies_processed.csv,165979,missing_ratings,drop,ratingCount == 0
movies_processed.csv,165995,missing_ratings,drop,ratingCount == 0
movies_processed.csv,165997,missing_ratings,drop,ratingCount == 0
movies_processed.csv,166128,missing_ratings,drop,ratingCount == 0
movies_processed.csv,166130,missing_ratings,drop,ratingCount == 0
movies_processed.csv,166249,missing_ratings,drop,ratingCount == 0
movies_processed.csv,166385,missing_ratings,drop,ratingCount == 0
movies_processed.csv,166387,missing_ratings,drop,ratingCount == 0
movies_processed.csv,166397,missing_ratings,drop,ratingCount == 0
movies_processed.csv,166407,missing_ratings,drop,ratingCount == 0
movies_processed.csv,166433,missing_ratings,drop,ratingCount == 0
movies_processed.csv,166675,missing_ratings,drop,ratingCount == 0
movies_processed.csv,166816,missing_ratings,drop,ratingCount == 0
movies_processed.csv,166822,missing_ratings,drop,ratingCount == 0
movies_processed.csv,166824,missing_ratings,drop,ratingCount == 0
movies_processed.csv,166826,missing_ratings,drop,ratingCount == 0
movies_processed.csv,166828,missing_ratings,drop,ratingCount == 0
movies_processed.csv,166832,missing_ratings,drop,ratingCount == 0
movies_processed.csv,166834,missing_ratings,drop,ratingCount == 0
movies_processed.csv,166840,missing_ratings,drop,ratingCount == 0
movies_processed.csv,166846,missing_ratings,drop,ratingCount == 0
movies_processed.csv,166852,missing_ratings,drop,ratingCount == 0
movies_processed.csv,166858,missing_ratings,drop,ratingCount == 0
movies_processed.csv,166886,missing_ratings,drop,ratingCount == 0
movies_processed.csv,167016,missing_ratings,drop,ratingCount == 0
movies_processed.csv,167210,missing_ratings,drop,ratingCount == 0
movies_processed.csv,167212,missing_ratings,drop,ratingCount == 0
movies_processed.csv,167214,missing_ratings,drop,ratingCount == 0
movies_processed.csv,167222,missing_ratings,drop,ratingCount == 0
movies_processed.csv,167224,missing_ratings,drop,ratingCount == 0
movies_processed.csv,167228,missing_ratings,drop,ratingCount == 0
movies_processed.csv,167230,missing_ratings,drop,ratingCount == 0
movies_processed.csv,167274,missing_ratings,drop,ratingCount == 0
movies_processed.csv,167280,missing_ratings,drop,ratingCount == 0
movies_processed.csv,167300,missing_ratings,drop,ratingCount == 0
movies_processed.csv,167302,missing_ratings,drop,ratingCount == 0
movies_processed.csv,167306,missing_ratings,drop,ratingCount == 0
movies_processed.csv,167356,missing_ratings,drop,ratingCount == 0
movies_processed.csv,167364,missing_ratings,drop,ratingCount == 0
movies_processed.csv,167618,missing_ratings,drop,ratingCount == 0
movies_processed.csv,167626,missing_ratings,drop,ratingCount == 0
movies_processed.csv,167720,missing_ratings,drop,ratingCount == 0
movies_processed.csv,167872,missing_ratings,drop,ratingCount == 0
movies_processed.csv,167874,missing_ratings,drop,ratingCount == 0
movies_processed.csv,167876,missing_ratings,drop,ratingCount == 0
movies_processed.csv,167880,missing_ratings,drop,ratingCount == 0
movies_processed.csv,167882,missing_ratings,drop,ratingCount == 0
movies_processed.csv,167888,missing_ratings,drop,ratingCount == 0
movies_processed.csv,167892,missing_ratings,drop,ratingCount == 0
movies_processed.csv,167896,missing_ratings,drop,ratingCount == 0
movies_processed.csv,167898,missing_ratings,drop,ratingCount == 0
movies_processed.csv,167902,missing_ratings,drop,ratingCount == 0
movies_processed.csv,167906,missing_ratings,drop,ratingCount == 0
movies_processed.csv,167914,missing_ratings,drop,ratingCount == 0
movies_processed.csv,167918,missing_ratings,drop,ratingCount == 0
movies_processed.csv,167938,missing_ratings,drop,ratingCount == 0
movies_processed.csv,167944,missing_ratings,drop,ratingCount == 0
movies_processed.csv,167952,missing_ratings,drop,ratingCount == 0
movies_processed.csv,168066,missing_ratings,drop,ratingCount == 0
movies_processed.csv,168138,missing_ratings,drop,ratingCount == 0
movies_processed.csv,168182,missing_ratings,drop,ratingCount == 0
movies_processed.csv,168188,missing_ratings,drop,ratingCount == 0
movies_processed.csv,168198,missing_ratings,drop,ratingCount == 0
movies_processed.csv,168256,missing_ratings,drop,ratingCount == 0
movies_processed.csv,168356,missing_ratings,drop,ratingCount == 0
movies_processed.csv,168368,missing_ratings,drop,ratingCount == 0
movies_processed.csv,168372,missing_ratings,drop,ratingCount == 0
movies_processed.csv,168378,missing_ratings,drop,ratingCount == 0
movies_processed.csv,168380,missing_ratings,drop,ratingCount == 0
movies_processed.csv,168388,missing_ratings,drop,ratingCount == 0
movies_processed.csv,168396,missing_ratings,drop,ratingCount == 0
movies_processed.csv,168398,missing_ratings,drop,ratingCount == 0
movies_processed.csv,168484,missing_ratings,drop,ratingCount == 0
movies_processed.csv,168594,missing_ratings,drop,ratingCount == 0
movies_processed.csv,168596,missing_ratings,drop,ratingCount == 0
movies_processed.csv,168598,missing_ratings,drop,ratingCount == 0
movies_processed.csv,168604,missing_ratings,drop,ratingCount == 0
movies_processed.csv,168734,missing_ratings,drop,ratingCount == 0
movies_processed.csv,168794,missing_ratings,drop,ratingCount == 0
movies_processed.csv,168880,missing_ratings,drop,ratingCount == 0
movies_processed.csv,169026,missing_ratings,drop,ratingCount == 0
movies_processed.csv,169074,missing_ratings,drop,ratingCount == 0
movies_processed.csv,169138,missing_ratings,drop,ratingCount == 0
movies_processed.csv,169224,missing_ratings,drop,ratingCount == 0
movies_processed.csv,169308,missing_ratings,drop,ratingCount == 0
movies_processed.csv,169322,missing_ratings,drop,ratingCount == 0
movies_processed.csv,169340,missing_ratings,drop,ratingCount == 0
movies_processed.csv,169342,missing_ratings,drop,ratingCount == 0
movies_processed.csv,169344,missing_ratings,drop,ratingCount == 0
movies_processed.csv,169348,missing_ratings,drop,ratingCount == 0
movies_processed.csv,169362,missing_ratings,drop,ratingCount == 0
movies_processed.csv,169368,missing_ratings,drop,ratingCount == 0
movies_processed.csv,169376,missing_ratings,drop,ratingCount == 0
movies_processed.csv,169384,missing_ratings,drop,ratingCount == 0
movies_processed.csv,169414,missing_ratings,drop,ratingCount == 0
movies_processed.csv,169538,missing_ratings,drop,ratingCount == 0
movies_processed.csv,169544,missing_ratings,drop,ratingCount == 0
movies_processed.csv,169546,missing_ratings,drop,ratingCount == 0
movies_processed.csv,169548,missing_ratings,drop,ratingCount == 0
movies_processed.csv,169556,missing_ratings,drop,ratingCount == 0
movies_processed.csv,169570,missing_ratings,drop,ratingCount == 0
movies_processed.csv,169572,missing_ratings,drop,ratingCount == 0
movies_processed.csv,169574,missing_ratings,drop,ratingCount == 0
movies_processed.csv,169586,missing_ratings,drop,ratingCount == 0
movies_processed.csv,169598,missing_ratings,drop,ratingCount == 0
movies_processed.csv,169612,missing_ratings,drop,ratingCount == 0
movies_processed.csv,169626,missing_ratings,drop,ratingCount == 0
movies_processed.csv,169636,missing_ratings,drop,ratingCount == 0
movies_processed.csv,169640,missing_ratings,drop,ratingCount == 0
movies_processed.csv,169748,missing_ratings,drop,ratingCount == 0
movies_processed.csv,169878,missing_ratings,drop,ratingCount == 0
movies_processed.csv,169938,missing_ratings,drop,ratingCount == 0
movies_processed.csv,170149,missing_ratings,drop,ratingCount == 0
movies_processed.csv,170169,missing_ratings,drop,ratingCount == 0
movies_processed.csv,170185,missing_ratings,drop,ratingCount == 0
movies_processed.csv,170313,missing_ratings,drop,ratingCount == 0
movies_processed.csv,170415,missing_ratings,drop,ratingCount == 0
movies_processed.csv,170419,missing_ratings,drop,ratingCount == 0
movies_processed.csv,170559,missing_ratings,drop,ratingCount == 0
movies_processed.csv,170569,missing_ratings,drop,ratingCount == 0
movies_processed.csv,170585,missing_ratings,drop,ratingCount == 0
movies_processed.csv,170587,missing_ratings,drop,ratingCount == 0
movies_processed.csv,170603,missing_ratings,drop,ratingCount == 0
movies_processed.csv,170679,missing_ratings,drop,ratingCount == 0
movies_processed.csv,170761,missing_ratings,drop,ratingCount == 0
movies_processed.csv,171019,missing_ratings,drop,ratingCount == 0
movies_processed.csv,171029,missing_ratings,drop,ratingCount == 0
movies_processed.csv,171039,missing_ratings,drop,ratingCount == 0
movies_processed.csv,171145,missing_ratings,drop,ratingCount == 0
movies_processed.csv,171159,missing_ratings,drop,ratingCount == 0
movies_processed.csv,171267,missing_ratings,drop,ratingCount == 0
movies_processed.csv,171305,missing_ratings,drop,ratingCount == 0
movies_processed.csv,171307,missing_ratings,drop,ratingCount == 0
movies_processed.csv,171453,missing_ratings,drop,ratingCount == 0
movies_processed.csv,171981,missing_ratings,drop,ratingCount == 0
movies_processed.csv,172771,missing_ratings,drop,ratingCount == 0
movies_processed.csv,172921,missing_ratings,drop,ratingCount == 0
movies_processed.csv,172949,missing_ratings,drop,ratingCount == 0
movies_processed.csv,172973,missing_ratings,drop,ratingCount == 0
movies_processed.csv,173287,missing_ratings,drop,ratingCount == 0
movies_processed.csv,173861,missing_ratings,drop,ratingCount == 0
movies_processed.csv,173881,missing_ratings,drop,ratingCount == 0
movies_processed.csv,173961,missing_ratings,drop,ratingCount == 0
movies_processed.csv,174071,missing_ratings,drop,ratingCount == 0
movies_processed.csv,174075,missing_ratings,drop,ratingCount == 0
movies_processed.csv,174339,missing_ratings,drop,ratingCount == 0
movies_processed.csv,174369,missing_ratings,drop,ratingCount == 0
movies_processed.csv,174383,missing_ratings,drop,ratingCount == 0
movies_processed.csv,174385,missing_ratings,drop,ratingCount == 0
movies_processed.csv,174389,missing_ratings,drop,ratingCount == 0
movies_processed.csv,174433,missing_ratings,drop,ratingCount == 0
movies_processed.csv,174513,missing_ratings,drop,ratingCount == 0
movies_processed.csv,174559,missing_ratings,drop,ratingCount == 0
movies_processed.csv,174657,missing_ratings,drop,ratingCount == 0
movies_processed.csv,174731,missing_ratings,drop,ratingCount == 0
movies_processed.csv,174739,missing_ratings,drop,ratingCount == 0
movies_processed.csv,174825,missing_ratings,drop,ratingCount == 0
movies_processed.csv,174833,missing_ratings,drop,ratingCount == 0
movies_processed.csv,174961,missing_ratings,drop,ratingCount == 0
movies_processed.csv,174967,missing_ratings,drop,ratingCount == 0
movies_processed.csv,174977,missing_ratings,drop,ratingCount == 0
movies_processed.csv,174989,missing_ratings,drop,ratingCount == 0
movies_processed.csv,175037,missing_ratings,drop,ratingCount == 0
movies_processed.csv,175057,missing_ratings,drop,ratingCount == 0
movies_processed.csv,175107,missing_ratings,drop,ratingCount == 0
movies_processed.csv,175121,missing_ratings,drop,ratingCount == 0
movies_processed.csv,175215,missing_ratings,drop,ratingCount == 0
movies_processed.csv,175541,missing_ratings,drop,ratingCount == 0
movies_processed.csv,175949,missing_ratings,drop,ratingCount == 0
movies_processed.csv,176111,missing_ratings,drop,ratingCount == 0
movies_processed.csv,176287,missing_ratings,drop,ratingCount == 0
movies_processed.csv,176671,missing_ratings,drop,ratingCount == 0
movies_processed.csv,176687,missing_ratings,drop,ratingCount == 0
movies_processed.csv,176689,missing_ratings,drop,ratingCount == 0
movies_processed.csv,176817,missing_ratings,drop,ratingCount == 0
movies_processed.csv,176853,missing_ratings,drop,ratingCount == 0
movies_processed.csv,176869,missing_ratings,drop,ratingCount == 0
movies_processed.csv,177087,missing_ratings,drop,ratingCount == 0
movies_processed.csv,177165,missing_ratings,drop,ratingCount == 0
movies_processed.csv,177201,missing_ratings,drop,ratingCount == 0
movies_processed.csv,177253,missing_ratings,drop,ratingCount == 0
movies_processed.csv,177375,missing_ratings,drop,ratingCount == 0
movies_processed.csv,177377,missing_ratings,drop,ratingCount == 0
movies_processed.csv,177387,missing_ratings,drop,ratingCount == 0
movies_processed.csv,177389,missing_ratings,drop,ratingCount == 0
movies_processed.csv,177623,missing_ratings,drop,ratingCount == 0
movies_processed.csv,177635,missing_ratings,drop,ratingCount == 0
movies_processed.csv,177773,missing_ratings,drop,ratingCount == 0
movies_processed.csv,177805,missing_ratings,drop,ratingCount == 0
movies_processed.csv,177817,missing_ratings,drop,ratingCount == 0
movies_processed.csv,177995,missing_ratings,drop,ratingCount == 0
movies_processed.csv,178001,missing_ratings,drop,ratingCount == 0
movies_processed.csv,178007,missing_ratings,drop,ratingCount == 0
movies_processed.csv,178069,missing_ratings,drop,ratingCount == 0
movies_processed.csv,178089,missing_ratings,drop,ratingCount == 0
movies_processed.csv,178119,missing_ratings,drop,ratingCount == 0
movies_processed.csv,178137,missing_ratings,drop,ratingCount == 0
movies_processed.csv,178171,missing_ratings,drop,ratingCount == 0
movies_processed.csv,178187,missing_ratings,drop,ratingCount == 0
movies_processed.csv,178195,missing_ratings,drop,ratingCount == 0
movies_processed.csv,178205,missing_ratings,drop,ratingCount == 0
movies_processed.csv,178225,missing_ratings,drop,ratingCount == 0
movies_processed.csv,178265,missing_ratings,drop,ratingCount == 0
movies_processed.csv,178267,missing_ratings,drop,ratingCount == 0
movies_processed.csv,178395,missing_ratings,drop,ratingCount == 0
movies_processed.csv,178423,missing_ratings,drop,ratingCount == 0
movies_processed.csv,178425,missing_ratings,drop,ratingCount == 0
movies_processed.csv,178437,missing_ratings,drop,ratingCount == 0
movies_processed.csv,178659,missing_ratings,drop,ratingCount == 0
movies_processed.csv,178931,missing_ratings,drop,ratingCount == 0
movies_processed.csv,178993,missing_ratings,drop,ratingCount == 0
movies_processed.csv,179023,missing_ratings,drop,ratingCount == 0
movies_processed.csv,179033,missing_ratings,drop,ratingCount == 0
movies_processed.csv,179087,missing_ratings,drop,ratingCount == 0
movies_processed.csv,179171,missing_ratings,drop,ratingCount == 0
movies_processed.csv,179183,missing_ratings,drop,ratingCount == 0
movies_processed.csv,179235,missing_ratings,drop,ratingCount == 0
movies_processed.csv,179321,missing_ratings,drop,ratingCount == 0
movies_processed.csv,179395,missing_ratings,drop,ratingCount == 0
movies_processed.csv,179459,missing_ratings,drop,ratingCount == 0
movies_processed.csv,179465,missing_ratings,drop,ratingCount == 0
movies_processed.csv,179469,missing_ratings,drop,ratingCount == 0
movies_processed.csv,179473,missing_ratings,drop,ratingCount == 0
movies_processed.csv,179487,missing_ratings,drop,ratingCount == 0
movies_processed.csv,179663,missing_ratings,drop,ratingCount == 0
movies_processed.csv,179753,missing_ratings,drop,ratingCount == 0
movies_processed.csv,179765,missing_ratings,drop,ratingCount == 0
movies_processed.csv,179775,missing_ratings,drop,ratingCount == 0
movies_processed.csv,179851,missing_ratings,drop,ratingCount == 0
movies_processed.csv,179879,missing_ratings,drop,ratingCount == 0
movies_processed.csv,180047,missing_ratings,drop,ratingCount == 0
movies_processed.csv,180135,missing_ratings,drop,ratingCount == 0
movies_processed.csv,180157,missing_ratings,drop,ratingCount == 0
movies_processed.csv,180229,missing_ratings,drop,ratingCount == 0
movies_processed.csv,180247,missing_ratings,drop,ratingCount == 0
movies_processed.csv,180331,missing_ratings,drop,ratingCount == 0
movies_processed.csv,180351,missing_ratings,drop,ratingCount == 0
movies_processed.csv,180381,missing_ratings,drop,ratingCount == 0
movies_processed.csv,180391,missing_ratings,drop,ratingCount == 0
movies_processed.csv,180421,missing_ratings,drop,ratingCount == 0
movies_processed.csv,180527,missing_ratings,drop,ratingCount == 0
movies_processed.csv,180597,missing_ratings,drop,ratingCount == 0
movies_processed.csv,180603,missing_ratings,drop,ratingCount == 0
movies_processed.csv,180617,missing_ratings,drop,ratingCount == 0
movies_processed.csv,180621,missing_ratings,drop,ratingCount == 0
movies_processed.csv,180623,missing_ratings,drop,ratingCount == 0
movies_processed.csv,180637,missing_ratings,drop,ratingCount == 0
movies_processed.csv,180649,missing_ratings,drop,ratingCount == 0
movies_processed.csv,180673,missing_ratings,drop,ratingCount == 0
movies_processed.csv,180683,missing_ratings,drop,ratingCount == 0
movies_processed.csv,180697,missing_ratings,drop,ratingCount == 0
movies_processed.csv,180707,missing_ratings,drop,ratingCount == 0
movies_processed.csv,180743,missing_ratings,drop,ratingCount == 0
movies_processed.csv,180747,missing_ratings,drop,ratingCount == 0
movies_processed.csv,180801,missing_ratings,drop,ratingCount == 0
movies_processed.csv,180805,missing_ratings,drop,ratingCount == 0
movies_processed.csv,180811,missing_ratings,drop,ratingCount == 0
movies_processed.csv,180813,missing_ratings,drop,ratingCount == 0
movies_processed.csv,180817,missing_ratings,drop,ratingCount == 0
movies_processed.csv,180821,missing_ratings,drop,ratingCount == 0
movies_processed.csv,180847,missing_ratings,drop,ratingCount == 0
movies_processed.csv,180849,missing_ratings,drop,ratingCount == 0
movies_processed.csv,180853,missing_ratings,drop,ratingCount == 0
movies_processed.csv,180855,missing_ratings,drop,ratingCount == 0
movies_processed.csv,180893,missing_ratings,drop,ratingCount == 0
movies_processed.csv,180895,missing_ratings,drop,ratingCount == 0
movies_processed.csv,180911,missing_ratings,drop,ratingCount == 0
movies_processed.csv,180921,missing_ratings,drop,ratingCount == 0
movies_processed.csv,180927,missing_ratings,drop,ratingCount == 0
movies_processed.csv,180931,missing_ratings,drop,ratingCount == 0
movies_processed.csv,180939,missing_ratings,drop,ratingCount == 0
movies_processed.csv,180943,missing_ratings,drop,ratingCount == 0
movies_processed.csv,180947,missing_ratings,drop,ratingCount == 0
movies_processed.csv,180951,missing_ratings,drop,ratingCount == 0
movies_processed.csv,180977,missing_ratings,drop,ratingCount == 0
movies_processed.csv,181009,missing_ratings,drop,ratingCount == 0
movies_processed.csv,181013,missing_ratings,drop,ratingCount == 0
movies_processed.csv,181017,missing_ratings,drop,ratingCount == 0
movies_processed.csv,181021,missing_ratings,drop,ratingCount == 0
movies_processed.csv,181043,missing_ratings,drop,ratingCount == 0
movies_processed.csv,181045,missing_ratings,drop,ratingCount == 0
movies_processed.csv,181049,missing_ratings,drop,ratingCount == 0
movies_processed.csv,181147,missing_ratings,drop,ratingCount == 0
movies_processed.csv,181153,missing_ratings,drop,ratingCount == 0
movies_processed.csv,181183,missing_ratings,drop,ratingCount == 0
movies_processed.csv,181233,missing_ratings,drop,ratingCount == 0
movies_processed.csv,181477,missing_ratings,drop,ratingCount == 0
movies_processed.csv,181481,missing_ratings,drop,ratingCount == 0
movies_processed.csv,181519,missing_ratings,drop,ratingCount == 0
movies_processed.csv,181523,missing_ratings,drop,ratingCount == 0
movies_processed.csv,182375,missing_ratings,drop,ratingCount == 0
movies_processed.csv,182385,missing_ratings,drop,ratingCount == 0
movies_processed.csv,182391,missing_ratings,drop,ratingCount == 0
movies_processed.csv,182453,missing_ratings,drop,ratingCount == 0
movies_processed.csv,182497,missing_ratings,drop,ratingCount == 0
movies_processed.csv,182561,missing_ratings,drop,ratingCount == 0
movies_processed.csv,182591,missing_ratings,drop,ratingCount == 0
movies_processed.csv,182593,missing_ratings,drop,ratingCount == 0
movies_processed.csv,182599,missing_ratings,drop,ratingCount == 0
movies_processed.csv,182601,missing_ratings,drop,ratingCount == 0
movies_processed.csv,182603,missing_ratings,drop,ratingCount == 0
movies_processed.csv,182605,missing_ratings,drop,ratingCount == 0
movies_processed.csv,182607,missing_ratings,drop,ratingCount == 0
movies_processed.csv,182609,missing_ratings,drop,ratingCount == 0
movies_processed.csv,182649,missing_ratings,drop,ratingCount == 0
movies_processed.csv,182701,missing_ratings,drop,ratingCount == 0
movies_processed.csv,182765,missing_ratings,drop,ratingCount == 0
movies_processed.csv,183083,missing_ratings,drop,ratingCount == 0
movies_processed.csv,183101,missing_ratings,drop,ratingCount == 0
movies_processed.csv,183111,missing_ratings,drop,ratingCount == 0
movies_processed.csv,183189,missing_ratings,drop,ratingCount == 0
movies_processed.csv,183191,missing_ratings,drop,ratingCount == 0
movies_processed.csv,183447,missing_ratings,drop,ratingCount == 0
movies_processed.csv,183525,missing_ratings,drop,ratingCount == 0
movies_processed.csv,183975,missing_ratings,drop,ratingCount == 0
movies_processed.csv,184037,missing_ratings,drop,ratingCount == 0
movies_processed.csv,184163,missing_ratings,drop,ratingCount == 0
movies_processed.csv,184175,missing_ratings,drop,ratingCount == 0
movies_processed.csv,184183,missing_ratings,drop,ratingCount == 0
movies_processed.csv,184187,missing_ratings,drop,ratingCount == 0
movies_processed.csv,184425,missing_ratings,drop,ratingCount == 0
movies_processed.csv,184431,missing_ratings,drop,ratingCount == 0
movies_processed.csv,184449,missing_ratings,drop,ratingCount == 0
movies_processed.csv,184523,missing_ratings,drop,ratingCount == 0
movies_processed.csv,184553,missing_ratings,drop,ratingCount == 0
movies_processed.csv,184655,missing_ratings,drop,ratingCount == 0
movies_processed.csv,184679,missing_ratings,drop,ratingCount == 0
movies_processed.csv,184695,missing_ratings,drop,ratingCount == 0
movies_processed.csv,184727,missing_ratings,drop,ratingCount == 0
movies_processed.csv,184737,missing_ratings,drop,ratingCount == 0
movies_processed.csv,184773,missing_ratings,drop,ratingCount == 0
movies_processed.csv,184879,missing_ratings,drop,ratingCount == 0
movies_processed.csv,185007,missing_ratings,drop,ratingCount == 0
movies_processed.csv,185011,missing_ratings,drop,ratingCount == 0
movies_processed.csv,185093,missing_ratings,drop,ratingCount == 0
movies_processed.csv,185095,missing_ratings,drop,ratingCount == 0
movies_processed.csv,185097,missing_ratings,drop,ratingCount == 0
movies_processed.csv,185269,missing_ratings,drop,ratingCount == 0
movies_processed.csv,185345,missing_ratings,drop,ratingCount == 0
movies_processed.csv,185389,missing_ratings,drop,ratingCount == 0
movies_processed.csv,185397,missing_ratings,drop,ratingCount == 0
movies_processed.csv,185407,missing_ratings,drop,ratingCount == 0
movies_processed.csv,185413,missing_ratings,drop,ratingCount == 0
movies_processed.csv,185445,missing_ratings,drop,ratingCount == 0
movies_processed.csv,185449,missing_ratings,drop,ratingCount == 0
movies_processed.csv,185453,missing_ratings,drop,ratingCount == 0
movies_processed.csv,185461,missing_ratings,drop,ratingCount == 0
movies_processed.csv,185463,missing_ratings,drop,ratingCount == 0
movies_processed.csv,185469,missing_ratings,drop,ratingCount == 0
movies_processed.csv,185511,missing_ratings,drop,ratingCount == 0
movies_processed.csv,185555,missing_ratings,drop,ratingCount == 0
movies_processed.csv,185747,missing_ratings,drop,ratingCount == 0
movies_processed.csv,185771,missing_ratings,drop,ratingCount == 0
movies_processed.csv,185781,missing_ratings,drop,ratingCount == 0
movies_processed.csv,185831,missing_ratings,drop,ratingCount == 0
movies_processed.csv,185855,missing_ratings,drop,ratingCount == 0
movies_processed.csv,185929,missing_ratings,drop,ratingCount == 0
movies_processed.csv,185967,missing_ratings,drop,ratingCount == 0
movies_processed.csv,185993,missing_ratings,drop,ratingCount == 0
movies_processed.csv,186353,missing_ratings,drop,ratingCount == 0
movies_processed.csv,186401,missing_ratings,drop,ratingCount == 0
movies_processed.csv,186525,missing_ratings,drop,ratingCount == 0
movies_processed.csv,186623,missing_ratings,drop,ratingCount == 0
movies_processed.csv,186745,missing_ratings,drop,ratingCount == 0
movies_processed.csv,186969,missing_ratings,drop,ratingCount == 0
movies_processed.csv,187039,missing_ratings,drop,ratingCount == 0
movies_processed.csv,187099,missing_ratings,drop,ratingCount == 0
movies_processed.csv,187189,missing_ratings,drop,ratingCount == 0
movies_processed.csv,187207,missing_ratings,drop,ratingCount == 0
movies_processed.csv,187237,missing_ratings,drop,ratingCount == 0
movies_processed.csv,187243,missing_ratings,drop,ratingCount == 0
movies_processed.csv,187315,missing_ratings,drop,ratingCount == 0
movies_processed.csv,187499,missing_ratings,drop,ratingCount == 0
movies_processed.csv,187627,missing_ratings,drop,ratingCount == 0
movies_processed.csv,187657,missing_ratings,drop,ratingCount == 0
movies_processed.csv,187659,missing_ratings,drop,ratingCount == 0
movies_processed.csv,187779,missing_ratings,drop,ratingCount == 0
movies_processed.csv,187951,missing_ratings,drop,ratingCount == 0
movies_processed.csv,187953,missing_ratings,drop,ratingCount == 0
movies_processed.csv,187981,missing_ratings,drop,ratingCount == 0
movies_processed.csv,188027,missing_ratings,drop,ratingCount == 0
movies_processed.csv,188435,missing_ratings,drop,ratingCount == 0
movies_processed.csv,188439,missing_ratings,drop,ratingCount == 0
movies_processed.csv,188445,missing_ratings,drop,ratingCount == 0
movies_processed.csv,188465,missing_ratings,drop,ratingCount == 0
movies_processed.csv,188475,missing_ratings,drop,ratingCount == 0
movies_processed.csv,188619,missing_ratings,drop,ratingCount == 0
movies_processed.csv,188639,missing_ratings,drop,ratingCount == 0
movies_processed.csv,188709,missing_ratings,drop,ratingCount == 0
movies_processed.csv,188719,missing_ratings,drop,ratingCount == 0
movies_processed.csv,188725,missing_ratings,drop,ratingCount == 0
movies_processed.csv,188739,missing_ratings,drop,ratingCount == 0
movies_processed.csv,188759,missing_ratings,drop,ratingCount == 0
movies_processed.csv,188883,missing_ratings,drop,ratingCount == 0
movies_processed.csv,188891,missing_ratings,drop,ratingCount == 0
movies_processed.csv,188893,missing_ratings,drop,ratingCount == 0
movies_processed.csv,188897,missing_ratings,drop,ratingCount == 0
movies_processed.csv,188901,missing_ratings,drop,ratingCount == 0
movies_processed.csv,188903,missing_ratings,drop,ratingCount == 0
movies_processed.csv,188907,missing_ratings,drop,ratingCount == 0
movies_processed.csv,188929,missing_ratings,drop,ratingCount == 0
movies_processed.csv,188935,missing_ratings,drop,ratingCount == 0
movies_processed.csv,188959,missing_ratings,drop,ratingCount == 0
movies_processed.csv,188999,missing_ratings,drop,ratingCount == 0
movies_processed.csv,189007,missing_ratings,drop,ratingCount == 0
movies_processed.csv,189181,missing_ratings,drop,ratingCount == 0
movies_processed.csv,189221,missing_ratings,drop,ratingCount == 0
movies_processed.csv,189277,missing_ratings,drop,ratingCount == 0
movies_processed.csv,189283,missing_ratings,drop,ratingCount == 0
movies_processed.csv,189285,missing_ratings,drop,ratingCount == 0
movies_processed.csv,189289,missing_ratings,drop,ratingCount == 0
movies_processed.csv,189425,missing_ratings,drop,ratingCount == 0
movies_processed.csv,189521,missing_ratings,drop,ratingCount == 0
movies_processed.csv,189557,missing_ratings,drop,ratingCount == 0
movies_processed.csv,189575,missing_ratings,drop,ratingCount == 0
movies_processed.csv,189581,missing_ratings,drop,ratingCount == 0
movies_processed.csv,189675,missing_ratings,drop,ratingCount == 0
movies_processed.csv,189921,missing_ratings,drop,ratingCount == 0
movies_processed.csv,190311,missing_ratings,drop,ratingCount == 0
movies_processed.csv,190313,missing_ratings,drop,ratingCount == 0
movies_processed.csv,190315,missing_ratings,drop,ratingCount == 0
movies_processed.csv,190643,missing_ratings,drop,ratingCount == 0
movies_processed.csv,190787,missing_ratings,drop,ratingCount == 0
movies_processed.csv,190965,missing_ratings,drop,ratingCount == 0
movies_processed.csv,190969,missing_ratings,drop,ratingCount == 0
movies_processed.csv,191551,missing_ratings,drop,ratingCount == 0
movies_processed.csv,193870,missing_ratings,drop,ratingCount == 0
movies_processed.csv,194020,missing_ratings,drop,ratingCount == 0
movies_processed.csv,194236,missing_ratings,drop,ratingCount == 0
movies_processed.csv,194544,missing_ratings,drop,ratingCount == 0
movies_processed.csv,194702,missing_ratings,drop,ratingCount == 0
movies_processed.csv,196763,missing_ratings,drop,ratingCount == 0
movies_processed.csv,196921,missing_ratings,drop,ratingCount == 0
movies_processed.csv,197431,missing_ratings,drop,ratingCount == 0
movies_processed.csv,198719,missing_ratings,drop,ratingCount == 0
movies_processed.csv,200378,missing_ratings,drop,ratingCount == 0
movies_processed.csv,201004,missing_ratings,drop,ratingCount == 0
movies_processed.csv,201082,missing_ratings,drop,ratingCount == 0
movies_processed.csv,201086,missing_ratings,drop,ratingCount == 0
movies_processed.csv,201088,missing_ratings,drop,ratingCount == 0
movies_processed.csv,201092,missing_ratings,drop,ratingCount == 0
movies_processed.csv,201094,missing_ratings,drop,ratingCount == 0
movies_processed.csv,201098,missing_ratings,drop,ratingCount == 0
movies_processed.csv,201100,missing_ratings,drop,ratingCount == 0
movies_processed.csv,201104,missing_ratings,drop,ratingCount == 0
movies_processed.csv,201106,missing_ratings,drop,ratingCount == 0
movies_processed.csv,201112,missing_ratings,drop,ratingCount == 0
movies_processed.csv,201116,missing_ratings,drop,ratingCount == 0
movies_processed.csv,201120,missing_ratings,drop,ratingCount == 0
movies_processed.csv,201122,missing_ratings,drop,ratingCount == 0
movies_processed.csv,201126,missing_ratings,drop,ratingCount == 0
movies_processed.csv,201128,missing_ratings,drop,ratingCount == 0
movies_processed.csv,201132,missing_ratings,drop,ratingCount == 0
movies_processed.csv,201136,missing_ratings,drop,ratingCount == 0
movies_processed.csv,201955,missing_ratings,drop,ratingCount == 0
movies_processed.csv,202451,missing_ratings,drop,ratingCount == 0
movies_processed.csv,202848,missing_ratings,drop,ratingCount == 0
movies_processed.csv,202850,missing_ratings,drop,ratingCount == 0
movies_processed.csv,202852,missing_ratings,drop,ratingCount == 0
movies_processed.csv,202854,missing_ratings,drop,ratingCount == 0
movies_processed.csv,202858,missing_ratings,drop,ratingCount == 0
movies_processed.csv,202860,missing_ratings,drop,ratingCount == 0
movies_processed.csv,202862,missing_ratings,drop,ratingCount == 0
movies_processed.csv,202864,missing_ratings,drop,ratingCount == 0
movies_processed.csv,202866,missing_ratings,drop,ratingCount == 0
movies_processed.csv,202868,missing_ratings,drop,ratingCount == 0
movies_processed.csv,202870,missing_ratings,drop,ratingCount == 0
movies_processed.csv,202872,missing_ratings,drop,ratingCount == 0
movies_processed.csv,202874,missing_ratings,drop,ratingCount == 0
movies_processed.csv,202876,missing_ratings,drop,ratingCount == 0
movies_processed.csv,202884,missing_ratings,drop,ratingCount == 0
movies_processed.csv,202886,missing_ratings,drop,ratingCount == 0
movies_processed.csv,202888,missing_ratings,drop,ratingCount == 0
movies_processed.csv,202890,missing_ratings,drop,ratingCount == 0
movies_processed.csv,202894,missing_ratings,drop,ratingCount == 0
movies_processed.csv,202900,missing_ratings,drop,ratingCount == 0
movies_processed.csv,202908,missing_ratings,drop,ratingCount == 0
movies_processed.csv,202912,missing_ratings,drop,ratingCount == 0
movies_processed.csv,202920,missing_ratings,drop,ratingCount == 0
movies_processed.csv,202922,missing_ratings,drop,ratingCount == 0
movies_processed.csv,202924,missing_ratings,drop,ratingCount == 0
movies_processed.csv,202930,missing_ratings,drop,ratingCount == 0
movies_processed.csv,202940,missing_ratings,drop,ratingCount == 0
movies_processed.csv,202942,missing_ratings,drop,ratingCount == 0
movies_processed.csv,202948,missing_ratings,drop,ratingCount == 0
movies_processed.csv,202952,missing_ratings,drop,ratingCount == 0
movies_processed.csv,202956,missing_ratings,drop,ratingCount == 0
movies_processed.csv,202960,missing_ratings,drop,ratingCount == 0
movies_processed.csv,202966,missing_ratings,drop,ratingCount == 0
movies_processed.csv,202970,missing_ratings,drop,ratingCount == 0
movies_processed.csv,202972,missing_ratings,drop,ratingCount == 0
movies_processed.csv,202974,missing_ratings,drop,ratingCount == 0
movies_processed.csv,203555,missing_ratings,drop,ratingCount == 0
movies_processed.csv,205457,missing_ratings,drop,ratingCount == 0
movies_processed.csv,205555,missing_ratings,drop,ratingCount == 0
movies_processed.csv,205775,missing_ratings,drop,ratingCount == 0
movies_processed.csv,206579,missing_ratings,drop,ratingCount == 0
movies_processed.csv,206682,missing_ratings,drop,ratingCount == 0
movies_processed.csv,206684,missing_ratings,drop,ratingCount == 0
movies_processed.csv,207315,missing_ratings,drop,ratingCount == 0
movies_processed.csv,208393,missing_ratings,drop,ratingCount == 0
movies_processed.csv,208399,missing_ratings,drop,ratingCount == 0
movies_processed.csv,208401,missing_ratings,drop,ratingCount == 0
movies_processed.csv,208403,missing_ratings,drop,ratingCount == 0
movies_processed.csv,208405,missing_ratings,drop,ratingCount == 0
movies_processed.csv,208407,missing_ratings,drop,ratingCount == 0
movies_processed.csv,208409,missing_ratings,drop,ratingCount == 0
movies_processed.csv,208817,missing_ratings,drop,ratingCount == 0
movies_processed.csv,209621,missing_ratings,drop,ratingCount == 0
movies_processed.csv,209855,missing_ratings,drop,ratingCount == 0
movies_processed.csv,209865,missing_ratings,drop,ratingCount == 0
movies_processed.csv,210241,missing_ratings,drop,ratingCount == 0
movies_processed.csv,210401,missing_ratings,drop,ratingCount == 0
movies_processed.csv,210763,missing_ratings,drop,ratingCount == 0
movies_processed.csv,210925,missing_ratings,drop,ratingCount == 0
movies_processed.csv,211267,missing_ratings,drop,ratingCount == 0
movies_processed.csv,211269,missing_ratings,drop,ratingCount == 0
movies_processed.csv,211275,missing_ratings,drop,ratingCount == 0
movies_processed.csv,211277,missing_ratings,drop,ratingCount == 0
movies_processed.csv,211283,missing_ratings,drop,ratingCount == 0
movies_processed.csv,211287,missing_ratings,drop,ratingCount == 0
movies_processed.csv,211289,missing_ratings,drop,ratingCount == 0
movies_processed.csv,211291,missing_ratings,drop,ratingCount == 0
movies_processed.csv,211293,missing_ratings,drop,ratingCount == 0
movies_processed.csv,211295,missing_ratings,drop,ratingCount == 0
movies_processed.csv,211297,missing_ratings,drop,ratingCount == 0
movies_processed.csv,211301,missing_ratings,drop,ratingCount == 0
movies_processed.csv,211307,missing_ratings,drop,ratingCount == 0
movies_processed.csv,211309,missing_ratings,drop,ratingCount == 0
movies_processed.csv,211313,missing_ratings,drop,ratingCount == 0
movies_processed.csv,211322,missing_ratings,drop,ratingCount == 0
movies_processed.csv,211325,missing_ratings,drop,ratingCount == 0
movies_processed.csv,211329,missing_ratings,drop,ratingCount == 0
movies_processed.csv,211331,missing_ratings,drop,ratingCount == 0
movies_processed.csv,211333,missing_ratings,drop,ratingCount == 0
movies_processed.csv,211335,missing_ratings,drop,ratingCount == 0
movies_processed.csv,211337,missing_ratings,drop,ratingCount == 0
movies_processed.csv,211339,missing_ratings,drop,ratingCount == 0
movies_processed.csv,211343,missing_ratings,drop,ratingCount == 0
movies_processed.csv,211345,missing_ratings,drop,ratingCount == 0
movies_processed.csv,211347,missing_ratings,drop,ratingCount == 0
movies_processed.csv,211349,missing_ratings,drop,ratingCount == 0
movies_processed.csv,211353,missing_ratings,drop,ratingCount == 0
movies_processed.csv,211357,missing_ratings,drop,ratingCount == 0
movies_processed.csv,211359,missing_ratings,drop,ratingCount == 0
movies_processed.csv,211361,missing_ratings,drop,ratingCount == 0
movies_processed.csv,211365,missing_ratings,drop,ratingCount == 0
movies_processed.csv,211367,missing_ratings,drop,ratingCount == 0
movies_processed.csv,211369,missing_ratings,drop,ratingCount == 0
movies_processed.csv,211373,missing_ratings,drop,ratingCount == 0
movies_processed.csv,211377,missing_ratings,drop,ratingCount == 0
movies_processed.csv,212657,missing_ratings,drop,ratingCount == 0
movies_processed.csv,212661,missing_ratings,drop,ratingCount == 0
movies_processed.csv,212973,missing_ratings,drop,ratingCount == 0
movies_processed.csv,213161,missing_ratings,drop,ratingCount == 0
movies_processed.csv,213163,missing_ratings,drop,ratingCount == 0
movies_processed.csv,213165,missing_ratings,drop,ratingCount == 0
movies_processed.csv,213169,missing_ratings,drop,ratingCount == 0
movies_processed.csv,213173,missing_ratings,drop,ratingCount == 0
movies_processed.csv,213179,missing_ratings,drop,ratingCount == 0
movies_processed.csv,213185,missing_ratings,drop,ratingCount == 0
movies_processed.csv,213187,missing_ratings,drop,ratingCount == 0
movies_processed.csv,213191,missing_ratings,drop,ratingCount == 0
movies_processed.csv,214394,missing_ratings,drop,ratingCount == 0
movies_processed.csv,214610,missing_ratings,drop,ratingCount == 0
movies_processed.csv,214682,missing_ratings,drop,ratingCount == 0
movies_processed.csv,214690,missing_ratings,drop,ratingCount == 0
movies_processed.csv,214734,missing_ratings,drop,ratingCount == 0
movies_processed.csv,214762,missing_ratings,drop,ratingCount == 0
movies_processed.csv,214778,missing_ratings,drop,ratingCount == 0
movies_processed.csv,214826,missing_ratings,drop,ratingCount == 0
movies_processed.csv,214828,missing_ratings,drop,ratingCount == 0
movies_processed.csv,214834,missing_ratings,drop,ratingCount == 0
movies_processed.csv,214842,missing_ratings,drop,ratingCount == 0
movies_processed.csv,215503,missing_ratings,drop,ratingCount == 0
movies_processed.csv,215561,missing_ratings,drop,ratingCount == 0
movies_processed.csv,215627,missing_ratings,drop,ratingCount == 0
movies_processed.csv,215647,missing_ratings,drop,ratingCount == 0
movies_processed.csv,215649,missing_ratings,drop,ratingCount == 0
movies_processed.csv,215651,missing_ratings,drop,ratingCount == 0
movies_processed.csv,215679,missing_ratings,drop,ratingCount == 0
movies_processed.csv,215681,missing_ratings,drop,ratingCount == 0
movies_processed.csv,215989,missing_ratings,drop,ratingCount == 0
movies_processed.csv,216051,missing_ratings,drop,ratingCount == 0
movies_processed.csv,216521,missing_ratings,drop,ratingCount == 0
movies_processed.csv,217152,missing_ratings,drop,ratingCount == 0
movies_processed.csv,217168,missing_ratings,drop,ratingCount == 0
movies_processed.csv,217437,missing_ratings,drop,ratingCount == 0
movies_processed.csv,217741,missing_ratings,drop,ratingCount == 0
movies_processed.csv,217769,missing_ratings,drop,ratingCount == 0
movies_processed.csv,218253,missing_ratings,drop,ratingCount == 0
movies_processed.csv,218531,missing_ratings,drop,ratingCount == 0
movies_processed.csv,219270,missing_ratings,drop,ratingCount == 0
movies_processed.csv,220002,missing_ratings,drop,ratingCount == 0
movies_processed.csv,220272,missing_ratings,drop,ratingCount == 0
movies_processed.csv,220276,missing_ratings,drop,ratingCount == 0
movies_processed.csv,220394,missing_ratings,drop,ratingCount == 0
movies_processed.csv,220494,missing_ratings,drop,ratingCount == 0
movies_processed.csv,221280,missing_ratings,drop,ratingCount == 0
movies_processed.csv,221919,missing_ratings,drop,ratingCount == 0
movies_processed.csv,221921,missing_ratings,drop,ratingCount == 0
movies_processed.csv,222101,missing_ratings,drop,ratingCount == 0
movies_processed.csv,222238,missing_ratings,drop,ratingCount == 0
movies_processed.csv,222813,missing_ratings,drop,ratingCount == 0
movies_processed.csv,223159,missing_ratings,drop,ratingCount == 0
movies_processed.csv,223404,missing_ratings,drop,ratingCount == 0
movies_processed.csv,224140,missing_ratings,drop,ratingCount == 0
movies_processed.csv,224318,missing_ratings,drop,ratingCount == 0
movies_processed.csv,224477,missing_ratings,drop,ratingCount == 0
movies_processed.csv,224539,missing_ratings,drop,ratingCount == 0
movies_processed.csv,224543,missing_ratings,drop,ratingCount == 0
movies_processed.csv,224855,missing_ratings,drop,ratingCount == 0
movies_processed.csv,225399,missing_ratings,drop,ratingCount == 0
movies_processed.csv,226154,missing_ratings,drop,ratingCount == 0
movies_processed.csv,226406,missing_ratings,drop,ratingCount == 0
movies_processed.csv,226664,missing_ratings,drop,ratingCount == 0
movies_processed.csv,226724,missing_ratings,drop,ratingCount == 0
movies_processed.csv,227042,missing_ratings,drop,ratingCount == 0
movies_processed.csv,227054,missing_ratings,drop,ratingCount == 0
movies_processed.csv,227056,missing_ratings,drop,ratingCount == 0
movies_processed.csv,227058,missing_ratings,drop,ratingCount == 0
movies_processed.csv,227060,missing_ratings,drop,ratingCount == 0
movies_processed.csv,227064,missing_ratings,drop,ratingCount == 0
movies_processed.csv,227070,missing_ratings,drop,ratingCount == 0
movies_processed.csv,227076,missing_ratings,drop,ratingCount == 0
movies_processed.csv,227078,missing_ratings,drop,ratingCount == 0
movies_processed.csv,227080,missing_ratings,drop,ratingCount == 0
movies_processed.csv,227082,missing_ratings,drop,ratingCount == 0
movies_processed.csv,227366,missing_ratings,drop,ratingCount == 0
movies_processed.csv,227857,missing_ratings,drop,ratingCount == 0
movies_processed.csv,228211,missing_ratings,drop,ratingCount == 0
movies_processed.csv,228213,missing_ratings,drop,ratingCount == 0
movies_processed.csv,228215,missing_ratings,drop,ratingCount == 0
movies_processed.csv,228217,missing_ratings,drop,ratingCount == 0
movies_processed.csv,228219,missing_ratings,drop,ratingCount == 0
movies_processed.csv,228223,missing_ratings,drop,ratingCount == 0
movies_processed.csv,228227,missing_ratings,drop,ratingCount == 0
movies_processed.csv,228229,missing_ratings,drop,ratingCount == 0
movies_processed.csv,228231,missing_ratings,drop,ratingCount == 0
movies_processed.csv,228233,missing_ratings,drop,ratingCount == 0
movies_processed.csv,228235,missing_ratings,drop,ratingCount == 0
movies_processed.csv,228237,missing_ratings,drop,ratingCount == 0
movies_processed.csv,228239,missing_ratings,drop,ratingCount == 0
movies_processed.csv,228241,missing_ratings,drop,ratingCount == 0
movies_processed.csv,228249,missing_ratings,drop,ratingCount == 0
movies_processed.csv,228251,missing_ratings,drop,ratingCount == 0
movies_processed.csv,228253,missing_ratings,drop,ratingCount == 0
movies_processed.csv,228255,missing_ratings,drop,ratingCount == 0
movies_processed.csv,228257,missing_ratings,drop,ratingCount == 0
movies_processed.csv,228259,missing_ratings,drop,ratingCount == 0
movies_processed.csv,228263,missing_ratings,drop,ratingCount == 0
movies_processed.csv,228265,missing_ratings,drop,ratingCount == 0
movies_processed.csv,228267,missing_ratings,drop,ratingCount == 0
movies_processed.csv,228269,missing_ratings,drop,ratingCount == 0
movies_processed.csv,228271,missing_ratings,drop,ratingCount == 0
movies_processed.csv,228273,missing_ratings,drop,ratingCount == 0
movies_processed.csv,228277,missing_ratings,drop,ratingCount == 0
movies_processed.csv,228279,missing_ratings,drop,ratingCount == 0
movies_processed.csv,228281,missing_ratings,drop,ratingCount == 0
movies_processed.csv,228283,missing_ratings,drop,ratingCount == 0
movies_processed.csv,228285,missing_ratings,drop,ratingCount == 0
movies_processed.csv,228287,missing_ratings,drop,ratingCount == 0
movies_processed.csv,228289,missing_ratings,drop,ratingCount == 0
movies_processed.csv,228293,missing_ratings,drop,ratingCount == 0
movies_processed.csv,228295,missing_ratings,drop,ratingCount == 0
movies_processed.csv,228297,missing_ratings,drop,ratingCount == 0
movies_processed.csv,228303,missing_ratings,drop,ratingCount == 0
movies_processed.csv,228307,missing_ratings,drop,ratingCount == 0
movies_processed.csv,228309,missing_ratings,drop,ratingCount == 0
movies_processed.csv,228311,missing_ratings,drop,ratingCount == 0
movies_processed.csv,228315,missing_ratings,drop,ratingCount == 0
movies_processed.csv,228317,missing_ratings,drop,ratingCount == 0
movies_processed.csv,228319,missing_ratings,drop,ratingCount == 0
movies_processed.csv,228321,missing_ratings,drop,ratingCount == 0
movies_processed.csv,228325,missing_ratings,drop,ratingCount == 0
movies_processed.csv,228329,missing_ratings,drop,ratingCount == 0
movies_processed.csv,228331,missing_ratings,drop,ratingCount == 0
movies_processed.csv,228333,missing_ratings,drop,ratingCount == 0
movies_processed.csv,228337,missing_ratings,drop,ratingCount == 0
movies_processed.csv,228339,missing_ratings,drop,ratingCount == 0
movies_processed.csv,228341,missing_ratings,drop,ratingCount == 0
movies_processed.csv,228345,missing_ratings,drop,ratingCount == 0
movies_processed.csv,228417,missing_ratings,drop,ratingCount == 0
movies_processed.csv,228777,missing_ratings,drop,ratingCount == 0
movies_processed.csv,228847,missing_ratings,drop,ratingCount == 0
movies_processed.csv,228879,missing_ratings,drop,ratingCount == 0
movies_processed.csv,229373,missing_ratings,drop,ratingCount == 0
movies_processed.csv,229405,missing_ratings,drop,ratingCount == 0
movies_processed.csv,229475,missing_ratings,drop,ratingCount == 0
movies_processed.csv,229513,missing_ratings,drop,ratingCount == 0
movies_processed.csv,229515,missing_ratings,drop,ratingCount == 0
movies_processed.csv,229519,missing_ratings,drop,ratingCount == 0
movies_processed.csv,229525,missing_ratings,drop,ratingCount == 0
movies_processed.csv,230057,missing_ratings,drop,ratingCount == 0
movies_processed.csv,230107,missing_ratings,drop,ratingCount == 0
movies_processed.csv,230271,missing_ratings,drop,ratingCount == 0
movies_processed.csv,230349,missing_ratings,drop,ratingCount == 0
movies_processed.csv,230619,missing_ratings,drop,ratingCount == 0
movies_processed.csv,230777,missing_ratings,drop,ratingCount == 0
movies_processed.csv,230973,missing_ratings,drop,ratingCount == 0
movies_processed.csv,231027,missing_ratings,drop,ratingCount == 0
movies_processed.csv,231667,missing_ratings,drop,ratingCount == 0
movies_processed.csv,231675,missing_ratings,drop,ratingCount == 0
movies_processed.csv,232145,missing_ratings,drop,ratingCount == 0
movies_processed.csv,232167,missing_ratings,drop,ratingCount == 0
movies_processed.csv,232573,missing_ratings,drop,ratingCount == 0
movies_processed.csv,232811,missing_ratings,drop,ratingCount == 0
movies_processed.csv,232821,missing_ratings,drop,ratingCount == 0
movies_processed.csv,233015,missing_ratings,drop,ratingCount == 0
movies_processed.csv,233195,missing_ratings,drop,ratingCount == 0
movies_processed.csv,233525,missing_ratings,drop,ratingCount == 0
movies_processed.csv,233561,missing_ratings,drop,ratingCount == 0
movies_processed.csv,233723,missing_ratings,drop,ratingCount == 0
movies_processed.csv,233725,missing_ratings,drop,ratingCount == 0
movies_processed.csv,233957,missing_ratings,drop,ratingCount == 0
movies_processed.csv,233979,missing_ratings,drop,ratingCount == 0
movies_processed.csv,234155,missing_ratings,drop,ratingCount == 0
movies_processed.csv,234751,missing_ratings,drop,ratingCount == 0
movies_processed.csv,234857,missing_ratings,drop,ratingCount == 0
movies_processed.csv,234951,missing_ratings,drop,ratingCount == 0
movies_processed.csv,235627,missing_ratings,drop,ratingCount == 0
movies_processed.csv,235779,missing_ratings,drop,ratingCount == 0
movies_processed.csv,235805,missing_ratings,drop,ratingCount == 0
movies_processed.csv,235809,missing_ratings,drop,ratingCount == 0
movies_processed.csv,236153,missing_ratings,drop,ratingCount == 0
movies_processed.csv,236199,missing_ratings,drop,ratingCount == 0
movies_processed.csv,236289,missing_ratings,drop,ratingCount == 0
movies_processed.csv,236337,missing_ratings,drop,ratingCount == 0
movies_processed.csv,236341,missing_ratings,drop,ratingCount == 0
movies_processed.csv,236957,missing_ratings,drop,ratingCount == 0
movies_processed.csv,237089,missing_ratings,drop,ratingCount == 0
movies_processed.csv,237101,missing_ratings,drop,ratingCount == 0
movies_processed.csv,237606,missing_ratings,drop,ratingCount == 0
movies_processed.csv,237608,missing_ratings,drop,ratingCount == 0
movies_processed.csv,237610,missing_ratings,drop,ratingCount == 0
movies_processed.csv,237616,missing_ratings,drop,ratingCount == 0
movies_processed.csv,237618,missing_ratings,drop,ratingCount == 0
movies_processed.csv,237626,missing_ratings,drop,ratingCount == 0
movies_processed.csv,237632,missing_ratings,drop,ratingCount == 0
movies_processed.csv,237636,missing_ratings,drop,ratingCount == 0
movies_processed.csv,237642,missing_ratings,drop,ratingCount == 0
movies_processed.csv,237646,missing_ratings,drop,ratingCount == 0
movies_processed.csv,237648,missing_ratings,drop,ratingCount == 0
movies_processed.csv,237652,missing_ratings,drop,ratingCount == 0
movies_processed.csv,237658,missing_ratings,drop,ratingCount == 0
movies_processed.csv,237662,missing_ratings,drop,ratingCount == 0
movies_processed.csv,237664,missing_ratings,drop,ratingCount == 0
movies_processed.csv,237668,missing_ratings,drop,ratingCount == 0
movies_processed.csv,237670,missing_ratings,drop,ratingCount == 0
movies_processed.csv,237674,missing_ratings,drop,ratingCount == 0
movies_processed.csv,237678,missing_ratings,drop,ratingCount == 0
movies_processed.csv,237680,missing_ratings,drop,ratingCount == 0
movies_processed.csv,237684,missing_ratings,drop,ratingCount == 0
movies_processed.csv,237688,missing_ratings,drop,ratingCount == 0
movies_processed.csv,237690,missing_ratings,drop,ratingCount == 0
movies_processed.csv,237692,missing_ratings,drop,ratingCount == 0
movies_processed.csv,237698,missing_ratings,drop,ratingCount == 0
movies_processed.csv,237738,missing_ratings,drop,ratingCount == 0
movies_processed.csv,237750,missing_ratings,drop,ratingCount == 0
movies_processed.csv,237764,missing_ratings,drop,ratingCount == 0
movies_processed.csv,237768,missing_ratings,drop,ratingCount == 0
movies_processed.csv,237778,missing_ratings,drop,ratingCount == 0
movies_processed.csv,237782,missing_ratings,drop,ratingCount == 0
movies_processed.csv,237786,missing_ratings,drop,ratingCount == 0
movies_processed.csv,237790,missing_ratings,drop,ratingCount == 0
movies_processed.csv,237794,missing_ratings,drop,ratingCount == 0
movies_processed.csv,237798,missing_ratings,drop,ratingCount == 0
movies_processed.csv,237800,missing_ratings,drop,ratingCount == 0
movies_processed.csv,237812,missing_ratings,drop,ratingCount == 0
movies_processed.csv,237814,missing_ratings,drop,ratingCount == 0
movies_processed.csv,237828,missing_ratings,drop,ratingCount == 0
movies_processed.csv,237832,missing_ratings,drop,ratingCount == 0
movies_processed.csv,237834,missing_ratings,drop,ratingCount == 0
movies_processed.csv,237838,missing_ratings,drop,ratingCount == 0
movies_processed.csv,237844,missing_ratings,drop,ratingCount == 0
movies_processed.csv,237846,missing_ratings,drop,ratingCount == 0
movies_processed.csv,237848,missing_ratings,drop,ratingCount == 0
movies_processed.csv,237854,missing_ratings,drop,ratingCount == 0
movies_processed.csv,237858,missing_ratings,drop,ratingCount == 0
movies_processed.csv,237864,missing_ratings,drop,ratingCount == 0
movies_processed.csv,237866,missing_ratings,drop,ratingCount == 0
movies_processed.csv,237876,missing_ratings,drop,ratingCount == 0
movies_processed.csv,237878,missing_ratings,drop,ratingCount == 0
movies_processed.csv,237882,missing_ratings,drop,ratingCount == 0
movies_processed.csv,237884,missing_ratings,drop,ratingCount == 0
movies_processed.csv,237886,missing_ratings,drop,ratingCount == 0
movies_processed.csv,237888,missing_ratings,drop,ratingCount == 0
movies_processed.csv,237890,missing_ratings,drop,ratingCount == 0
movies_processed.csv,237892,missing_ratings,drop,ratingCount == 0
movies_processed.csv,237894,missing_ratings,drop,ratingCount == 0
movies_processed.csv,237896,missing_ratings,drop,ratingCount == 0
movies_processed.csv,237900,missing_ratings,drop,ratingCount == 0
movies_processed.csv,237902,missing_ratings,drop,ratingCount == 0
movies_processed.csv,237904,missing_ratings,drop,ratingCount == 0
movies_processed.csv,237906,missing_ratings,drop,ratingCount == 0
movies_processed.csv,237908,missing_ratings,drop,ratingCount == 0
movies_processed.csv,237910,missing_ratings,drop,ratingCount == 0
movies_processed.csv,237912,missing_ratings,drop,ratingCount == 0
movies_processed.csv,237914,missing_ratings,drop,ratingCount == 0
movies_processed.csv,237916,missing_ratings,drop,ratingCount == 0
movies_processed.csv,237918,missing_ratings,drop,ratingCount == 0
movies_processed.csv,237920,missing_ratings,drop,ratingCount == 0
movies_processed.csv,237922,missing_ratings,drop,ratingCount == 0
movies_processed.csv,237924,missing_ratings,drop,ratingCount == 0
movies_processed.csv,237926,missing_ratings,drop,ratingCount == 0
movies_processed.csv,237928,missing_ratings,drop,ratingCount == 0
movies_processed.csv,237930,missing_ratings,drop,ratingCount == 0
movies_processed.csv,237936,missing_ratings,drop,ratingCount == 0
movies_processed.csv,237940,missing_ratings,drop,ratingCount == 0
movies_processed.csv,237946,missing_ratings,drop,ratingCount == 0
movies_processed.csv,237956,missing_ratings,drop,ratingCount == 0
movies_processed.csv,237968,missing_ratings,drop,ratingCount == 0
movies_processed.csv,237974,missing_ratings,drop,ratingCount == 0
movies_processed.csv,237976,missing_ratings,drop,ratingCount == 0
movies_processed.csv,237978,missing_ratings,drop,ratingCount == 0
movies_processed.csv,237980,missing_ratings,drop,ratingCount == 0
movies_processed.csv,237986,missing_ratings,drop,ratingCount == 0
movies_processed.csv,237988,missing_ratings,drop,ratingCount == 0
movies_processed.csv,237994,missing_ratings,drop,ratingCount == 0
movies_processed.csv,237996,missing_ratings,drop,ratingCount == 0
movies_processed.csv,238000,missing_ratings,drop,ratingCount == 0
movies_processed.csv,238002,missing_ratings,drop,ratingCount == 0
movies_processed.csv,238004,missing_ratings,drop,ratingCount == 0
movies_processed.csv,238006,missing_ratings,drop,ratingCount == 0
movies_processed.csv,238008,missing_ratings,drop,ratingCount == 0
movies_processed.csv,238010,missing_ratings,drop,ratingCount == 0
movies_processed.csv,238014,missing_ratings,drop,ratingCount == 0
movies_processed.csv,238016,missing_ratings,drop,ratingCount == 0
movies_processed.csv,238026,missing_ratings,drop,ratingCount == 0
movies_processed.csv,238030,missing_ratings,drop,ratingCount == 0
movies_processed.csv,238044,missing_ratings,drop,ratingCount == 0
movies_processed.csv,238046,missing_ratings,drop,ratingCount == 0
movies_processed.csv,238056,missing_ratings,drop,ratingCount == 0
movies_processed.csv,238068,missing_ratings,drop,ratingCount == 0
movies_processed.csv,238072,missing_ratings,drop,ratingCount == 0
movies_processed.csv,238076,missing_ratings,drop,ratingCount == 0
movies_processed.csv,238078,missing_ratings,drop,ratingCount == 0
movies_processed.csv,238080,missing_ratings,drop,ratingCount == 0
movies_processed.csv,238082,missing_ratings,drop,ratingCount == 0
movies_processed.csv,238084,missing_ratings,drop,ratingCount == 0
movies_processed.csv,238086,missing_ratings,drop,ratingCount == 0
movies_processed.csv,238094,missing_ratings,drop,ratingCount == 0
movies_processed.csv,238100,missing_ratings,drop,ratingCount == 0
movies_processed.csv,238104,missing_ratings,drop,ratingCount == 0
movies_processed.csv,238114,missing_ratings,drop,ratingCount == 0
movies_processed.csv,238474,missing_ratings,drop,ratingCount == 0
movies_processed.csv,238480,missing_ratings,drop,ratingCount == 0
movies_processed.csv,238930,missing_ratings,drop,ratingCount == 0
movies_processed.csv,239044,missing_ratings,drop,ratingCount == 0
movies_processed.csv,239294,missing_ratings,drop,ratingCount == 0
movies_processed.csv,239318,missing_ratings,drop,ratingCount == 0
movies_processed.csv,239322,missing_ratings,drop,ratingCount == 0
movies_processed.csv,239324,missing_ratings,drop,ratingCount == 0
movies_processed.csv,239334,missing_ratings,drop,ratingCount == 0
movies_processed.csv,239338,missing_ratings,drop,ratingCount == 0
movies_processed.csv,239342,missing_ratings,drop,ratingCount == 0
movies_processed.csv,239346,missing_ratings,drop,ratingCount == 0
movies_processed.csv,239348,missing_ratings,drop,ratingCount == 0
movies_processed.csv,239350,missing_ratings,drop,ratingCount == 0
movies_processed.csv,239352,missing_ratings,drop,ratingCount == 0
movies_processed.csv,239354,missing_ratings,drop,ratingCount == 0
movies_processed.csv,239356,missing_ratings,drop,ratingCount == 0
movies_processed.csv,239362,missing_ratings,drop,ratingCount == 0
movies_processed.csv,239366,missing_ratings,drop,ratingCount == 0
movies_processed.csv,239370,missing_ratings,drop,ratingCount == 0
movies_processed.csv,239372,missing_ratings,drop,ratingCount == 0
movies_processed.csv,239382,missing_ratings,drop,ratingCount == 0
movies_processed.csv,239384,missing_ratings,drop,ratingCount == 0
movies_processed.csv,239386,missing_ratings,drop,ratingCount == 0
movies_processed.csv,239398,missing_ratings,drop,ratingCount == 0
movies_processed.csv,239400,missing_ratings,drop,ratingCount == 0
movies_processed.csv,239402,missing_ratings,drop,ratingCount == 0
movies_processed.csv,239406,missing_ratings,drop,ratingCount == 0
movies_processed.csv,239410,missing_ratings,drop,ratingCount == 0
movies_processed.csv,239412,missing_ratings,drop,ratingCount == 0
movies_processed.csv,239414,missing_ratings,drop,ratingCount == 0
movies_processed.csv,239416,missing_ratings,drop,ratingCount == 0
movies_processed.csv,239426,missing_ratings,drop,ratingCount == 0
movies_processed.csv,239482,missing_ratings,drop,ratingCount == 0
movies_processed.csv,239494,missing_ratings,drop,ratingCount == 0
movies_processed.csv,239496,missing_ratings,drop,ratingCount == 0
movies_processed.csv,239498,missing_ratings,drop,ratingCount == 0
movies_processed.csv,239500,missing_ratings,drop,ratingCount == 0
movies_processed.csv,239510,missing_ratings,drop,ratingCount == 0
movies_processed.csv,239512,missing_ratings,drop,ratingCount == 0
movies_processed.csv,239514,missing_ratings,drop,ratingCount == 0
movies_processed.csv,239516,missing_ratings,drop,ratingCount == 0
movies_processed.csv,239518,missing_ratings,drop,ratingCount == 0
movies_processed.csv,239520,missing_ratings,drop,ratingCount == 0
movies_processed.csv,239524,missing_ratings,drop,ratingCount == 0
movies_processed.csv,239526,missing_ratings,drop,ratingCount == 0
movies_processed.csv,239528,missing_ratings,drop,ratingCount == 0
movies_processed.csv,239530,missing_ratings,drop,ratingCount == 0
movies_processed.csv,239536,missing_ratings,drop,ratingCount == 0
movies_processed.csv,239540,missing_ratings,drop,ratingCount == 0
movies_processed.csv,239542,missing_ratings,drop,ratingCount == 0
movies_processed.csv,239544,missing_ratings,drop,ratingCount == 0
movies_processed.csv,239552,missing_ratings,drop,ratingCount == 0
movies_processed.csv,239554,missing_ratings,drop,ratingCount == 0
movies_processed.csv,239562,missing_ratings,drop,ratingCount == 0
movies_processed.csv,239566,missing_ratings,drop,ratingCount == 0
movies_processed.csv,239578,missing_ratings,drop,ratingCount == 0
movies_processed.csv,239582,missing_ratings,drop,ratingCount == 0
movies_processed.csv,239584,missing_ratings,drop,ratingCount == 0
movies_processed.csv,239586,missing_ratings,drop,ratingCount == 0
movies_processed.csv,239592,missing_ratings,drop,ratingCount == 0
movies_processed.csv,239596,missing_ratings,drop,ratingCount == 0
movies_processed.csv,239598,missing_ratings,drop,ratingCount == 0
movies_processed.csv,239600,missing_ratings,drop,ratingCount == 0
movies_processed.csv,239966,missing_ratings,drop,ratingCount == 0
movies_processed.csv,240416,missing_ratings,drop,ratingCount == 0
movies_processed.csv,240704,missing_ratings,drop,ratingCount == 0
movies_processed.csv,240998,missing_ratings,drop,ratingCount == 0
movies_processed.csv,241022,missing_ratings,drop,ratingCount == 0
movies_processed.csv,241036,missing_ratings,drop,ratingCount == 0
movies_processed.csv,241048,missing_ratings,drop,ratingCount == 0
movies_processed.csv,241050,missing_ratings,drop,ratingCount == 0
movies_processed.csv,241052,missing_ratings,drop,ratingCount == 0
movies_processed.csv,241054,missing_ratings,drop,ratingCount == 0
movies_processed.csv,241056,missing_ratings,drop,ratingCount == 0
movies_processed.csv,241058,missing_ratings,drop,ratingCount == 0
movies_processed.csv,241060,missing_ratings,drop,ratingCount == 0
movies_processed.csv,241064,missing_ratings,drop,ratingCount == 0
movies_processed.csv,241066,missing_ratings,drop,ratingCount == 0
movies_processed.csv,241068,missing_ratings,drop,ratingCount == 0
movies_processed.csv,241070,missing_ratings,drop,ratingCount == 0
movies_processed.csv,241078,missing_ratings,drop,ratingCount == 0
movies_processed.csv,241080,missing_ratings,drop,ratingCount == 0
movies_processed.csv,241082,missing_ratings,drop,ratingCount == 0
movies_processed.csv,241084,missing_ratings,drop,ratingCount == 0
movies_processed.csv,241086,missing_ratings,drop,ratingCount == 0
movies_processed.csv,241088,missing_ratings,drop,ratingCount == 0
movies_processed.csv,241094,missing_ratings,drop,ratingCount == 0
movies_processed.csv,241096,missing_ratings,drop,ratingCount == 0
movies_processed.csv,241098,missing_ratings,drop,ratingCount == 0
movies_processed.csv,241100,missing_ratings,drop,ratingCount == 0
movies_processed.csv,241106,missing_ratings,drop,ratingCount == 0
movies_processed.csv,241108,missing_ratings,drop,ratingCount == 0
movies_processed.csv,241110,missing_ratings,drop,ratingCount == 0
movies_processed.csv,241116,missing_ratings,drop,ratingCount == 0
movies_processed.csv,241118,missing_ratings,drop,ratingCount == 0
movies_processed.csv,241132,missing_ratings,drop,ratingCount == 0
movies_processed.csv,241136,missing_ratings,drop,ratingCount == 0
movies_processed.csv,241138,missing_ratings,drop,ratingCount == 0
movies_processed.csv,241142,missing_ratings,drop,ratingCount == 0
movies_processed.csv,241146,missing_ratings,drop,ratingCount == 0
movies_processed.csv,241148,missing_ratings,drop,ratingCount == 0
movies_processed.csv,241154,missing_ratings,drop,ratingCount == 0
movies_processed.csv,241158,missing_ratings,drop,ratingCount == 0
movies_processed.csv,241358,missing_ratings,drop,ratingCount == 0
movies_processed.csv,241360,missing_ratings,drop,ratingCount == 0
movies_processed.csv,241364,missing_ratings,drop,ratingCount == 0
movies_processed.csv,241400,missing_ratings,drop,ratingCount == 0
movies_processed.csv,241660,missing_ratings,drop,ratingCount == 0
movies_processed.csv,241696,missing_ratings,drop,ratingCount == 0
movies_processed.csv,241734,missing_ratings,drop,ratingCount == 0
movies_processed.csv,244516,missing_ratings,drop,ratingCount == 0
movies_processed.csv,245230,missing_ratings,drop,ratingCount == 0
movies_processed.csv,245514,missing_ratings,drop,ratingCount == 0
movies_processed.csv,246836,missing_ratings,drop,ratingCount == 0
movies_processed.csv,246840,missing_ratings,drop,ratingCount == 0
movies_processed.csv,247332,missing_ratings,drop,ratingCount == 0
movies_processed.csv,247358,missing_ratings,drop,ratingCount == 0
movies_processed.csv,247432,missing_ratings,drop,ratingCount == 0
movies_processed.csv,247918,missing_ratings,drop,ratingCount == 0
movies_processed.csv,248880,missing_ratings,drop,ratingCount == 0
movies_processed.csv,248884,missing_ratings,drop,ratingCount == 0
movies_processed.csv,248888,missing_ratings,drop,ratingCount == 0
movies_processed.csv,248898,missing_ratings,drop,ratingCount == 0
movies_processed.csv,248900,missing_ratings,drop,ratingCount == 0
movies_processed.csv,248908,missing_ratings,drop,ratingCount == 0
movies_processed.csv,248910,missing_ratings,drop,ratingCount == 0
movies_processed.csv,248914,missing_ratings,drop,ratingCount == 0
movies_processed.csv,248916,missing_ratings,drop,ratingCount == 0
movies_processed.csv,248918,missing_ratings,drop,ratingCount == 0
movies_processed.csv,248920,missing_ratings,drop,ratingCount == 0
movies_processed.csv,248924,missing_ratings,drop,ratingCount == 0
movies_processed.csv,248926,missing_ratings,drop,ratingCount == 0
movies_processed.csv,248928,missing_ratings,drop,ratingCount == 0
movies_processed.csv,248930,missing_ratings,drop,ratingCount == 0
movies_processed.csv,248940,missing_ratings,drop,ratingCount == 0
movies_processed.csv,248942,missing_ratings,drop,ratingCount == 0
movies_processed.csv,248946,missing_ratings,drop,ratingCount == 0
movies_processed.csv,249652,missing_ratings,drop,ratingCount == 0
movies_processed.csv,249656,missing_ratings,drop,ratingCount == 0
movies_processed.csv,249658,missing_ratings,drop,ratingCount == 0
movies_processed.csv,249660,missing_ratings,drop,ratingCount == 0
movies_processed.csv,249664,missing_ratings,drop,ratingCount == 0
movies_processed.csv,249666,missing_ratings,drop,ratingCount == 0
movies_processed.csv,249668,missing_ratings,drop,ratingCount == 0
movies_processed.csv,249672,missing_ratings,drop,ratingCount == 0
movies_processed.csv,249674,missing_ratings,drop,ratingCount == 0
movies_processed.csv,249678,missing_ratings,drop,ratingCount == 0
movies_processed.csv,249680,missing_ratings,drop,ratingCount == 0
movies_processed.csv,249860,missing_ratings,drop,ratingCount == 0
movies_processed.csv,251148,missing_ratings,drop,ratingCount == 0
movies_processed.csv,251462,missing_ratings,drop,ratingCount == 0
movies_processed.csv,251664,missing_ratings,drop,ratingCount == 0
movies_processed.csv,251798,missing_ratings,drop,ratingCount == 0
movies_processed.csv,251800,missing_ratings,drop,ratingCount == 0
movies_processed.csv,251802,missing_ratings,drop,ratingCount == 0
movies_processed.csv,251804,missing_ratings,drop,ratingCount == 0
movies_processed.csv,251806,missing_ratings,drop,ratingCount == 0
movies_processed.csv,251808,missing_ratings,drop,ratingCount == 0
movies_processed.csv,251810,missing_ratings,drop,ratingCount == 0
movies_processed.csv,251812,missing_ratings,drop,ratingCount == 0
movies_processed.csv,251814,missing_ratings,drop,ratingCount == 0
movies_processed.csv,251816,missing_ratings,drop,ratingCount == 0
movies_processed.csv,251818,missing_ratings,drop,ratingCount == 0
movies_processed.csv,251820,missing_ratings,drop,ratingCount == 0
movies_processed.csv,251822,missing_ratings,drop,ratingCount == 0
movies_processed.csv,251824,missing_ratings,drop,ratingCount == 0
movies_processed.csv,251826,missing_ratings,drop,ratingCount == 0
movies_processed.csv,251828,missing_ratings,drop,ratingCount == 0
movies_processed.csv,251830,missing_ratings,drop,ratingCount == 0
movies_processed.csv,251832,missing_ratings,drop,ratingCount == 0
movies_processed.csv,251834,missing_ratings,drop,ratingCount == 0
movies_processed.csv,251836,missing_ratings,drop,ratingCount == 0
movies_processed.csv,251840,missing_ratings,drop,ratingCount == 0
movies_processed.csv,251842,missing_ratings,drop,ratingCount == 0
movies_processed.csv,251844,missing_ratings,drop,ratingCount == 0
movies_processed.csv,251846,missing_ratings,drop,ratingCount == 0
movies_processed.csv,251848,missing_ratings,drop,ratingCount == 0
movies_processed.csv,251850,missing_ratings,drop,ratingCount == 0
movies_processed.csv,251852,missing_ratings,drop,ratingCount == 0
movies_processed.csv,251856,missing_ratings,drop,ratingCount == 0
movies_processed.csv,251858,missing_ratings,drop,ratingCount == 0
movies_processed.csv,251860,missing_ratings,drop,ratingCount == 0
movies_processed.csv,251862,missing_ratings,drop,ratingCount == 0
movies_processed.csv,251866,missing_ratings,drop,ratingCount == 0
movies_processed.csv,251868,missing_ratings,drop,ratingCount == 0
movies_processed.csv,251870,missing_ratings,drop,ratingCount == 0
movies_processed.csv,251872,missing_ratings,drop,ratingCount == 0
movies_processed.csv,251874,missing_ratings,drop,ratingCount == 0
movies_processed.csv,251876,missing_ratings,drop,ratingCount == 0
movies_processed.csv,252196,missing_ratings,drop,ratingCount == 0
movies_processed.csv,252416,missing_ratings,drop,ratingCount == 0
movies_processed.csv,252954,missing_ratings,drop,ratingCount == 0
movies_processed.csv,253068,missing_ratings,drop,ratingCount == 0
movies_processed.csv,253144,missing_ratings,drop,ratingCount == 0
movies_processed.csv,253238,missing_ratings,drop,ratingCount == 0
movies_processed.csv,253412,missing_ratings,drop,ratingCount == 0
movies_processed.csv,253432,missing_ratings,drop,ratingCount == 0
movies_processed.csv,253848,missing_ratings,drop,ratingCount == 0
movies_processed.csv,253850,missing_ratings,drop,ratingCount == 0
movies_processed.csv,254066,missing_ratings,drop,ratingCount == 0
movies_processed.csv,254080,missing_ratings,drop,ratingCount == 0
movies_processed.csv,254286,missing_ratings,drop,ratingCount == 0
movies_processed.csv,254596,missing_ratings,drop,ratingCount == 0
movies_processed.csv,254612,missing_ratings,drop,ratingCount == 0
movies_processed.csv,255023,missing_ratings,drop,ratingCount == 0
movies_processed.csv,255099,missing_ratings,drop,ratingCount == 0
movies_processed.csv,255547,missing_ratings,drop,ratingCount == 0
movies_processed.csv,255569,missing_ratings,drop,ratingCount == 0
movies_processed.csv,255691,missing_ratings,drop,ratingCount == 0
movies_processed.csv,255765,missing_ratings,drop,ratingCount == 0
movies_processed.csv,256523,missing_ratings,drop,ratingCount == 0
movies_processed.csv,256625,missing_ratings,drop,ratingCount == 0
movies_processed.csv,257309,missing_ratings,drop,ratingCount == 0
movies_processed.csv,257519,missing_ratings,drop,ratingCount == 0
movies_processed.csv,258347,missing_ratings,drop,ratingCount == 0
movies_processed.csv,258359,missing_ratings,drop,ratingCount == 0
movies_processed.csv,258395,missing_ratings,drop,ratingCount == 0
movies_processed.csv,258489,missing_ratings,drop,ratingCount == 0
movies_processed.csv,259379,missing_ratings,drop,ratingCount == 0
movies_processed.csv,259567,missing_ratings,drop,ratingCount == 0
movies_processed.csv,259703,missing_ratings,drop,ratingCount == 0
movies_processed.csv,259811,missing_ratings,drop,ratingCount == 0
movies_processed.csv,260837,missing_ratings,drop,ratingCount == 0
movies_processed.csv,261157,missing_ratings,drop,ratingCount == 0
movies_processed.csv,261965,missing_ratings,drop,ratingCount == 0
movies_processed.csv,262535,missing_ratings,drop,ratingCount == 0
movies_processed.csv,262537,missing_ratings,drop,ratingCount == 0
movies_processed.csv,262539,missing_ratings,drop,ratingCount == 0
movies_processed.csv,262541,missing_ratings,drop,ratingCount == 0
movies_processed.csv,262543,missing_ratings,drop,ratingCount == 0
movies_processed.csv,262545,missing_ratings,drop,ratingCount == 0
movies_processed.csv,262547,missing_ratings,drop,ratingCount == 0
movies_processed.csv,262549,missing_ratings,drop,ratingCount == 0
movies_processed.csv,262551,missing_ratings,drop,ratingCount == 0
movies_processed.csv,262553,missing_ratings,drop,ratingCount == 0
movies_processed.csv,262555,missing_ratings,drop,ratingCount == 0
movies_processed.csv,262557,missing_ratings,drop,ratingCount == 0
movies_processed.csv,262559,missing_ratings,drop,ratingCount == 0
movies_processed.csv,262561,missing_ratings,drop,ratingCount == 0
movies_processed.csv,262563,missing_ratings,drop,ratingCount == 0
movies_processed.csv,262565,missing_ratings,drop,ratingCount == 0
movies_processed.csv,262567,missing_ratings,drop,ratingCount == 0
movies_processed.csv,262569,missing_ratings,drop,ratingCount == 0
movies_processed.csv,262571,missing_ratings,drop,ratingCount == 0
movies_processed.csv,262573,missing_ratings,drop,ratingCount == 0
movies_processed.csv,262575,missing_ratings,drop,ratingCount == 0
movies_processed.csv,262577,missing_ratings,drop,ratingCount == 0
movies_processed.csv,262579,missing_ratings,drop,ratingCount == 0
movies_processed.csv,262581,missing_ratings,drop,ratingCount == 0
movies_processed.csv,262583,missing_ratings,drop,ratingCount == 0
movies_processed.csv,262585,missing_ratings,drop,ratingCount == 0
movies_processed.csv,262589,missing_ratings,drop,ratingCount == 0
movies_processed.csv,262591,missing_ratings,drop,ratingCount == 0
movies_processed.csv,262593,missing_ratings,drop,ratingCount == 0
movies_processed.csv,262595,missing_ratings,drop,ratingCount == 0
movies_processed.csv,262597,missing_ratings,drop,ratingCount == 0
movies_processed.csv,262599,missing_ratings,drop,ratingCount == 0
movies_processed.csv,262601,missing_ratings,drop,ratingCount == 0
movies_processed.csv,262603,missing_ratings,drop,ratingCount == 0
movies_processed.csv,262605,missing_ratings,drop,ratingCount == 0
movies_processed.csv,262607,missing_ratings,drop,ratingCount == 0
movies_processed.csv,262611,missing_ratings,drop,ratingCount == 0
movies_processed.csv,262613,missing_ratings,drop,ratingCount == 0
movies_processed.csv,262615,missing_ratings,drop,ratingCount == 0
movies_processed.csv,262619,missing_ratings,drop,ratingCount == 0
movies_processed.csv,262623,missing_ratings,drop,ratingCount == 0
movies_processed.csv,262625,missing_ratings,drop,ratingCount == 0
movies_processed.csv,262637,missing_ratings,drop,ratingCount == 0
movies_processed.csv,262639,missing_ratings,drop,ratingCount == 0
movies_processed.csv,262641,missing_ratings,drop,ratingCount == 0
movies_processed.csv,262643,missing_ratings,drop,ratingCount == 0
movies_processed.csv,265524,missing_ratings,drop,ratingCount == 0
movies_processed.csv,265748,missing_ratings,drop,ratingCount == 0
movies_processed.csv,266020,missing_ratings,drop,ratingCount == 0
movies_processed.csv,266148,missing_ratings,drop,ratingCount == 0
movies_processed.csv,266570,missing_ratings,drop,ratingCount == 0
movies_processed.csv,266582,missing_ratings,drop,ratingCount == 0
movies_processed.csv,266584,missing_ratings,drop,ratingCount == 0
movies_processed.csv,266586,missing_ratings,drop,ratingCount == 0
movies_processed.csv,266588,missing_ratings,drop,ratingCount == 0
movies_processed.csv,266590,missing_ratings,drop,ratingCount == 0
movies_processed.csv,266592,missing_ratings,drop,ratingCount == 0
movies_processed.csv,266594,missing_ratings,drop,ratingCount == 0
movies_processed.csv,266596,missing_ratings,drop,ratingCount == 0
movies_processed.csv,266598,missing_ratings,drop,ratingCount == 0
movies_processed.csv,266996,missing_ratings,drop,ratingCount == 0
movies_processed.csv,267218,missing_ratings,drop,ratingCount == 0
movies_processed.csv,269244,missing_ratings,drop,ratingCount == 0
movies_processed.csv,269338,missing_ratings,drop,ratingCount == 0
movies_processed.csv,269342,missing_ratings,drop,ratingCount == 0
movies_processed.csv,269700,missing_ratings,drop,ratingCount == 0
movies_processed.csv,269702,missing_ratings,drop,ratingCount == 0
movies_processed.csv,269704,missing_ratings,drop,ratingCount == 0
movies_processed.csv,269706,missing_ratings,drop,ratingCount == 0
movies_processed.csv,269708,missing_ratings,drop,ratingCount == 0
movies_processed.csv,269774,missing_ratings,drop,ratingCount == 0
movies_processed.csv,270258,missing_ratings,drop,ratingCount == 0
movies_processed.csv,270278,missing_ratings,drop,ratingCount == 0
movies_processed.csv,270292,missing_ratings,drop,ratingCount == 0
movies_processed.csv,270312,missing_ratings,drop,ratingCount == 0
movies_processed.csv,270438,missing_ratings,drop,ratingCount == 0
movies_processed.csv,270462,missing_ratings,drop,ratingCount == 0
movies_processed.csv,270736,missing_ratings,drop,ratingCount == 0
movies_processed.csv,270796,missing_ratings,drop,ratingCount == 0
movies_processed.csv,271469,missing_ratings,drop,ratingCount == 0
movies_processed.csv,272335,missing_ratings,drop,ratingCount == 0
movies_processed.csv,272355,missing_ratings,drop,ratingCount == 0
movies_processed.csv,274667,missing_ratings,drop,ratingCount == 0
movies_processed.csv,274887,missing_ratings,drop,ratingCount == 0
movies_processed.csv,274891,missing_ratings,drop,ratingCount == 0
movies_processed.csv,274893,missing_ratings,drop,ratingCount == 0
movies_processed.csv,274895,missing_ratings,drop,ratingCount == 0
movies_processed.csv,274909,missing_ratings,drop,ratingCount == 0
movies_processed.csv,274943,missing_ratings,drop,ratingCount == 0
movies_processed.csv,274957,missing_ratings,drop,ratingCount == 0
movies_processed.csv,275145,missing_ratings,drop,ratingCount == 0
movies_processed.csv,275147,missing_ratings,drop,ratingCount == 0
movies_processed.csv,275551,missing_ratings,drop,ratingCount == 0
movies_processed.csv,276535,missing_ratings,drop,ratingCount == 0
movies_processed.csv,276539,missing_ratings,drop,ratingCount == 0
movies_processed.csv,276541,missing_ratings,drop,ratingCount == 0
movies_processed.csv,276543,missing_ratings,drop,ratingCount == 0
movies_processed.csv,276545,missing_ratings,drop,ratingCount == 0
movies_processed.csv,276547,missing_ratings,drop,ratingCount == 0
movies_processed.csv,276549,missing_ratings,drop,ratingCount == 0
movies_processed.csv,276551,missing_ratings,drop,ratingCount == 0
movies_processed.csv,276553,missing_ratings,drop,ratingCount == 0
movies_processed.csv,276555,missing_ratings,drop,ratingCount == 0
movies_processed.csv,276559,missing_ratings,drop,ratingCount == 0
movies_processed.csv,276561,missing_ratings,drop,ratingCount == 0
movies_processed.csv,276563,missing_ratings,drop,ratingCount == 0
movies_processed.csv,276565,missing_ratings,drop,ratingCount == 0
movies_processed.csv,278222,missing_ratings,drop,ratingCount == 0
movies_processed.csv,278720,missing_ratings,drop,ratingCount == 0
movies_processed.csv,279354,missing_ratings,drop,ratingCount == 0
movies_processed.csv,279356,missing_ratings,drop,ratingCount == 0
movies_processed.csv,279918,missing_ratings,drop,ratingCount == 0
movies_processed.csv,279926,missing_ratings,drop,ratingCount == 0
movies_processed.csv,279946,missing_ratings,drop,ratingCount == 0
movies_processed.csv,280156,missing_ratings,drop,ratingCount == 0
movies_processed.csv,280938,missing_ratings,drop,ratingCount == 0
movies_processed.csv,281102,missing_ratings,drop,ratingCount == 0
movies_processed.csv,281106,missing_ratings,drop,ratingCount == 0
movies_processed.csv,281108,missing_ratings,drop,ratingCount == 0
movies_processed.csv,281110,missing_ratings,drop,ratingCount == 0
movies_processed.csv,281112,missing_ratings,drop,ratingCount == 0
movies_processed.csv,281114,missing_ratings,drop,ratingCount == 0
movies_processed.csv,281116,missing_ratings,drop,ratingCount == 0
movies_processed.csv,281374,missing_ratings,drop,ratingCount == 0
movies_processed.csv,281542,missing_ratings,drop,ratingCount == 0
movies_processed.csv,281544,missing_ratings,drop,ratingCount == 0
movies_processed.csv,281546,missing_ratings,drop,ratingCount == 0
movies_processed.csv,282067,missing_ratings,drop,ratingCount == 0
movies_processed.csv,282791,missing_ratings,drop,ratingCount == 0
movies_processed.csv,282793,missing_ratings,drop,ratingCount == 0
movies_processed.csv,283159,missing_ratings,drop,ratingCount == 0
movies_processed.csv,284633,missing_ratings,drop,ratingCount == 0
movies_processed.csv,284643,missing_ratings,drop,ratingCount == 0
movies_processed.csv,286053,missing_ratings,drop,ratingCount == 0
movies_processed.csv,286055,missing_ratings,drop,ratingCount == 0
movies_processed.csv,286059,missing_ratings,drop,ratingCount == 0
movies_processed.csv,286459,missing_ratings,drop,ratingCount == 0
movies_processed.csv,286705,missing_ratings,drop,ratingCount == 0
movies_processed.csv,286709,missing_ratings,drop,ratingCount == 0
movies_processed.csv,286885,missing_ratings,drop,ratingCount == 0
movies_processed.csv,287561,missing_ratings,drop,ratingCount == 0
movies_processed.csv,288447,missing_ratings,drop,ratingCount == 0
movies_processed.csv,289697,missing_ratings,drop,ratingCount == 0
movies_processed.csv,291509,missing_ratings,drop,ratingCount == 0
movies_processed.csv,292629,missing_ratings,drop,ratingCount == 0
movies_processed.csv,83773,missing_genres,drop,genres=[]
movies_processed.csv,84768,missing_genres,drop,genres=[]
movies_processed.csv,86493,missing_genres,drop,genres=[]
movies_processed.csv,87061,missing_genres,drop,genres=[]
movies_processed.csv,91246,missing_genres,drop,genres=[]
movies_processed.csv,92435,missing_genres,drop,genres=[]
movies_processed.csv,92641,missing_genres,drop,genres=[]
movies_processed.csv,94431,missing_genres,drop,genres=[]
movies_processed.csv,95750,missing_genres,drop,genres=[]
movies_processed.csv,96479,missing_genres,drop,genres=[]
movies_processed.csv,96651,missing_genres,drop,genres=[]
movies_processed.csv,113545,missing_genres,drop,genres=[]
movies_processed.csv,114335,missing_genres,drop,genres=[]
movies_processed.csv,114725,missing_genres,drop,genres=[]
movies_processed.csv,115004,missing_genres,drop,genres=[]
movies_processed.csv,115006,missing_genres,drop,genres=[]
movies_processed.csv,115893,missing_genres,drop,genres=[]
movies_processed.csv,116046,missing_genres,drop,genres=[]
movies_processed.csv,116054,missing_genres,drop,genres=[]
movies_processed.csv,116096,missing_genres,drop,genres=[]
movies_processed.csv,116098,missing_genres,drop,genres=[]
movies_processed.csv,116100,missing_genres,drop,genres=[]
movies_processed.csv,116126,missing_genres,drop,genres=[]
movies_processed.csv,116237,missing_genres,drop,genres=[]
movies_processed.csv,116287,missing_genres,drop,genres=[]
movies_processed.csv,116347,missing_genres,drop,genres=[]
movies_processed.csv,116425,missing_genres,drop,genres=[]
movies_processed.csv,116479,missing_genres,drop,genres=[]
movies_processed.csv,116531,missing_genres,drop,genres=[]
movies_processed.csv,116704,missing_genres,drop,genres=[]
movies_processed.csv,116917,missing_genres,drop,genres=[]
movies_processed.csv,116923,missing_genres,drop,genres=[]
movies_processed.csv,116949,missing_genres,drop,genres=[]
movies_processed.csv,116955,missing_genres,drop,genres=[]
movies_processed.csv,117316,missing_genres,drop,genres=[]
movies_processed.csv,117722,missing_genres,drop,genres=[]
movies_processed.csv,117845,missing_genres,drop,genres=[]
movies_processed.csv,117847,missing_genres,drop,genres=[]
movies_processed.csv,117865,missing_genres,drop,genres=[]
movies_processed.csv,118340,missing_genres,drop,genres=[]
movies_processed.csv,118448,missing_genres,drop,genres=[]
movies_processed.csv,118692,missing_genres,drop,genres=[]
movies_processed.csv,118728,missing_genres,drop,genres=[]
movies_processed.csv,118878,missing_genres,drop,genres=[]
movies_processed.csv,119878,missing_genres,drop,genres=[]
movies_processed.csv,120612,missing_genres,drop,genres=[]
movies_processed.csv,121581,missing_genres,drop,genres=[]
movies_processed.csv,121867,missing_genres,drop,genres=[]
movies_processed.csv,122001,missing_genres,drop,genres=[]
movies_processed.csv,122482,missing_genres,drop,genres=[]
movies_processed.csv,122557,missing_genres,drop,genres=[]
movies_processed.csv,122571,missing_genres,drop,genres=[]
movies_processed.csv,122573,missing_genres,drop,genres=[]
movies_processed.csv,122589,missing_genres,drop,genres=[]
movies_processed.csv,122605,missing_genres,drop,genres=[]
movies_processed.csv,122637,missing_genres,drop,genres=[]
movies_processed.csv,122675,missing_genres,drop,genres=[]
movies_processed.csv,122679,missing_genres,drop,genres=[]
movies_processed.csv,122687,missing_genres,drop,genres=[]
movies_processed.csv,122711,missing_genres,drop,genres=[]
movies_processed.csv,122777,missing_genres,drop,genres=[]
movies_processed.csv,122811,missing_genres,drop,genres=[]
movies_processed.csv,122825,missing_genres,drop,genres=[]
movies_processed.csv,122888,missing_genres,drop,genres=[]
movies_processed.csv,122896,missing_genres,drop,genres=[]
movies_processed.csv,122944,missing_genres,drop,genres=[]
movies_processed.csv,122988,missing_genres,drop,genres=[]
movies_processed.csv,123010,missing_genres,drop,genres=[]
movies_processed.csv,123038,missing_genres,drop,genres=[]
movies_processed.csv,123044,missing_genres,drop,genres=[]
movies_processed.csv,123052,missing_genres,drop,genres=[]
movies_processed.csv,123061,missing_genres,drop,genres=[]
movies_processed.csv,123071,missing_genres,drop,genres=[]
movies_processed.csv,123095,missing_genres,drop,genres=[]
movies_processed.csv,123117,missing_genres,drop,genres=[]
movies_processed.csv,123135,missing_genres,drop,genres=[]
movies_processed.csv,123139,missing_genres,drop,genres=[]
movies_processed.csv,123213,missing_genres,drop,genres=[]
movies_processed.csv,123250,missing_genres,drop,genres=[]
movies_processed.csv,123254,missing_genres,drop,genres=[]
movies_processed.csv,123274,missing_genres,drop,genres=[]
movies_processed.csv,123278,missing_genres,drop,genres=[]
movies_processed.csv,123290,missing_genres,drop,genres=[]
movies_processed.csv,123333,missing_genres,drop,genres=[]
movies_processed.csv,123339,missing_genres,drop,genres=[]
movies_processed.csv,123343,missing_genres,drop,genres=[]
movies_processed.csv,123345,missing_genres,drop,genres=[]
movies_processed.csv,123371,missing_genres,drop,genres=[]
movies_processed.csv,123397,missing_genres,drop,genres=[]
movies_processed.csv,123415,missing_genres,drop,genres=[]
movies_processed.csv,123421,missing_genres,drop,genres=[]
movies_processed.csv,123439,missing_genres,drop,genres=[]
movies_processed.csv,123441,missing_genres,drop,genres=[]
movies_processed.csv,123443,missing_genres,drop,genres=[]
movies_processed.csv,123461,missing_genres,drop,genres=[]
movies_processed.csv,123518,missing_genres,drop,genres=[]
movies_processed.csv,123526,missing_genres,drop,genres=[]
movies_processed.csv,123559,missing_genres,drop,genres=[]
movies_processed.csv,123583,missing_genres,drop,genres=[]
movies_processed.csv,123602,missing_genres,drop,genres=[]
movies_processed.csv,123607,missing_genres,drop,genres=[]
movies_processed.csv,123609,missing_genres,drop,genres=[]
movies_processed.csv,123617,missing_genres,drop,genres=[]
movies_processed.csv,123619,missing_genres,drop,genres=[]
movies_processed.csv,123625,missing_genres,drop,genres=[]
movies_processed.csv,123629,missing_genres,drop,genres=[]
movies_processed.csv,123693,missing_genres,drop,genres=[]
movies_processed.csv,123709,missing_genres,drop,genres=[]
movies_processed.csv,123715,missing_genres,drop,genres=[]
movies_processed.csv,123721,missing_genres,drop,genres=[]
movies_processed.csv,123729,missing_genres,drop,genres=[]
movies_processed.csv,123755,missing_genres,drop,genres=[]
movies_processed.csv,123775,missing_genres,drop,genres=[]
movies_processed.csv,123798,missing_genres,drop,genres=[]
movies_processed.csv,123800,missing_genres,drop,genres=[]
movies_processed.csv,123808,missing_genres,drop,genres=[]
movies_processed.csv,123810,missing_genres,drop,genres=[]
movies_processed.csv,123830,missing_genres,drop,genres=[]
movies_processed.csv,123838,missing_genres,drop,genres=[]
movies_processed.csv,123850,missing_genres,drop,genres=[]
movies_processed.csv,123860,missing_genres,drop,genres=[]
movies_processed.csv,123866,missing_genres,drop,genres=[]
movies_processed.csv,123870,missing_genres,drop,genres=[]
movies_processed.csv,123874,missing_genres,drop,genres=[]
movies_processed.csv,123892,missing_genres,drop,genres=[]
movies_processed.csv,123902,missing_genres,drop,genres=[]
movies_processed.csv,123904,missing_genres,drop,genres=[]
movies_processed.csv,123913,missing_genres,drop,genres=[]
movies_processed.csv,123915,missing_genres,drop,genres=[]
movies_processed.csv,123925,missing_genres,drop,genres=[]
movies_processed.csv,123935,missing_genres,drop,genres=[]
movies_processed.csv,123939,missing_genres,drop,genres=[]
movies_processed.csv,123955,missing_genres,drop,genres=[]
movies_processed.csv,123975,missing_genres,drop,genres=[]
movies_processed.csv,123989,missing_genres,drop,genres=[]
movies_processed.csv,123995,missing_genres,drop,genres=[]
movies_processed.csv,123999,missing_genres,drop,genres=[]
movies_processed.csv,124007,missing_genres,drop,genres=[]
movies_processed.csv,124011,missing_genres,drop,genres=[]
movies_processed.csv,124017,missing_genres,drop,genres=[]
movies_processed.csv,124039,missing_genres,drop,genres=[]
movies_processed.csv,124095,missing_genres,drop,genres=[]
movies_processed.csv,124103,missing_genres,drop,genres=[]
movies_processed.csv,124149,missing_genres,drop,genres=[]
movies_processed.csv,124182,missing_genres,drop,genres=[]
movies_processed.csv,124200,missing_genres,drop,genres=[]
movies_processed.csv,124215,missing_genres,drop,genres=[]
movies_processed.csv,124243,missing_genres,drop,genres=[]
movies_processed.csv,124255,missing_genres,drop,genres=[]
movies_processed.csv,124269,missing_genres,drop,genres=[]
movies_processed.csv,124364,missing_genres,drop,genres=[]
movies_processed.csv,124366,missing_genres,drop,genres=[]
movies_processed.csv,124386,missing_genres,drop,genres=[]
movies_processed.csv,124388,missing_genres,drop,genres=[]
movies_processed.csv,124392,missing_genres,drop,genres=[]
movies_processed.csv,124400,missing_genres,drop,genres=[]
movies_processed.csv,124408,missing_genres,drop,genres=[]
movies_processed.csv,124422,missing_genres,drop,genres=[]
movies_processed.csv,124430,missing_genres,drop,genres=[]
movies_processed.csv,124464,missing_genres,drop,genres=[]
movies_processed.csv,124480,missing_genres,drop,genres=[]
movies_processed.csv,124486,missing_genres,drop,genres=[]
movies_processed.csv,124496,missing_genres,drop,genres=[]
movies_processed.csv,124525,missing_genres,drop,genres=[]
movies_processed.csv,124531,missing_genres,drop,genres=[]
movies_processed.csv,124548,missing_genres,drop,genres=[]
movies_processed.csv,124629,missing_genres,drop,genres=[]
movies_processed.csv,124631,missing_genres,drop,genres=[]
movies_processed.csv,124639,missing_genres,drop,genres=[]
movies_processed.csv,124645,missing_genres,drop,genres=[]
movies_processed.csv,124659,missing_genres,drop,genres=[]
movies_processed.csv,124667,missing_genres,drop,genres=[]
movies_processed.csv,124719,missing_genres,drop,genres=[]
movies_processed.csv,124733,missing_genres,drop,genres=[]
movies_processed.csv,124737,missing_genres,drop,genres=[]
movies_processed.csv,124765,missing_genres,drop,genres=[]
movies_processed.csv,124775,missing_genres,drop,genres=[]
movies_processed.csv,124795,missing_genres,drop,genres=[]
movies_processed.csv,124833,missing_genres,drop,genres=[]
movies_processed.csv,124869,missing_genres,drop,genres=[]
movies_processed.csv,124921,missing_genres,drop,genres=[]
movies_processed.csv,124937,missing_genres,drop,genres=[]
movies_processed.csv,124963,missing_genres,drop,genres=[]
movies_processed.csv,124975,missing_genres,drop,genres=[]
movies_processed.csv,125029,missing_genres,drop,genres=[]
movies_processed.csv,125079,missing_genres,drop,genres=[]
movies_processed.csv,125091,missing_genres,drop,genres=[]
movies_processed.csv,125127,missing_genres,drop,genres=[]
movies_processed.csv,125159,missing_genres,drop,genres=[]
movies_processed.csv,125211,missing_genres,drop,genres=[]
movies_processed.csv,125233,missing_genres,drop,genres=[]
movies_processed.csv,125273,missing_genres,drop,genres=[]
movies_processed.csv,125275,missing_genres,drop,genres=[]
movies_processed.csv,125279,missing_genres,drop,genres=[]
movies_processed.csv,125305,missing_genres,drop,genres=[]
movies_processed.csv,125325,missing_genres,drop,genres=[]
movies_processed.csv,125377,missing_genres,drop,genres=[]
movies_processed.csv,125385,missing_genres,drop,genres=[]
movies_processed.csv,125423,missing_genres,drop,genres=[]
movies_processed.csv,125427,missing_genres,drop,genres=[]
movies_processed.csv,125451,missing_genres,drop,genres=[]
movies_processed.csv,125461,missing_genres,drop,genres=[]
movies_processed.csv,125467,missing_genres,drop,genres=[]
movies_processed.csv,125491,missing_genres,drop,genres=[]
movies_processed.csv,125531,missing_genres,drop,genres=[]
movies_processed.csv,125535,missing_genres,drop,genres=[]
movies_processed.csv,125551,missing_genres,drop,genres=[]
movies_processed.csv,125561,missing_genres,drop,genres=[]
movies_processed.csv,125571,missing_genres,drop,genres=[]
movies_processed.csv,125574,missing_genres,drop,genres=[]
movies_processed.csv,125587,missing_genres,drop,genres=[]
movies_processed.csv,125593,missing_genres,drop,genres=[]
movies_processed.csv,125601,missing_genres,drop,genres=[]
movies_processed.csv,125603,missing_genres,drop,genres=[]
movies_processed.csv,125605,missing_genres,drop,genres=[]
movies_processed.csv,125609,missing_genres,drop,genres=[]
movies_processed.csv,125611,missing_genres,drop,genres=[]
movies_processed.csv,125615,missing_genres,drop,genres=[]
movies_processed.csv,125617,missing_genres,drop,genres=[]
movies_processed.csv,125632,missing_genres,drop,genres=[]
movies_processed.csv,125640,missing_genres,drop,genres=[]
movies_processed.csv,125642,missing_genres,drop,genres=[]
movies_processed.csv,125646,missing_genres,drop,genres=[]
movies_processed.csv,125650,missing_genres,drop,genres=[]
movies_processed.csv,125652,missing_genres,drop,genres=[]
movies_processed.csv,125700,missing_genres,drop,genres=[]
movies_processed.csv,125833,missing_genres,drop,genres=[]
movies_processed.csv,125840,missing_genres,drop,genres=[]
movies_processed.csv,125860,missing_genres,drop,genres=[]
movies_processed.csv,125864,missing_genres,drop,genres=[]
movies_processed.csv,125872,missing_genres,drop,genres=[]
movies_processed.csv,125876,missing_genres,drop,genres=[]
movies_processed.csv,125878,missing_genres,drop,genres=[]
movies_processed.csv,125890,missing_genres,drop,genres=[]
movies_processed.csv,125908,missing_genres,drop,genres=[]
movies_processed.csv,125910,missing_genres,drop,genres=[]
movies_processed.csv,125928,missing_genres,drop,genres=[]
movies_processed.csv,125930,missing_genres,drop,genres=[]
movies_processed.csv,125934,missing_genres,drop,genres=[]
movies_processed.csv,125942,missing_genres,drop,genres=[]
movies_processed.csv,125948,missing_genres,drop,genres=[]
movies_processed.csv,125956,missing_genres,drop,genres=[]
movies_processed.csv,125958,missing_genres,drop,genres=[]
movies_processed.csv,125980,missing_genres,drop,genres=[]
movies_processed.csv,125984,missing_genres,drop,genres=[]
movies_processed.csv,125994,missing_genres,drop,genres=[]
movies_processed.csv,126000,missing_genres,drop,genres=[]
movies_processed.csv,126010,missing_genres,drop,genres=[]
movies_processed.csv,126022,missing_genres,drop,genres=[]
movies_processed.csv,126024,missing_genres,drop,genres=[]
movies_processed.csv,126026,missing_genres,drop,genres=[]
movies_processed.csv,126028,missing_genres,drop,genres=[]
movies_processed.csv,126034,missing_genres,drop,genres=[]
movies_processed.csv,126042,missing_genres,drop,genres=[]
movies_processed.csv,126052,missing_genres,drop,genres=[]
movies_processed.csv,126060,missing_genres,drop,genres=[]
movies_processed.csv,126062,missing_genres,drop,genres=[]
movies_processed.csv,126064,missing_genres,drop,genres=[]
movies_processed.csv,126068,missing_genres,drop,genres=[]
movies_processed.csv,126074,missing_genres,drop,genres=[]
movies_processed.csv,126076,missing_genres,drop,genres=[]
movies_processed.csv,126078,missing_genres,drop,genres=[]
movies_processed.csv,126080,missing_genres,drop,genres=[]
movies_processed.csv,126098,missing_genres,drop,genres=[]
movies_processed.csv,126106,missing_genres,drop,genres=[]
movies_processed.csv,126130,missing_genres,drop,genres=[]
movies_processed.csv,126168,missing_genres,drop,genres=[]
movies_processed.csv,126172,missing_genres,drop,genres=[]
movies_processed.csv,126176,missing_genres,drop,genres=[]
movies_processed.csv,126186,missing_genres,drop,genres=[]
movies_processed.csv,126194,missing_genres,drop,genres=[]
movies_processed.csv,126202,missing_genres,drop,genres=[]
movies_processed.csv,126206,missing_genres,drop,genres=[]
movies_processed.csv,126221,missing_genres,drop,genres=[]
movies_processed.csv,126239,missing_genres,drop,genres=[]
movies_processed.csv,126243,missing_genres,drop,genres=[]
movies_processed.csv,126245,missing_genres,drop,genres=[]
movies_processed.csv,126286,missing_genres,drop,genres=[]
movies_processed.csv,126331,missing_genres,drop,genres=[]
movies_processed.csv,126333,missing_genres,drop,genres=[]
movies_processed.csv,126339,missing_genres,drop,genres=[]
movies_processed.csv,126560,missing_genres,drop,genres=[]
movies_processed.csv,126593,missing_genres,drop,genres=[]
movies_processed.csv,126721,missing_genres,drop,genres=[]
movies_processed.csv,126731,missing_genres,drop,genres=[]
movies_processed.csv,126739,missing_genres,drop,genres=[]
movies_processed.csv,126741,missing_genres,drop,genres=[]
movies_processed.csv,126759,missing_genres,drop,genres=[]
movies_processed.csv,126789,missing_genres,drop,genres=[]
movies_processed.csv,126793,missing_genres,drop,genres=[]
movies_processed.csv,126795,missing_genres,drop,genres=[]
movies_processed.csv,126797,missing_genres,drop,genres=[]
movies_processed.csv,126917,missing_genres,drop,genres=[]
movies_processed.csv,126945,missing_genres,drop,genres=[]
movies_processed.csv,126949,missing_genres,drop,genres=[]
movies_processed.csv,126955,missing_genres,drop,genres=[]
movies_processed.csv,126963,missing_genres,drop,genres=[]
movies_processed.csv,126967,missing_genres,drop,genres=[]
movies_processed.csv,126973,missing_genres,drop,genres=[]
movies_processed.csv,126975,missing_genres,drop,genres=[]
movies_processed.csv,126979,missing_genres,drop,genres=[]
movies_processed.csv,126985,missing_genres,drop,genres=[]
movies_processed.csv,126989,missing_genres,drop,genres=[]
movies_processed.csv,126993,missing_genres,drop,genres=[]
movies_processed.csv,126995,missing_genres,drop,genres=[]
movies_processed.csv,126999,missing_genres,drop,genres=[]
movies_processed.csv,127003,missing_genres,drop,genres=[]
movies_processed.csv,127005,missing_genres,drop,genres=[]
movies_processed.csv,127007,missing_genres,drop,genres=[]
movies_processed.csv,127957,missing_genres,drop,genres=[]
movies_processed.csv,127991,missing_genres,drop,genres=[]
movies_processed.csv,128015,missing_genres,drop,genres=[]
movies_processed.csv,128027,missing_genres,drop,genres=[]
movies_processed.csv,128047,missing_genres,drop,genres=[]
movies_processed.csv,128069,missing_genres,drop,genres=[]
movies_processed.csv,128077,missing_genres,drop,genres=[]
movies_processed.csv,128079,missing_genres,drop,genres=[]
movies_processed.csv,128115,missing_genres,drop,genres=[]
movies_processed.csv,128131,missing_genres,drop,genres=[]
movies_processed.csv,128135,missing_genres,drop,genres=[]
movies_processed.csv,128137,missing_genres,drop,genres=[]
movies_processed.csv,128145,missing_genres,drop,genres=[]
movies_processed.csv,128193,missing_genres,drop,genres=[]
movies_processed.csv,128219,missing_genres,drop,genres=[]
movies_processed.csv,128237,missing_genres,drop,genres=[]
movies_processed.csv,128243,missing_genres,drop,genres=[]
movies_processed.csv,128253,missing_genres,drop,genres=[]
movies_processed.csv,128295,missing_genres,drop,genres=[]
movies_processed.csv,128356,missing_genres,drop,genres=[]
movies_processed.csv,128373,missing_genres,drop,genres=[]
movies_processed.csv,128383,missing_genres,drop,genres=[]
movies_processed.csv,128393,missing_genres,drop,genres=[]
movies_processed.csv,128395,missing_genres,drop,genres=[]
movies_processed.csv,128401,missing_genres,drop,genres=[]
movies_processed.csv,128405,missing_genres,drop,genres=[]
movies_processed.csv,128421,missing_genres,drop,genres=[]
movies_processed.csv,128431,missing_genres,drop,genres=[]
movies_processed.csv,128433,missing_genres,drop,genres=[]
movies_processed.csv,128480,missing_genres,drop,genres=[]
movies_processed.csv,128492,missing_genres,drop,genres=[]
movies_processed.csv,128498,missing_genres,drop,genres=[]
movies_processed.csv,128500,missing_genres,drop,genres=[]
movies_processed.csv,128504,missing_genres,drop,genres=[]
movies_processed.csv,128514,missing_genres,drop,genres=[]
movies_processed.csv,128516,missing_genres,drop,genres=[]
movies_processed.csv,128544,missing_genres,drop,genres=[]
movies_processed.csv,128570,missing_genres,drop,genres=[]
movies_processed.csv,128590,missing_genres,drop,genres=[]
movies_processed.csv,128610,missing_genres,drop,genres=[]
movies_processed.csv,128616,missing_genres,drop,genres=[]
movies_processed.csv,128624,missing_genres,drop,genres=[]
movies_processed.csv,128644,missing_genres,drop,genres=[]
movies_processed.csv,128667,missing_genres,drop,genres=[]
movies_processed.csv,128673,missing_genres,drop,genres=[]
movies_processed.csv,128686,missing_genres,drop,genres=[]
movies_processed.csv,128705,missing_genres,drop,genres=[]
movies_processed.csv,128727,missing_genres,drop,genres=[]
movies_processed.csv,128742,missing_genres,drop,genres=[]
movies_processed.csv,128748,missing_genres,drop,genres=[]
movies_processed.csv,128752,missing_genres,drop,genres=[]
movies_processed.csv,128754,missing_genres,drop,genres=[]
movies_processed.csv,128760,missing_genres,drop,genres=[]
movies_processed.csv,128766,missing_genres,drop,genres=[]
movies_processed.csv,128778,missing_genres,drop,genres=[]
movies_processed.csv,128780,missing_genres,drop,genres=[]
movies_processed.csv,128790,missing_genres,drop,genres=[]
movies_processed.csv,128794,missing_genres,drop,genres=[]
movies_processed.csv,128796,missing_genres,drop,genres=[]
movies_processed.csv,128800,missing_genres,drop,genres=[]
movies_processed.csv,128810,missing_genres,drop,genres=[]
movies_processed.csv,128816,missing_genres,drop,genres=[]
movies_processed.csv,128818,missing_genres,drop,genres=[]
movies_processed.csv,128820,missing_genres,drop,genres=[]
movies_processed.csv,129052,missing_genres,drop,genres=[]
movies_processed.csv,129056,missing_genres,drop,genres=[]
movies_processed.csv,129076,missing_genres,drop,genres=[]
movies_processed.csv,129078,missing_genres,drop,genres=[]
movies_processed.csv,129185,missing_genres,drop,genres=[]
movies_processed.csv,129187,missing_genres,drop,genres=[]
movies_processed.csv,129189,missing_genres,drop,genres=[]
movies_processed.csv,129193,missing_genres,drop,genres=[]
movies_processed.csv,129211,missing_genres,drop,genres=[]
movies_processed.csv,129225,missing_genres,drop,genres=[]
movies_processed.csv,129250,missing_genres,drop,genres=[]
movies_processed.csv,129524,missing_genres,drop,genres=[]
movies_processed.csv,129530,missing_genres,drop,genres=[]
movies_processed.csv,129536,missing_genres,drop,genres=[]
movies_processed.csv,129651,missing_genres,drop,genres=[]
movies_processed.csv,129661,missing_genres,drop,genres=[]
movies_processed.csv,129663,missing_genres,drop,genres=[]
movies_processed.csv,129667,missing_genres,drop,genres=[]
movies_processed.csv,129677,missing_genres,drop,genres=[]
movies_processed.csv,129683,missing_genres,drop,genres=[]
movies_processed.csv,129689,missing_genres,drop,genres=[]
movies_processed.csv,129705,missing_genres,drop,genres=[]
movies_processed.csv,129723,missing_genres,drop,genres=[]
movies_processed.csv,129733,missing_genres,drop,genres=[]
movies_processed.csv,129755,missing_genres,drop,genres=[]
movies_processed.csv,129759,missing_genres,drop,genres=[]
movies_processed.csv,129765,missing_genres,drop,genres=[]
movies_processed.csv,129769,missing_genres,drop,genres=[]
movies_processed.csv,129796,missing_genres,drop,genres=[]
movies_processed.csv,129802,missing_genres,drop,genres=[]
movies_processed.csv,129808,missing_genres,drop,genres=[]
movies_processed.csv,129838,missing_genres,drop,genres=[]
movies_processed.csv,129847,missing_genres,drop,genres=[]
movies_processed.csv,129849,missing_genres,drop,genres=[]
movies_processed.csv,129851,missing_genres,drop,genres=[]
movies_processed.csv,129865,missing_genres,drop,genres=[]
movies_processed.csv,129867,missing_genres,drop,genres=[]
movies_processed.csv,129869,missing_genres,drop,genres=[]
movies_processed.csv,129871,missing_genres,drop,genres=[]
movies_processed.csv,129875,missing_genres,drop,genres=[]
movies_processed.csv,129877,missing_genres,drop,genres=[]
movies_processed.csv,129879,missing_genres,drop,genres=[]
movies_processed.csv,129881,missing_genres,drop,genres=[]
movies_processed.csv,129885,missing_genres,drop,genres=[]
movies_processed.csv,129887,missing_genres,drop,genres=[]
movies_processed.csv,129895,missing_genres,drop,genres=[]
movies_processed.csv,129915,missing_genres,drop,genres=[]
movies_processed.csv,129917,missing_genres,drop,genres=[]
movies_processed.csv,129919,missing_genres,drop,genres=[]
movies_processed.csv,129925,missing_genres,drop,genres=[]
movies_processed.csv,129929,missing_genres,drop,genres=[]
movies_processed.csv,129931,missing_genres,drop,genres=[]
movies_processed.csv,129943,missing_genres,drop,genres=[]
movies_processed.csv,129980,missing_genres,drop,genres=[]
movies_processed.csv,129986,missing_genres,drop,genres=[]
movies_processed.csv,129996,missing_genres,drop,genres=[]
movies_processed.csv,130060,missing_genres,drop,genres=[]
movies_processed.csv,130089,missing_genres,drop,genres=[]
movies_processed.csv,130093,missing_genres,drop,genres=[]
movies_processed.csv,130099,missing_genres,drop,genres=[]
movies_processed.csv,130144,missing_genres,drop,genres=[]
movies_processed.csv,130165,missing_genres,drop,genres=[]
movies_processed.csv,130178,missing_genres,drop,genres=[]
movies_processed.csv,130204,missing_genres,drop,genres=[]
movies_processed.csv,130231,missing_genres,drop,genres=[]
movies_processed.csv,130235,missing_genres,drop,genres=[]
movies_processed.csv,130237,missing_genres,drop,genres=[]
movies_processed.csv,130239,missing_genres,drop,genres=[]
movies_processed.csv,130252,missing_genres,drop,genres=[]
movies_processed.csv,130259,missing_genres,drop,genres=[]
movies_processed.csv,130280,missing_genres,drop,genres=[]
movies_processed.csv,130296,missing_genres,drop,genres=[]
movies_processed.csv,130298,missing_genres,drop,genres=[]
movies_processed.csv,130324,missing_genres,drop,genres=[]
movies_processed.csv,130342,missing_genres,drop,genres=[]
movies_processed.csv,130386,missing_genres,drop,genres=[]
movies_processed.csv,130410,missing_genres,drop,genres=[]
movies_processed.csv,130430,missing_genres,drop,genres=[]
movies_processed.csv,130432,missing_genres,drop,genres=[]
movies_processed.csv,130446,missing_genres,drop,genres=[]
movies_processed.csv,130454,missing_genres,drop,genres=[]
movies_processed.csv,130456,missing_genres,drop,genres=[]
movies_processed.csv,130472,missing_genres,drop,genres=[]
movies_processed.csv,130500,missing_genres,drop,genres=[]
movies_processed.csv,130502,missing_genres,drop,genres=[]
movies_processed.csv,130532,missing_genres,drop,genres=[]
movies_processed.csv,130552,missing_genres,drop,genres=[]
movies_processed.csv,130558,missing_genres,drop,genres=[]
movies_processed.csv,130620,missing_genres,drop,genres=[]
movies_processed.csv,130652,missing_genres,drop,genres=[]
movies_processed.csv,130666,missing_genres,drop,genres=[]
movies_processed.csv,130672,missing_genres,drop,genres=[]
movies_processed.csv,130690,missing_genres,drop,genres=[]
movies_processed.csv,130716,missing_genres,drop,genres=[]
movies_processed.csv,130720,missing_genres,drop,genres=[]
movies_processed.csv,130732,missing_genres,drop,genres=[]
movies_processed.csv,130770,missing_genres,drop,genres=[]
movies_processed.csv,130776,missing_genres,drop,genres=[]
movies_processed.csv,130790,missing_genres,drop,genres=[]
movies_processed.csv,130810,missing_genres,drop,genres=[]
movies_processed.csv,130812,missing_genres,drop,genres=[]
movies_processed.csv,130814,missing_genres,drop,genres=[]
movies_processed.csv,130818,missing_genres,drop,genres=[]
movies_processed.csv,130820,missing_genres,drop,genres=[]
movies_processed.csv,130834,missing_genres,drop,genres=[]
movies_processed.csv,130844,missing_genres,drop,genres=[]
movies_processed.csv,130846,missing_genres,drop,genres=[]
movies_processed.csv,130852,missing_genres,drop,genres=[]
movies_processed.csv,130860,missing_genres,drop,genres=[]
movies_processed.csv,130866,missing_genres,drop,genres=[]
movies_processed.csv,130876,missing_genres,drop,genres=[]
movies_processed.csv,130878,missing_genres,drop,genres=[]
movies_processed.csv,130882,missing_genres,drop,genres=[]
movies_processed.csv,130918,missing_genres,drop,genres=[]
movies_processed.csv,130932,missing_genres,drop,genres=[]
movies_processed.csv,130936,missing_genres,drop,genres=[]
movies_processed.csv,130946,missing_genres,drop,genres=[]
movies_processed.csv,130962,missing_genres,drop,genres=[]
movies_processed.csv,130968,missing_genres,drop,genres=[]
movies_processed.csv,131021,missing_genres,drop,genres=[]
movies_processed.csv,131029,missing_genres,drop,genres=[]
movies_processed.csv,131031,missing_genres,drop,genres=[]
movies_processed.csv,131078,missing_genres,drop,genres=[]
movies_processed.csv,131108,missing_genres,drop,genres=[]
movies_processed.csv,131172,missing_genres,drop,genres=[]
movies_processed.csv,131182,missing_genres,drop,genres=[]
movies_processed.csv,131186,missing_genres,drop,genres=[]
movies_processed.csv,131198,missing_genres,drop,genres=[]
movies_processed.csv,131209,missing_genres,drop,genres=[]
movies_processed.csv,131223,missing_genres,drop,genres=[]
movies_processed.csv,131225,missing_genres,drop,genres=[]
movies_processed.csv,131260,missing_genres,drop,genres=[]
movies_processed.csv,131276,missing_genres,drop,genres=[]
movies_processed.csv,131280,missing_genres,drop,genres=[]
movies_processed.csv,131294,missing_genres,drop,genres=[]
movies_processed.csv,131300,missing_genres,drop,genres=[]
movies_processed.csv,131303,missing_genres,drop,genres=[]
movies_processed.csv,131320,missing_genres,drop,genres=[]
movies_processed.csv,131349,missing_genres,drop,genres=[]
movies_processed.csv,131361,missing_genres,drop,genres=[]
movies_processed.csv,131365,missing_genres,drop,genres=[]
movies_processed.csv,131371,missing_genres,drop,genres=[]
movies_processed.csv,131391,missing_genres,drop,genres=[]
movies_processed.csv,131415,missing_genres,drop,genres=[]
movies_processed.csv,131427,missing_genres,drop,genres=[]
movies_processed.csv,131468,missing_genres,drop,genres=[]
movies_processed.csv,131524,missing_genres,drop,genres=[]
movies_processed.csv,131536,missing_genres,drop,genres=[]
movies_processed.csv,131538,missing_genres,drop,genres=[]
movies_processed.csv,131542,missing_genres,drop,genres=[]
movies_processed.csv,131544,missing_genres,drop,genres=[]
movies_processed.csv,131556,missing_genres,drop,genres=[]
movies_processed.csv,131560,missing_genres,drop,genres=[]
movies_processed.csv,131568,missing_genres,drop,genres=[]
movies_processed.csv,131602,missing_genres,drop,genres=[]
movies_processed.csv,131606,missing_genres,drop,genres=[]
movies_processed.csv,131632,missing_genres,drop,genres=[]
movies_processed.csv,131642,missing_genres,drop,genres=[]
movies_processed.csv,131648,missing_genres,drop,genres=[]
movies_processed.csv,131654,missing_genres,drop,genres=[]
movies_processed.csv,131672,missing_genres,drop,genres=[]
movies_processed.csv,131678,missing_genres,drop,genres=[]
movies_processed.csv,131702,missing_genres,drop,genres=[]
movies_processed.csv,131708,missing_genres,drop,genres=[]
movies_processed.csv,131755,missing_genres,drop,genres=[]
movies_processed.csv,131763,missing_genres,drop,genres=[]
movies_processed.csv,131767,missing_genres,drop,genres=[]
movies_processed.csv,131771,missing_genres,drop,genres=[]
movies_processed.csv,131775,missing_genres,drop,genres=[]
movies_processed.csv,131777,missing_genres,drop,genres=[]
movies_processed.csv,131779,missing_genres,drop,genres=[]
movies_processed.csv,131792,missing_genres,drop,genres=[]
movies_processed.csv,131804,missing_genres,drop,genres=[]
movies_processed.csv,131808,missing_genres,drop,genres=[]
movies_processed.csv,131810,missing_genres,drop,genres=[]
movies_processed.csv,131838,missing_genres,drop,genres=[]
movies_processed.csv,131844,missing_genres,drop,genres=[]
movies_processed.csv,131846,missing_genres,drop,genres=[]
movies_processed.csv,131864,missing_genres,drop,genres=[]
movies_processed.csv,131876,missing_genres,drop,genres=[]
movies_processed.csv,131878,missing_genres,drop,genres=[]
movies_processed.csv,131898,missing_genres,drop,genres=[]
movies_processed.csv,131900,missing_genres,drop,genres=[]
movies_processed.csv,131916,missing_genres,drop,genres=[]
movies_processed.csv,131922,missing_genres,drop,genres=[]
movies_processed.csv,131952,missing_genres,drop,genres=[]
movies_processed.csv,131962,missing_genres,drop,genres=[]
movies_processed.csv,131968,missing_genres,drop,genres=[]
movies_processed.csv,131984,missing_genres,drop,genres=[]
movies_processed.csv,131990,missing_genres,drop,genres=[]
movies_processed.csv,131992,missing_genres,drop,genres=[]
movies_processed.csv,131996,missing_genres,drop,genres=[]
movies_processed.csv,132016,missing_genres,drop,genres=[]
movies_processed.csv,132034,missing_genres,drop,genres=[]
movies_processed.csv,132062,missing_genres,drop,genres=[]
movies_processed.csv,132070,missing_genres,drop,genres=[]
movies_processed.csv,132082,missing_genres,drop,genres=[]
movies_processed.csv,132084,missing_genres,drop,genres=[]
movies_processed.csv,132088,missing_genres,drop,genres=[]
movies_processed.csv,132098,missing_genres,drop,genres=[]
movies_processed.csv,132116,missing_genres,drop,genres=[]
movies_processed.csv,132126,missing_genres,drop,genres=[]
movies_processed.csv,132155,missing_genres,drop,genres=[]
movies_processed.csv,132171,missing_genres,drop,genres=[]
movies_processed.csv,132206,missing_genres,drop,genres=[]
movies_processed.csv,132226,missing_genres,drop,genres=[]
movies_processed.csv,132247,missing_genres,drop,genres=[]
movies_processed.csv,132264,missing_genres,drop,genres=[]
movies_processed.csv,132266,missing_genres,drop,genres=[]
movies_processed.csv,132282,missing_genres,drop,genres=[]
movies_processed.csv,132284,missing_genres,drop,genres=[]
movies_processed.csv,132288,missing_genres,drop,genres=[]
movies_processed.csv,132298,missing_genres,drop,genres=[]
movies_processed.csv,132305,missing_genres,drop,genres=[]
movies_processed.csv,132307,missing_genres,drop,genres=[]
movies_processed.csv,132311,missing_genres,drop,genres=[]
movies_processed.csv,132370,missing_genres,drop,genres=[]
movies_processed.csv,132379,missing_genres,drop,genres=[]
movies_processed.csv,132392,missing_genres,drop,genres=[]
movies_processed.csv,132394,missing_genres,drop,genres=[]
movies_processed.csv,132406,missing_genres,drop,genres=[]
movies_processed.csv,132438,missing_genres,drop,genres=[]
movies_processed.csv,132448,missing_genres,drop,genres=[]
movies_processed.csv,132516,missing_genres,drop,genres=[]
movies_processed.csv,132549,missing_genres,drop,genres=[]
movies_processed.csv,132573,missing_genres,drop,genres=[]
movies_processed.csv,132606,missing_genres,drop,genres=[]
movies_processed.csv,132622,missing_genres,drop,genres=[]
movies_processed.csv,132666,missing_genres,drop,genres=[]
movies_processed.csv,132699,missing_genres,drop,genres=[]
movies_processed.csv,132707,missing_genres,drop,genres=[]
movies_processed.csv,132713,missing_genres,drop,genres=[]
movies_processed.csv,132729,missing_genres,drop,genres=[]
movies_processed.csv,132731,missing_genres,drop,genres=[]
movies_processed.csv,132733,missing_genres,drop,genres=[]
movies_processed.csv,132760,missing_genres,drop,genres=[]
movies_processed.csv,132764,missing_genres,drop,genres=[]
movies_processed.csv,132766,missing_genres,drop,genres=[]
movies_processed.csv,132768,missing_genres,drop,genres=[]
movies_processed.csv,132774,missing_genres,drop,genres=[]
movies_processed.csv,132776,missing_genres,drop,genres=[]
movies_processed.csv,132784,missing_genres,drop,genres=[]
movies_processed.csv,132806,missing_genres,drop,genres=[]
movies_processed.csv,132810,missing_genres,drop,genres=[]
movies_processed.csv,132816,missing_genres,drop,genres=[]
movies_processed.csv,132834,missing_genres,drop,genres=[]
movies_processed.csv,132836,missing_genres,drop,genres=[]
movies_processed.csv,132850,missing_genres,drop,genres=[]
movies_processed.csv,132852,missing_genres,drop,genres=[]
movies_processed.csv,132860,missing_genres,drop,genres=[]
movies_processed.csv,132866,missing_genres,drop,genres=[]
movies_processed.csv,132868,missing_genres,drop,genres=[]
movies_processed.csv,132879,missing_genres,drop,genres=[]
movies_processed.csv,132886,missing_genres,drop,genres=[]
movies_processed.csv,132890,missing_genres,drop,genres=[]
movies_processed.csv,132892,missing_genres,drop,genres=[]
movies_processed.csv,132896,missing_genres,drop,genres=[]
movies_processed.csv,132932,missing_genres,drop,genres=[]
movies_processed.csv,132948,missing_genres,drop,genres=[]
movies_processed.csv,132952,missing_genres,drop,genres=[]
movies_processed.csv,132973,missing_genres,drop,genres=[]
movies_processed.csv,132981,missing_genres,drop,genres=[]
movies_processed.csv,133051,missing_genres,drop,genres=[]
movies_processed.csv,133053,missing_genres,drop,genres=[]
movies_processed.csv,133055,missing_genres,drop,genres=[]
movies_processed.csv,133057,missing_genres,drop,genres=[]
movies_processed.csv,133067,missing_genres,drop,genres=[]
movies_processed.csv,133073,missing_genres,drop,genres=[]
movies_processed.csv,133075,missing_genres,drop,genres=[]
movies_processed.csv,133081,missing_genres,drop,genres=[]
movies_processed.csv,133097,missing_genres,drop,genres=[]
movies_processed.csv,133105,missing_genres,drop,genres=[]
movies_processed.csv,133183,missing_genres,drop,genres=[]
movies_processed.csv,133197,missing_genres,drop,genres=[]
movies_processed.csv,133201,missing_genres,drop,genres=[]
movies_processed.csv,133211,missing_genres,drop,genres=[]
movies_processed.csv,133213,missing_genres,drop,genres=[]
movies_processed.csv,133229,missing_genres,drop,genres=[]
movies_processed.csv,133243,missing_genres,drop,genres=[]
movies_processed.csv,133264,missing_genres,drop,genres=[]
movies_processed.csv,133297,missing_genres,drop,genres=[]
movies_processed.csv,133299,missing_genres,drop,genres=[]
movies_processed.csv,133321,missing_genres,drop,genres=[]
movies_processed.csv,133341,missing_genres,drop,genres=[]
movies_processed.csv,133395,missing_genres,drop,genres=[]
movies_processed.csv,133409,missing_genres,drop,genres=[]
movies_processed.csv,133427,missing_genres,drop,genres=[]
movies_processed.csv,133433,missing_genres,drop,genres=[]
movies_processed.csv,133473,missing_genres,drop,genres=[]
movies_processed.csv,133475,missing_genres,drop,genres=[]
movies_processed.csv,133483,missing_genres,drop,genres=[]
movies_processed.csv,133493,missing_genres,drop,genres=[]
movies_processed.csv,133501,missing_genres,drop,genres=[]
movies_processed.csv,133509,missing_genres,drop,genres=[]
movies_processed.csv,133519,missing_genres,drop,genres=[]
movies_processed.csv,133525,missing_genres,drop,genres=[]
movies_processed.csv,133557,missing_genres,drop,genres=[]
movies_processed.csv,133565,missing_genres,drop,genres=[]
movies_processed.csv,133585,missing_genres,drop,genres=[]
movies_processed.csv,133598,missing_genres,drop,genres=[]
movies_processed.csv,133606,missing_genres,drop,genres=[]
movies_processed.csv,133616,missing_genres,drop,genres=[]
movies_processed.csv,133628,missing_genres,drop,genres=[]
movies_processed.csv,133630,missing_genres,drop,genres=[]
movies_processed.csv,133640,missing_genres,drop,genres=[]
movies_processed.csv,133669,missing_genres,drop,genres=[]
movies_processed.csv,133677,missing_genres,drop,genres=[]
movies_processed.csv,133701,missing_genres,drop,genres=[]
movies_processed.csv,133714,missing_genres,drop,genres=[]
movies_processed.csv,133718,missing_genres,drop,genres=[]
movies_processed.csv,133727,missing_genres,drop,genres=[]
movies_processed.csv,133743,missing_genres,drop,genres=[]
movies_processed.csv,133765,missing_genres,drop,genres=[]
movies_processed.csv,133828,missing_genres,drop,genres=[]
movies_processed.csv,133835,missing_genres,drop,genres=[]
movies_processed.csv,133849,missing_genres,drop,genres=[]
movies_processed.csv,133889,missing_genres,drop,genres=[]
movies_processed.csv,133900,missing_genres,drop,genres=[]
movies_processed.csv,133904,missing_genres,drop,genres=[]
movies_processed.csv,133943,missing_genres,drop,genres=[]
movies_processed.csv,133953,missing_genres,drop,genres=[]
movies_processed.csv,133966,missing_genres,drop,genres=[]
movies_processed.csv,133984,missing_genres,drop,genres=[]
movies_processed.csv,133992,missing_genres,drop,genres=[]
movies_processed.csv,134002,missing_genres,drop,genres=[]
movies_processed.csv,134009,missing_genres,drop,genres=[]
movies_processed.csv,134011,missing_genres,drop,genres=[]
movies_processed.csv,134025,missing_genres,drop,genres=[]
movies_processed.csv,134037,missing_genres,drop,genres=[]
movies_processed.csv,134053,missing_genres,drop,genres=[]
movies_processed.csv,134057,missing_genres,drop,genres=[]
movies_processed.csv,134063,missing_genres,drop,genres=[]
movies_processed.csv,134065,missing_genres,drop,genres=[]
movies_processed.csv,134075,missing_genres,drop,genres=[]
movies_processed.csv,134097,missing_genres,drop,genres=[]
movies_processed.csv,134107,missing_genres,drop,genres=[]
movies_processed.csv,134113,missing_genres,drop,genres=[]
movies_processed.csv,134136,missing_genres,drop,genres=[]
movies_processed.csv,134142,missing_genres,drop,genres=[]
movies_processed.csv,134192,missing_genres,drop,genres=[]
movies_processed.csv,134216,missing_genres,drop,genres=[]
movies_processed.csv,134220,missing_genres,drop,genres=[]
movies_processed.csv,134224,missing_genres,drop,genres=[]
movies_processed.csv,134240,missing_genres,drop,genres=[]
movies_processed.csv,134254,missing_genres,drop,genres=[]
movies_processed.csv,134256,missing_genres,drop,genres=[]
movies_processed.csv,134266,missing_genres,drop,genres=[]
movies_processed.csv,134280,missing_genres,drop,genres=[]
movies_processed.csv,134284,missing_genres,drop,genres=[]
movies_processed.csv,134294,missing_genres,drop,genres=[]
movies_processed.csv,134296,missing_genres,drop,genres=[]
movies_processed.csv,134312,missing_genres,drop,genres=[]
movies_processed.csv,134314,missing_genres,drop,genres=[]
movies_processed.csv,134328,missing_genres,drop,genres=[]
movies_processed.csv,134330,missing_genres,drop,genres=[]
movies_processed.csv,134340,missing_genres,drop,genres=[]
movies_processed.csv,134346,missing_genres,drop,genres=[]
movies_processed.csv,134356,missing_genres,drop,genres=[]
movies_processed.csv,134405,missing_genres,drop,genres=[]
movies_processed.csv,134407,missing_genres,drop,genres=[]
movies_processed.csv,134411,missing_genres,drop,genres=[]
movies_processed.csv,134413,missing_genres,drop,genres=[]
movies_processed.csv,134415,missing_genres,drop,genres=[]
movies_processed.csv,134425,missing_genres,drop,genres=[]
movies_processed.csv,134429,missing_genres,drop,genres=[]
movies_processed.csv,134433,missing_genres,drop,genres=[]
movies_processed.csv,134457,missing_genres,drop,genres=[]
movies_processed.csv,134461,missing_genres,drop,genres=[]
movies_processed.csv,134475,missing_genres,drop,genres=[]
movies_processed.csv,134477,missing_genres,drop,genres=[]
movies_processed.csv,134485,missing_genres,drop,genres=[]
movies_processed.csv,134491,missing_genres,drop,genres=[]
movies_processed.csv,134493,missing_genres,drop,genres=[]
movies_processed.csv,134495,missing_genres,drop,genres=[]
movies_processed.csv,134497,missing_genres,drop,genres=[]
movies_processed.csv,134501,missing_genres,drop,genres=[]
movies_processed.csv,134503,missing_genres,drop,genres=[]
movies_processed.csv,134507,missing_genres,drop,genres=[]
movies_processed.csv,134542,missing_genres,drop,genres=[]
movies_processed.csv,134571,missing_genres,drop,genres=[]
movies_processed.csv,134591,missing_genres,drop,genres=[]
movies_processed.csv,134595,missing_genres,drop,genres=[]
movies_processed.csv,134627,missing_genres,drop,genres=[]
movies_processed.csv,134655,missing_genres,drop,genres=[]
movies_processed.csv,134761,missing_genres,drop,genres=[]
movies_processed.csv,134810,missing_genres,drop,genres=[]
movies_processed.csv,134817,missing_genres,drop,genres=[]
movies_processed.csv,134835,missing_genres,drop,genres=[]
movies_processed.csv,134840,missing_genres,drop,genres=[]
movies_processed.csv,134857,missing_genres,drop,genres=[]
movies_processed.csv,134861,missing_genres,drop,genres=[]
movies_processed.csv,134896,missing_genres,drop,genres=[]
movies_processed.csv,134898,missing_genres,drop,genres=[]
movies_processed.csv,134906,missing_genres,drop,genres=[]
movies_processed.csv,134908,missing_genres,drop,genres=[]
movies_processed.csv,134910,missing_genres,drop,genres=[]
movies_processed.csv,134929,missing_genres,drop,genres=[]
movies_processed.csv,134931,missing_genres,drop,genres=[]
movies_processed.csv,134965,missing_genres,drop,genres=[]
movies_processed.csv,134967,missing_genres,drop,genres=[]
movies_processed.csv,134969,missing_genres,drop,genres=[]
movies_processed.csv,134973,missing_genres,drop,genres=[]
movies_processed.csv,134981,missing_genres,drop,genres=[]
movies_processed.csv,134997,missing_genres,drop,genres=[]
movies_processed.csv,135005,missing_genres,drop,genres=[]
movies_processed.csv,135009,missing_genres,drop,genres=[]
movies_processed.csv,135017,missing_genres,drop,genres=[]
movies_processed.csv,135037,missing_genres,drop,genres=[]
movies_processed.csv,135039,missing_genres,drop,genres=[]
movies_processed.csv,135049,missing_genres,drop,genres=[]
movies_processed.csv,135057,missing_genres,drop,genres=[]
movies_processed.csv,135061,missing_genres,drop,genres=[]
movies_processed.csv,135065,missing_genres,drop,genres=[]
movies_processed.csv,135073,missing_genres,drop,genres=[]
movies_processed.csv,135077,missing_genres,drop,genres=[]
movies_processed.csv,135079,missing_genres,drop,genres=[]
movies_processed.csv,135083,missing_genres,drop,genres=[]
movies_processed.csv,135087,missing_genres,drop,genres=[]
movies_processed.csv,135105,missing_genres,drop,genres=[]
movies_processed.csv,135125,missing_genres,drop,genres=[]
movies_processed.csv,135129,missing_genres,drop,genres=[]
movies_processed.csv,135196,missing_genres,drop,genres=[]
movies_processed.csv,135202,missing_genres,drop,genres=[]
movies_processed.csv,135224,missing_genres,drop,genres=[]
movies_processed.csv,135254,missing_genres,drop,genres=[]
movies_processed.csv,135276,missing_genres,drop,genres=[]
movies_processed.csv,135300,missing_genres,drop,genres=[]
movies_processed.csv,135310,missing_genres,drop,genres=[]
movies_processed.csv,135336,missing_genres,drop,genres=[]
movies_processed.csv,135352,missing_genres,drop,genres=[]
movies_processed.csv,135354,missing_genres,drop,genres=[]
movies_processed.csv,135362,missing_genres,drop,genres=[]
movies_processed.csv,135370,missing_genres,drop,genres=[]
movies_processed.csv,135386,missing_genres,drop,genres=[]
movies_processed.csv,135392,missing_genres,drop,genres=[]
movies_processed.csv,135400,missing_genres,drop,genres=[]
movies_processed.csv,135414,missing_genres,drop,genres=[]
movies_processed.csv,135416,missing_genres,drop,genres=[]
movies_processed.csv,135426,missing_genres,drop,genres=[]
movies_processed.csv,135460,missing_genres,drop,genres=[]
movies_processed.csv,135488,missing_genres,drop,genres=[]
movies_processed.csv,135492,missing_genres,drop,genres=[]
movies_processed.csv,135539,missing_genres,drop,genres=[]
movies_processed.csv,135561,missing_genres,drop,genres=[]
movies_processed.csv,135573,missing_genres,drop,genres=[]
movies_processed.csv,135575,missing_genres,drop,genres=[]
movies_processed.csv,135581,missing_genres,drop,genres=[]
movies_processed.csv,135583,missing_genres,drop,genres=[]
movies_processed.csv,135611,missing_genres,drop,genres=[]
movies_processed.csv,135641,missing_genres,drop,genres=[]
movies_processed.csv,135643,missing_genres,drop,genres=[]
movies_processed.csv,135645,missing_genres,drop,genres=[]
movies_processed.csv,135663,missing_genres,drop,genres=[]
movies_processed.csv,135667,missing_genres,drop,genres=[]
movies_processed.csv,135691,missing_genres,drop,genres=[]
movies_processed.csv,135721,missing_genres,drop,genres=[]
movies_processed.csv,135731,missing_genres,drop,genres=[]
movies_processed.csv,135733,missing_genres,drop,genres=[]
movies_processed.csv,135737,missing_genres,drop,genres=[]
movies_processed.csv,135771,missing_genres,drop,genres=[]
movies_processed.csv,135773,missing_genres,drop,genres=[]
movies_processed.csv,135775,missing_genres,drop,genres=[]
movies_processed.csv,135783,missing_genres,drop,genres=[]
movies_processed.csv,135799,missing_genres,drop,genres=[]
movies_processed.csv,135819,missing_genres,drop,genres=[]
movies_processed.csv,135821,missing_genres,drop,genres=[]
movies_processed.csv,135869,missing_genres,drop,genres=[]
movies_processed.csv,135883,missing_genres,drop,genres=[]
movies_processed.csv,135891,missing_genres,drop,genres=[]
movies_processed.csv,135895,missing_genres,drop,genres=[]
movies_processed.csv,135911,missing_genres,drop,genres=[]
movies_processed.csv,135917,missing_genres,drop,genres=[]
movies_processed.csv,135921,missing_genres,drop,genres=[]
movies_processed.csv,135935,missing_genres,drop,genres=[]
movies_processed.csv,136028,missing_genres,drop,genres=[]
movies_processed.csv,136042,missing_genres,drop,genres=[]
movies_processed.csv,136044,missing_genres,drop,genres=[]
movies_processed.csv,136056,missing_genres,drop,genres=[]
movies_processed.csv,136064,missing_genres,drop,genres=[]
movies_processed.csv,136074,missing_genres,drop,genres=[]
movies_processed.csv,136082,missing_genres,drop,genres=[]
movies_processed.csv,136090,missing_genres,drop,genres=[]
movies_processed.csv,136102,missing_genres,drop,genres=[]
movies_processed.csv,136104,missing_genres,drop,genres=[]
movies_processed.csv,136106,missing_genres,drop,genres=[]
movies_processed.csv,136108,missing_genres,drop,genres=[]
movies_processed.csv,136116,missing_genres,drop,genres=[]
movies_processed.csv,136128,missing_genres,drop,genres=[]
movies_processed.csv,136148,missing_genres,drop,genres=[]
movies_processed.csv,136172,missing_genres,drop,genres=[]
movies_processed.csv,136186,missing_genres,drop,genres=[]
movies_processed.csv,136206,missing_genres,drop,genres=[]
movies_processed.csv,136241,missing_genres,drop,genres=[]
movies_processed.csv,136275,missing_genres,drop,genres=[]
movies_processed.csv,136277,missing_genres,drop,genres=[]
movies_processed.csv,136283,missing_genres,drop,genres=[]
movies_processed.csv,136285,missing_genres,drop,genres=[]
movies_processed.csv,136287,missing_genres,drop,genres=[]
movies_processed.csv,136311,missing_genres,drop,genres=[]
movies_processed.csv,136371,missing_genres,drop,genres=[]
movies_processed.csv,136375,missing_genres,drop,genres=[]
movies_processed.csv,136381,missing_genres,drop,genres=[]
movies_processed.csv,136385,missing_genres,drop,genres=[]
movies_processed.csv,136395,missing_genres,drop,genres=[]
movies_processed.csv,136401,missing_genres,drop,genres=[]
movies_processed.csv,136411,missing_genres,drop,genres=[]
movies_processed.csv,136415,missing_genres,drop,genres=[]
movies_processed.csv,136421,missing_genres,drop,genres=[]
movies_processed.csv,136453,missing_genres,drop,genres=[]
movies_processed.csv,136481,missing_genres,drop,genres=[]
movies_processed.csv,136524,missing_genres,drop,genres=[]
movies_processed.csv,136526,missing_genres,drop,genres=[]
movies_processed.csv,136560,missing_genres,drop,genres=[]
movies_processed.csv,136566,missing_genres,drop,genres=[]
movies_processed.csv,136570,missing_genres,drop,genres=[]
movies_processed.csv,136590,missing_genres,drop,genres=[]
movies_processed.csv,136592,missing_genres,drop,genres=[]
movies_processed.csv,136606,missing_genres,drop,genres=[]
movies_processed.csv,136610,missing_genres,drop,genres=[]
movies_processed.csv,136630,missing_genres,drop,genres=[]
movies_processed.csv,136706,missing_genres,drop,genres=[]
movies_processed.csv,136710,missing_genres,drop,genres=[]
movies_processed.csv,136736,missing_genres,drop,genres=[]
movies_processed.csv,136742,missing_genres,drop,genres=[]
movies_processed.csv,136746,missing_genres,drop,genres=[]
movies_processed.csv,136770,missing_genres,drop,genres=[]
movies_processed.csv,136772,missing_genres,drop,genres=[]
movies_processed.csv,136774,missing_genres,drop,genres=[]
movies_processed.csv,136824,missing_genres,drop,genres=[]
movies_processed.csv,136832,missing_genres,drop,genres=[]
movies_processed.csv,136836,missing_genres,drop,genres=[]
movies_processed.csv,136842,missing_genres,drop,genres=[]
movies_processed.csv,136844,missing_genres,drop,genres=[]
movies_processed.csv,136866,missing_genres,drop,genres=[]
movies_processed.csv,136872,missing_genres,drop,genres=[]
movies_processed.csv,136874,missing_genres,drop,genres=[]
movies_processed.csv,136876,missing_genres,drop,genres=[]
movies_processed.csv,136878,missing_genres,drop,genres=[]
movies_processed.csv,136880,missing_genres,drop,genres=[]
movies_processed.csv,136886,missing_genres,drop,genres=[]
movies_processed.csv,136966,missing_genres,drop,genres=[]
movies_processed.csv,136970,missing_genres,drop,genres=[]
movies_processed.csv,136992,missing_genres,drop,genres=[]
movies_processed.csv,136994,missing_genres,drop,genres=[]
movies_processed.csv,137004,missing_genres,drop,genres=[]
movies_processed.csv,137030,missing_genres,drop,genres=[]
movies_processed.csv,137034,missing_genres,drop,genres=[]
movies_processed.csv,137056,missing_genres,drop,genres=[]
movies_processed.csv,137058,missing_genres,drop,genres=[]
movies_processed.csv,137082,missing_genres,drop,genres=[]
movies_processed.csv,137084,missing_genres,drop,genres=[]
movies_processed.csv,137104,missing_genres,drop,genres=[]
movies_processed.csv,137120,missing_genres,drop,genres=[]
movies_processed.csv,137130,missing_genres,drop,genres=[]
movies_processed.csv,137140,missing_genres,drop,genres=[]
movies_processed.csv,137148,missing_genres,drop,genres=[]
movies_processed.csv,137158,missing_genres,drop,genres=[]
movies_processed.csv,137162,missing_genres,drop,genres=[]
movies_processed.csv,137166,missing_genres,drop,genres=[]
movies_processed.csv,137180,missing_genres,drop,genres=[]
movies_processed.csv,137188,missing_genres,drop,genres=[]
movies_processed.csv,137222,missing_genres,drop,genres=[]
movies_processed.csv,137240,missing_genres,drop,genres=[]
movies_processed.csv,137242,missing_genres,drop,genres=[]
movies_processed.csv,137244,missing_genres,drop,genres=[]
movies_processed.csv,137270,missing_genres,drop,genres=[]
movies_processed.csv,137276,missing_genres,drop,genres=[]
movies_processed.csv,137284,missing_genres,drop,genres=[]
movies_processed.csv,137292,missing_genres,drop,genres=[]
movies_processed.csv,137296,missing_genres,drop,genres=[]
movies_processed.csv,137303,missing_genres,drop,genres=[]
movies_processed.csv,137313,missing_genres,drop,genres=[]
movies_processed.csv,137329,missing_genres,drop,genres=[]
movies_processed.csv,137333,missing_genres,drop,genres=[]
movies_processed.csv,137335,missing_genres,drop,genres=[]
movies_processed.csv,137361,missing_genres,drop,genres=[]
movies_processed.csv,137369,missing_genres,drop,genres=[]
movies_processed.csv,137375,missing_genres,drop,genres=[]
movies_processed.csv,137419,missing_genres,drop,genres=[]
movies_processed.csv,137437,missing_genres,drop,genres=[]
movies_processed.csv,137451,missing_genres,drop,genres=[]
movies_processed.csv,137453,missing_genres,drop,genres=[]
movies_processed.csv,137467,missing_genres,drop,genres=[]
movies_processed.csv,137482,missing_genres,drop,genres=[]
movies_processed.csv,137488,missing_genres,drop,genres=[]
movies_processed.csv,137496,missing_genres,drop,genres=[]
movies_processed.csv,137572,missing_genres,drop,genres=[]
movies_processed.csv,137574,missing_genres,drop,genres=[]
movies_processed.csv,137576,missing_genres,drop,genres=[]
movies_processed.csv,137579,missing_genres,drop,genres=[]
movies_processed.csv,137583,missing_genres,drop,genres=[]
movies_processed.csv,137585,missing_genres,drop,genres=[]
movies_processed.csv,137587,missing_genres,drop,genres=[]
movies_processed.csv,137589,missing_genres,drop,genres=[]
movies_processed.csv,137591,missing_genres,drop,genres=[]
movies_processed.csv,137622,missing_genres,drop,genres=[]
movies_processed.csv,137624,missing_genres,drop,genres=[]
movies_processed.csv,137644,missing_genres,drop,genres=[]
movies_processed.csv,137648,missing_genres,drop,genres=[]
movies_processed.csv,137660,missing_genres,drop,genres=[]
movies_processed.csv,137662,missing_genres,drop,genres=[]
movies_processed.csv,137666,missing_genres,drop,genres=[]
movies_processed.csv,137678,missing_genres,drop,genres=[]
movies_processed.csv,137686,missing_genres,drop,genres=[]
movies_processed.csv,137698,missing_genres,drop,genres=[]
movies_processed.csv,137725,missing_genres,drop,genres=[]
movies_processed.csv,137731,missing_genres,drop,genres=[]
movies_processed.csv,137741,missing_genres,drop,genres=[]
movies_processed.csv,137769,missing_genres,drop,genres=[]
movies_processed.csv,137771,missing_genres,drop,genres=[]
movies_processed.csv,137791,missing_genres,drop,genres=[]
movies_processed.csv,137803,missing_genres,drop,genres=[]
movies_processed.csv,137805,missing_genres,drop,genres=[]
movies_processed.csv,137829,missing_genres,drop,genres=[]
movies_processed.csv,137833,missing_genres,drop,genres=[]
movies_processed.csv,137845,missing_genres,drop,genres=[]
movies_processed.csv,137851,missing_genres,drop,genres=[]
movies_processed.csv,137855,missing_genres,drop,genres=[]
movies_processed.csv,137873,missing_genres,drop,genres=[]
movies_processed.csv,137875,missing_genres,drop,genres=[]
movies_processed.csv,137887,missing_genres,drop,genres=[]
movies_processed.csv,137893,missing_genres,drop,genres=[]
movies_processed.csv,137920,missing_genres,drop,genres=[]
movies_processed.csv,137934,missing_genres,drop,genres=[]
movies_processed.csv,137940,missing_genres,drop,genres=[]
movies_processed.csv,137954,missing_genres,drop,genres=[]
movies_processed.csv,137956,missing_genres,drop,genres=[]
movies_processed.csv,137962,missing_genres,drop,genres=[]
movies_processed.csv,137966,missing_genres,drop,genres=[]
movies_processed.csv,137972,missing_genres,drop,genres=[]
movies_processed.csv,137984,missing_genres,drop,genres=[]
movies_processed.csv,137990,missing_genres,drop,genres=[]
movies_processed.csv,137994,missing_genres,drop,genres=[]
movies_processed.csv,138008,missing_genres,drop,genres=[]
movies_processed.csv,138024,missing_genres,drop,genres=[]
movies_processed.csv,138026,missing_genres,drop,genres=[]
movies_processed.csv,138042,missing_genres,drop,genres=[]
movies_processed.csv,138058,missing_genres,drop,genres=[]
movies_processed.csv,138098,missing_genres,drop,genres=[]
movies_processed.csv,138114,missing_genres,drop,genres=[]
movies_processed.csv,138120,missing_genres,drop,genres=[]
movies_processed.csv,138140,missing_genres,drop,genres=[]
movies_processed.csv,138180,missing_genres,drop,genres=[]
movies_processed.csv,138188,missing_genres,drop,genres=[]
movies_processed.csv,138192,missing_genres,drop,genres=[]
movies_processed.csv,138196,missing_genres,drop,genres=[]
movies_processed.csv,138198,missing_genres,drop,genres=[]
movies_processed.csv,138212,missing_genres,drop,genres=[]
movies_processed.csv,138218,missing_genres,drop,genres=[]
movies_processed.csv,138228,missing_genres,drop,genres=[]
movies_processed.csv,138266,missing_genres,drop,genres=[]
movies_processed.csv,138294,missing_genres,drop,genres=[]
movies_processed.csv,138296,missing_genres,drop,genres=[]
movies_processed.csv,138310,missing_genres,drop,genres=[]
movies_processed.csv,138314,missing_genres,drop,genres=[]
movies_processed.csv,138316,missing_genres,drop,genres=[]
movies_processed.csv,138322,missing_genres,drop,genres=[]
movies_processed.csv,138324,missing_genres,drop,genres=[]
movies_processed.csv,138332,missing_genres,drop,genres=[]
movies_processed.csv,138340,missing_genres,drop,genres=[]
movies_processed.csv,138348,missing_genres,drop,genres=[]
movies_processed.csv,138354,missing_genres,drop,genres=[]
movies_processed.csv,138358,missing_genres,drop,genres=[]
movies_processed.csv,138382,missing_genres,drop,genres=[]
movies_processed.csv,138386,missing_genres,drop,genres=[]
movies_processed.csv,138398,missing_genres,drop,genres=[]
movies_processed.csv,138442,missing_genres,drop,genres=[]
movies_processed.csv,138452,missing_genres,drop,genres=[]
movies_processed.csv,138456,missing_genres,drop,genres=[]
movies_processed.csv,138464,missing_genres,drop,genres=[]
movies_processed.csv,138470,missing_genres,drop,genres=[]
movies_processed.csv,138474,missing_genres,drop,genres=[]
movies_processed.csv,138484,missing_genres,drop,genres=[]
movies_processed.csv,138502,missing_genres,drop,genres=[]
movies_processed.csv,138518,missing_genres,drop,genres=[]
movies_processed.csv,138542,missing_genres,drop,genres=[]
movies_processed.csv,138656,missing_genres,drop,genres=[]
movies_processed.csv,138719,missing_genres,drop,genres=[]
movies_processed.csv,138730,missing_genres,drop,genres=[]
movies_processed.csv,138734,missing_genres,drop,genres=[]
movies_processed.csv,138738,missing_genres,drop,genres=[]
movies_processed.csv,138740,missing_genres,drop,genres=[]
movies_processed.csv,138776,missing_genres,drop,genres=[]
movies_processed.csv,138782,missing_genres,drop,genres=[]
movies_processed.csv,138802,missing_genres,drop,genres=[]
movies_processed.csv,138848,missing_genres,drop,genres=[]
movies_processed.csv,138863,missing_genres,drop,genres=[]
movies_processed.csv,138885,missing_genres,drop,genres=[]
movies_processed.csv,138894,missing_genres,drop,genres=[]
movies_processed.csv,138954,missing_genres,drop,genres=[]
movies_processed.csv,138988,missing_genres,drop,genres=[]
movies_processed.csv,138990,missing_genres,drop,genres=[]
movies_processed.csv,138998,missing_genres,drop,genres=[]
movies_processed.csv,139000,missing_genres,drop,genres=[]
movies_processed.csv,139002,missing_genres,drop,genres=[]
movies_processed.csv,139044,missing_genres,drop,genres=[]
movies_processed.csv,139050,missing_genres,drop,genres=[]
movies_processed.csv,139076,missing_genres,drop,genres=[]
movies_processed.csv,139078,missing_genres,drop,genres=[]
movies_processed.csv,139104,missing_genres,drop,genres=[]
movies_processed.csv,139112,missing_genres,drop,genres=[]
movies_processed.csv,139122,missing_genres,drop,genres=[]
movies_processed.csv,139126,missing_genres,drop,genres=[]
movies_processed.csv,139142,missing_genres,drop,genres=[]
movies_processed.csv,139148,missing_genres,drop,genres=[]
movies_processed.csv,139175,missing_genres,drop,genres=[]
movies_processed.csv,139177,missing_genres,drop,genres=[]
movies_processed.csv,139189,missing_genres,drop,genres=[]
movies_processed.csv,139191,missing_genres,drop,genres=[]
movies_processed.csv,139197,missing_genres,drop,genres=[]
movies_processed.csv,139199,missing_genres,drop,genres=[]
movies_processed.csv,139203,missing_genres,drop,genres=[]
movies_processed.csv,139251,missing_genres,drop,genres=[]
movies_processed.csv,139273,missing_genres,drop,genres=[]
movies_processed.csv,139291,missing_genres,drop,genres=[]
movies_processed.csv,139301,missing_genres,drop,genres=[]
movies_processed.csv,139335,missing_genres,drop,genres=[]
movies_processed.csv,139349,missing_genres,drop,genres=[]
movies_processed.csv,139375,missing_genres,drop,genres=[]
movies_processed.csv,139401,missing_genres,drop,genres=[]
movies_processed.csv,139407,missing_genres,drop,genres=[]
movies_processed.csv,139423,missing_genres,drop,genres=[]
movies_processed.csv,139459,missing_genres,drop,genres=[]
movies_processed.csv,139477,missing_genres,drop,genres=[]
movies_processed.csv,139499,missing_genres,drop,genres=[]
movies_processed.csv,139545,missing_genres,drop,genres=[]
movies_processed.csv,139547,missing_genres,drop,genres=[]
movies_processed.csv,139563,missing_genres,drop,genres=[]
movies_processed.csv,139565,missing_genres,drop,genres=[]
movies_processed.csv,139569,missing_genres,drop,genres=[]
movies_processed.csv,139592,missing_genres,drop,genres=[]
movies_processed.csv,139596,missing_genres,drop,genres=[]
movies_processed.csv,139618,missing_genres,drop,genres=[]
movies_processed.csv,139651,missing_genres,drop,genres=[]
movies_processed.csv,139665,missing_genres,drop,genres=[]
movies_processed.csv,139669,missing_genres,drop,genres=[]
movies_processed.csv,139677,missing_genres,drop,genres=[]
movies_processed.csv,139683,missing_genres,drop,genres=[]
movies_processed.csv,139693,missing_genres,drop,genres=[]
movies_processed.csv,139699,missing_genres,drop,genres=[]
movies_processed.csv,139735,missing_genres,drop,genres=[]
movies_processed.csv,139737,missing_genres,drop,genres=[]
movies_processed.csv,139763,missing_genres,drop,genres=[]
movies_processed.csv,139765,missing_genres,drop,genres=[]
movies_processed.csv,139793,missing_genres,drop,genres=[]
movies_processed.csv,139845,missing_genres,drop,genres=[]
movies_processed.csv,139847,missing_genres,drop,genres=[]
movies_processed.csv,139849,missing_genres,drop,genres=[]
movies_processed.csv,139851,missing_genres,drop,genres=[]
movies_processed.csv,139853,missing_genres,drop,genres=[]
movies_processed.csv,139867,missing_genres,drop,genres=[]
movies_processed.csv,139877,missing_genres,drop,genres=[]
movies_processed.csv,139928,missing_genres,drop,genres=[]
movies_processed.csv,139940,missing_genres,drop,genres=[]
movies_processed.csv,139958,missing_genres,drop,genres=[]
movies_processed.csv,139968,missing_genres,drop,genres=[]
movies_processed.csv,139978,missing_genres,drop,genres=[]
movies_processed.csv,139986,missing_genres,drop,genres=[]
movies_processed.csv,139992,missing_genres,drop,genres=[]
movies_processed.csv,140002,missing_genres,drop,genres=[]
movies_processed.csv,140004,missing_genres,drop,genres=[]
movies_processed.csv,140006,missing_genres,drop,genres=[]
movies_processed.csv,140018,missing_genres,drop,genres=[]
movies_processed.csv,140026,missing_genres,drop,genres=[]
movies_processed.csv,140032,missing_genres,drop,genres=[]
movies_processed.csv,140046,missing_genres,drop,genres=[]
movies_processed.csv,140048,missing_genres,drop,genres=[]
movies_processed.csv,140070,missing_genres,drop,genres=[]
movies_processed.csv,140121,missing_genres,drop,genres=[]
movies_processed.csv,140129,missing_genres,drop,genres=[]
movies_processed.csv,140142,missing_genres,drop,genres=[]
movies_processed.csv,140144,missing_genres,drop,genres=[]
movies_processed.csv,140164,missing_genres,drop,genres=[]
movies_processed.csv,140166,missing_genres,drop,genres=[]
movies_processed.csv,140192,missing_genres,drop,genres=[]
movies_processed.csv,140200,missing_genres,drop,genres=[]
movies_processed.csv,140206,missing_genres,drop,genres=[]
movies_processed.csv,140233,missing_genres,drop,genres=[]
movies_processed.csv,140327,missing_genres,drop,genres=[]
movies_processed.csv,140335,missing_genres,drop,genres=[]
movies_processed.csv,140363,missing_genres,drop,genres=[]
movies_processed.csv,140375,missing_genres,drop,genres=[]
movies_processed.csv,140379,missing_genres,drop,genres=[]
movies_processed.csv,140387,missing_genres,drop,genres=[]
movies_processed.csv,140389,missing_genres,drop,genres=[]
movies_processed.csv,140399,missing_genres,drop,genres=[]
movies_processed.csv,140427,missing_genres,drop,genres=[]
movies_processed.csv,140431,missing_genres,drop,genres=[]
movies_processed.csv,140443,missing_genres,drop,genres=[]
movies_processed.csv,140455,missing_genres,drop,genres=[]
movies_processed.csv,140461,missing_genres,drop,genres=[]
movies_processed.csv,140465,missing_genres,drop,genres=[]
movies_processed.csv,140467,missing_genres,drop,genres=[]
movies_processed.csv,140471,missing_genres,drop,genres=[]
movies_processed.csv,140479,missing_genres,drop,genres=[]
movies_processed.csv,140487,missing_genres,drop,genres=[]
movies_processed.csv,140509,missing_genres,drop,genres=[]
movies_processed.csv,140531,missing_genres,drop,genres=[]
movies_processed.csv,140545,missing_genres,drop,genres=[]
movies_processed.csv,140549,missing_genres,drop,genres=[]
movies_processed.csv,140577,missing_genres,drop,genres=[]
movies_processed.csv,140587,missing_genres,drop,genres=[]
movies_processed.csv,140593,missing_genres,drop,genres=[]
movies_processed.csv,140597,missing_genres,drop,genres=[]
movies_processed.csv,140605,missing_genres,drop,genres=[]
movies_processed.csv,140615,missing_genres,drop,genres=[]
movies_processed.csv,140623,missing_genres,drop,genres=[]
movies_processed.csv,140639,missing_genres,drop,genres=[]
movies_processed.csv,140667,missing_genres,drop,genres=[]
movies_processed.csv,140685,missing_genres,drop,genres=[]
movies_processed.csv,140695,missing_genres,drop,genres=[]
movies_processed.csv,140697,missing_genres,drop,genres=[]
movies_processed.csv,140703,missing_genres,drop,genres=[]
movies_processed.csv,140731,missing_genres,drop,genres=[]
movies_processed.csv,140753,missing_genres,drop,genres=[]
movies_processed.csv,140763,missing_genres,drop,genres=[]
movies_processed.csv,140765,missing_genres,drop,genres=[]
movies_processed.csv,140775,missing_genres,drop,genres=[]
movies_processed.csv,140781,missing_genres,drop,genres=[]
movies_processed.csv,140874,missing_genres,drop,genres=[]
movies_processed.csv,140902,missing_genres,drop,genres=[]
movies_processed.csv,140920,missing_genres,drop,genres=[]
movies_processed.csv,140950,missing_genres,drop,genres=[]
movies_processed.csv,140964,missing_genres,drop,genres=[]
movies_processed.csv,140988,missing_genres,drop,genres=[]
movies_processed.csv,140994,missing_genres,drop,genres=[]
movies_processed.csv,141014,missing_genres,drop,genres=[]
movies_processed.csv,141020,missing_genres,drop,genres=[]
movies_processed.csv,141042,missing_genres,drop,genres=[]
movies_processed.csv,141048,missing_genres,drop,genres=[]
movies_processed.csv,141068,missing_genres,drop,genres=[]
movies_processed.csv,141090,missing_genres,drop,genres=[]
movies_processed.csv,141096,missing_genres,drop,genres=[]
movies_processed.csv,141118,missing_genres,drop,genres=[]
movies_processed.csv,141131,missing_genres,drop,genres=[]
movies_processed.csv,141162,missing_genres,drop,genres=[]
movies_processed.csv,141170,missing_genres,drop,genres=[]
movies_processed.csv,141207,missing_genres,drop,genres=[]
movies_processed.csv,141292,missing_genres,drop,genres=[]
movies_processed.csv,141297,missing_genres,drop,genres=[]
movies_processed.csv,141301,missing_genres,drop,genres=[]
movies_processed.csv,141305,missing_genres,drop,genres=[]
movies_processed.csv,141323,missing_genres,drop,genres=[]
movies_processed.csv,141343,missing_genres,drop,genres=[]
movies_processed.csv,141351,missing_genres,drop,genres=[]
movies_processed.csv,141355,missing_genres,drop,genres=[]
movies_processed.csv,141377,missing_genres,drop,genres=[]
movies_processed.csv,141379,missing_genres,drop,genres=[]
movies_processed.csv,141381,missing_genres,drop,genres=[]
movies_processed.csv,141387,missing_genres,drop,genres=[]
movies_processed.csv,141389,missing_genres,drop,genres=[]
movies_processed.csv,141406,missing_genres,drop,genres=[]
movies_processed.csv,141436,missing_genres,drop,genres=[]
movies_processed.csv,141442,missing_genres,drop,genres=[]
movies_processed.csv,141444,missing_genres,drop,genres=[]
movies_processed.csv,141458,missing_genres,drop,genres=[]
movies_processed.csv,141466,missing_genres,drop,genres=[]
movies_processed.csv,141470,missing_genres,drop,genres=[]
movies_processed.csv,141472,missing_genres,drop,genres=[]
movies_processed.csv,141489,missing_genres,drop,genres=[]
movies_processed.csv,141507,missing_genres,drop,genres=[]
movies_processed.csv,141532,missing_genres,drop,genres=[]
movies_processed.csv,141558,missing_genres,drop,genres=[]
movies_processed.csv,141580,missing_genres,drop,genres=[]
movies_processed.csv,141598,missing_genres,drop,genres=[]
movies_processed.csv,141612,missing_genres,drop,genres=[]
movies_processed.csv,141638,missing_genres,drop,genres=[]
movies_processed.csv,141654,missing_genres,drop,genres=[]
movies_processed.csv,141664,missing_genres,drop,genres=[]
movies_processed.csv,141674,missing_genres,drop,genres=[]
movies_processed.csv,141682,missing_genres,drop,genres=[]
movies_processed.csv,141696,missing_genres,drop,genres=[]
movies_processed.csv,141745,missing_genres,drop,genres=[]
movies_processed.csv,141747,missing_genres,drop,genres=[]
movies_processed.csv,141765,missing_genres,drop,genres=[]
movies_processed.csv,141779,missing_genres,drop,genres=[]
movies_processed.csv,141858,missing_genres,drop,genres=[]
movies_processed.csv,141866,missing_genres,drop,genres=[]
movies_processed.csv,141872,missing_genres,drop,genres=[]
movies_processed.csv,141882,missing_genres,drop,genres=[]
movies_processed.csv,141894,missing_genres,drop,genres=[]
movies_processed.csv,141900,missing_genres,drop,genres=[]
movies_processed.csv,141936,missing_genres,drop,genres=[]
movies_processed.csv,141940,missing_genres,drop,genres=[]
movies_processed.csv,141948,missing_genres,drop,genres=[]
movies_processed.csv,141990,missing_genres,drop,genres=[]
movies_processed.csv,142000,missing_genres,drop,genres=[]
movies_processed.csv,142002,missing_genres,drop,genres=[]
movies_processed.csv,142034,missing_genres,drop,genres=[]
movies_processed.csv,142038,missing_genres,drop,genres=[]
movies_processed.csv,142042,missing_genres,drop,genres=[]
movies_processed.csv,142046,missing_genres,drop,genres=[]
movies_processed.csv,142098,missing_genres,drop,genres=[]
movies_processed.csv,142128,missing_genres,drop,genres=[]
movies_processed.csv,142142,missing_genres,drop,genres=[]
movies_processed.csv,142144,missing_genres,drop,genres=[]
movies_processed.csv,142214,missing_genres,drop,genres=[]
movies_processed.csv,142308,missing_genres,drop,genres=[]
movies_processed.csv,142378,missing_genres,drop,genres=[]
movies_processed.csv,142394,missing_genres,drop,genres=[]
movies_processed.csv,142400,missing_genres,drop,genres=[]
movies_processed.csv,142432,missing_genres,drop,genres=[]
movies_processed.csv,142434,missing_genres,drop,genres=[]
movies_processed.csv,142456,missing_genres,drop,genres=[]
movies_processed.csv,142460,missing_genres,drop,genres=[]
movies_processed.csv,142464,missing_genres,drop,genres=[]
movies_processed.csv,142490,missing_genres,drop,genres=[]
movies_processed.csv,142494,missing_genres,drop,genres=[]
movies_processed.csv,142496,missing_genres,drop,genres=[]
movies_processed.csv,142517,missing_genres,drop,genres=[]
movies_processed.csv,142544,missing_genres,drop,genres=[]
movies_processed.csv,142548,missing_genres,drop,genres=[]
movies_processed.csv,142556,missing_genres,drop,genres=[]
movies_processed.csv,142572,missing_genres,drop,genres=[]
movies_processed.csv,142610,missing_genres,drop,genres=[]
movies_processed.csv,142612,missing_genres,drop,genres=[]
movies_processed.csv,142614,missing_genres,drop,genres=[]
movies_processed.csv,142616,missing_genres,drop,genres=[]
movies_processed.csv,142620,missing_genres,drop,genres=[]
movies_processed.csv,142687,missing_genres,drop,genres=[]
movies_processed.csv,142714,missing_genres,drop,genres=[]
movies_processed.csv,142723,missing_genres,drop,genres=[]
movies_processed.csv,142748,missing_genres,drop,genres=[]
movies_processed.csv,142795,missing_genres,drop,genres=[]
movies_processed.csv,142801,missing_genres,drop,genres=[]
movies_processed.csv,142825,missing_genres,drop,genres=[]
movies_processed.csv,142837,missing_genres,drop,genres=[]
movies_processed.csv,142901,missing_genres,drop,genres=[]
movies_processed.csv,142911,missing_genres,drop,genres=[]
movies_processed.csv,142913,missing_genres,drop,genres=[]
movies_processed.csv,142937,missing_genres,drop,genres=[]
movies_processed.csv,142957,missing_genres,drop,genres=[]
movies_processed.csv,142959,missing_genres,drop,genres=[]
movies_processed.csv,142977,missing_genres,drop,genres=[]
movies_processed.csv,142979,missing_genres,drop,genres=[]
movies_processed.csv,142987,missing_genres,drop,genres=[]
movies_processed.csv,142995,missing_genres,drop,genres=[]
movies_processed.csv,143007,missing_genres,drop,genres=[]
movies_processed.csv,143013,missing_genres,drop,genres=[]
movies_processed.csv,143043,missing_genres,drop,genres=[]
movies_processed.csv,143059,missing_genres,drop,genres=[]
movies_processed.csv,143067,missing_genres,drop,genres=[]
movies_processed.csv,143093,missing_genres,drop,genres=[]
movies_processed.csv,143096,missing_genres,drop,genres=[]
movies_processed.csv,143101,missing_genres,drop,genres=[]
movies_processed.csv,143103,missing_genres,drop,genres=[]
movies_processed.csv,143108,missing_genres,drop,genres=[]
movies_processed.csv,143133,missing_genres,drop,genres=[]
movies_processed.csv,143147,missing_genres,drop,genres=[]
movies_processed.csv,143150,missing_genres,drop,genres=[]
movies_processed.csv,143152,missing_genres,drop,genres=[]
movies_processed.csv,143156,missing_genres,drop,genres=[]
movies_processed.csv,143158,missing_genres,drop,genres=[]
movies_processed.csv,143162,missing_genres,drop,genres=[]
movies_processed.csv,143201,missing_genres,drop,genres=[]
movies_processed.csv,143205,missing_genres,drop,genres=[]
movies_processed.csv,143211,missing_genres,drop,genres=[]
movies_processed.csv,143217,missing_genres,drop,genres=[]
movies_processed.csv,143221,missing_genres,drop,genres=[]
movies_processed.csv,143223,missing_genres,drop,genres=[]
movies_processed.csv,143235,missing_genres,drop,genres=[]
movies_processed.csv,143259,missing_genres,drop,genres=[]
movies_processed.csv,143269,missing_genres,drop,genres=[]
movies_processed.csv,143283,missing_genres,drop,genres=[]
movies_processed.csv,143285,missing_genres,drop,genres=[]
movies_processed.csv,143301,missing_genres,drop,genres=[]
movies_processed.csv,143303,missing_genres,drop,genres=[]
movies_processed.csv,143305,missing_genres,drop,genres=[]
movies_processed.csv,143313,missing_genres,drop,genres=[]
movies_processed.csv,143329,missing_genres,drop,genres=[]
movies_processed.csv,143333,missing_genres,drop,genres=[]
movies_processed.csv,143387,missing_genres,drop,genres=[]
movies_processed.csv,143389,missing_genres,drop,genres=[]
movies_processed.csv,143395,missing_genres,drop,genres=[]
movies_processed.csv,143408,missing_genres,drop,genres=[]
movies_processed.csv,143410,missing_genres,drop,genres=[]
movies_processed.csv,143420,missing_genres,drop,genres=[]
movies_processed.csv,143426,missing_genres,drop,genres=[]
movies_processed.csv,143434,missing_genres,drop,genres=[]
movies_processed.csv,143454,missing_genres,drop,genres=[]
movies_processed.csv,143460,missing_genres,drop,genres=[]
movies_processed.csv,143480,missing_genres,drop,genres=[]
movies_processed.csv,143490,missing_genres,drop,genres=[]
movies_processed.csv,143492,missing_genres,drop,genres=[]
movies_processed.csv,143494,missing_genres,drop,genres=[]
movies_processed.csv,143521,missing_genres,drop,genres=[]
movies_processed.csv,143539,missing_genres,drop,genres=[]
movies_processed.csv,143541,missing_genres,drop,genres=[]
movies_processed.csv,143551,missing_genres,drop,genres=[]
movies_processed.csv,143565,missing_genres,drop,genres=[]
movies_processed.csv,143567,missing_genres,drop,genres=[]
movies_processed.csv,143611,missing_genres,drop,genres=[]
movies_processed.csv,143619,missing_genres,drop,genres=[]
movies_processed.csv,143697,missing_genres,drop,genres=[]
movies_processed.csv,143701,missing_genres,drop,genres=[]
movies_processed.csv,143709,missing_genres,drop,genres=[]
movies_processed.csv,143711,missing_genres,drop,genres=[]
movies_processed.csv,143727,missing_genres,drop,genres=[]
movies_processed.csv,143739,missing_genres,drop,genres=[]
movies_processed.csv,143747,missing_genres,drop,genres=[]
movies_processed.csv,143761,missing_genres,drop,genres=[]
movies_processed.csv,143783,missing_genres,drop,genres=[]
movies_processed.csv,143791,missing_genres,drop,genres=[]
movies_processed.csv,143803,missing_genres,drop,genres=[]
movies_processed.csv,143809,missing_genres,drop,genres=[]
movies_processed.csv,143811,missing_genres,drop,genres=[]
movies_processed.csv,143815,missing_genres,drop,genres=[]
movies_processed.csv,143819,missing_genres,drop,genres=[]
movies_processed.csv,143825,missing_genres,drop,genres=[]
movies_processed.csv,143851,missing_genres,drop,genres=[]
movies_processed.csv,143855,missing_genres,drop,genres=[]
movies_processed.csv,143912,missing_genres,drop,genres=[]
movies_processed.csv,143923,missing_genres,drop,genres=[]
movies_processed.csv,143972,missing_genres,drop,genres=[]
movies_processed.csv,143996,missing_genres,drop,genres=[]
movies_processed.csv,144017,missing_genres,drop,genres=[]
movies_processed.csv,144025,missing_genres,drop,genres=[]
movies_processed.csv,144027,missing_genres,drop,genres=[]
movies_processed.csv,144054,missing_genres,drop,genres=[]
movies_processed.csv,144078,missing_genres,drop,genres=[]
movies_processed.csv,144080,missing_genres,drop,genres=[]
movies_processed.csv,144102,missing_genres,drop,genres=[]
movies_processed.csv,144110,missing_genres,drop,genres=[]
movies_processed.csv,144112,missing_genres,drop,genres=[]
movies_processed.csv,144114,missing_genres,drop,genres=[]
movies_processed.csv,144118,missing_genres,drop,genres=[]
movies_processed.csv,144124,missing_genres,drop,genres=[]
movies_processed.csv,144142,missing_genres,drop,genres=[]
movies_processed.csv,144144,missing_genres,drop,genres=[]
movies_processed.csv,144158,missing_genres,drop,genres=[]
movies_processed.csv,144166,missing_genres,drop,genres=[]
movies_processed.csv,144178,missing_genres,drop,genres=[]
movies_processed.csv,144180,missing_genres,drop,genres=[]
movies_processed.csv,144204,missing_genres,drop,genres=[]
movies_processed.csv,144236,missing_genres,drop,genres=[]
movies_processed.csv,144256,missing_genres,drop,genres=[]
movies_processed.csv,144258,missing_genres,drop,genres=[]
movies_processed.csv,144284,missing_genres,drop,genres=[]
movies_processed.csv,144314,missing_genres,drop,genres=[]
movies_processed.csv,144442,missing_genres,drop,genres=[]
movies_processed.csv,144528,missing_genres,drop,genres=[]
movies_processed.csv,144602,missing_genres,drop,genres=[]
movies_processed.csv,144630,missing_genres,drop,genres=[]
movies_processed.csv,144652,missing_genres,drop,genres=[]
movies_processed.csv,144674,missing_genres,drop,genres=[]
movies_processed.csv,144680,missing_genres,drop,genres=[]
movies_processed.csv,144684,missing_genres,drop,genres=[]
movies_processed.csv,144720,missing_genres,drop,genres=[]
movies_processed.csv,144726,missing_genres,drop,genres=[]
movies_processed.csv,144732,missing_genres,drop,genres=[]
movies_processed.csv,144740,missing_genres,drop,genres=[]
movies_processed.csv,144742,missing_genres,drop,genres=[]
movies_processed.csv,144772,missing_genres,drop,genres=[]
movies_processed.csv,144804,missing_genres,drop,genres=[]
movies_processed.csv,144820,missing_genres,drop,genres=[]
movies_processed.csv,144826,missing_genres,drop,genres=[]
movies_processed.csv,144830,missing_genres,drop,genres=[]
movies_processed.csv,144832,missing_genres,drop,genres=[]
movies_processed.csv,144846,missing_genres,drop,genres=[]
movies_processed.csv,144882,missing_genres,drop,genres=[]
movies_processed.csv,144884,missing_genres,drop,genres=[]
movies_processed.csv,144888,missing_genres,drop,genres=[]
movies_processed.csv,144912,missing_genres,drop,genres=[]
movies_processed.csv,144916,missing_genres,drop,genres=[]
movies_processed.csv,144952,missing_genres,drop,genres=[]
movies_processed.csv,144990,missing_genres,drop,genres=[]
movies_processed.csv,144998,missing_genres,drop,genres=[]
movies_processed.csv,145002,missing_genres,drop,genres=[]
movies_processed.csv,145006,missing_genres,drop,genres=[]
movies_processed.csv,145036,missing_genres,drop,genres=[]
movies_processed.csv,145040,missing_genres,drop,genres=[]
movies_processed.csv,145074,missing_genres,drop,genres=[]
movies_processed.csv,145076,missing_genres,drop,genres=[]
movies_processed.csv,145106,missing_genres,drop,genres=[]
movies_processed.csv,145108,missing_genres,drop,genres=[]
movies_processed.csv,145118,missing_genres,drop,genres=[]
movies_processed.csv,145122,missing_genres,drop,genres=[]
movies_processed.csv,145124,missing_genres,drop,genres=[]
movies_processed.csv,145148,missing_genres,drop,genres=[]
movies_processed.csv,145154,missing_genres,drop,genres=[]
movies_processed.csv,145156,missing_genres,drop,genres=[]
movies_processed.csv,145320,missing_genres,drop,genres=[]
movies_processed.csv,145322,missing_genres,drop,genres=[]
movies_processed.csv,145366,missing_genres,drop,genres=[]
movies_processed.csv,145370,missing_genres,drop,genres=[]
movies_processed.csv,145392,missing_genres,drop,genres=[]
movies_processed.csv,145416,missing_genres,drop,genres=[]
movies_processed.csv,145424,missing_genres,drop,genres=[]
movies_processed.csv,145436,missing_genres,drop,genres=[]
movies_processed.csv,145438,missing_genres,drop,genres=[]
movies_processed.csv,145440,missing_genres,drop,genres=[]
movies_processed.csv,145450,missing_genres,drop,genres=[]
movies_processed.csv,145472,missing_genres,drop,genres=[]
movies_processed.csv,145528,missing_genres,drop,genres=[]
movies_processed.csv,145548,missing_genres,drop,genres=[]
movies_processed.csv,145562,missing_genres,drop,genres=[]
movies_processed.csv,145612,missing_genres,drop,genres=[]
movies_processed.csv,145620,missing_genres,drop,genres=[]
movies_processed.csv,145638,missing_genres,drop,genres=[]
movies_processed.csv,145640,missing_genres,drop,genres=[]
movies_processed.csv,145648,missing_genres,drop,genres=[]
movies_processed.csv,145650,missing_genres,drop,genres=[]
movies_processed.csv,145676,missing_genres,drop,genres=[]
movies_processed.csv,145686,missing_genres,drop,genres=[]
movies_processed.csv,145698,missing_genres,drop,genres=[]
movies_processed.csv,145704,missing_genres,drop,genres=[]
movies_processed.csv,145714,missing_genres,drop,genres=[]
movies_processed.csv,145718,missing_genres,drop,genres=[]
movies_processed.csv,145720,missing_genres,drop,genres=[]
movies_processed.csv,145735,missing_genres,drop,genres=[]
movies_processed.csv,145749,missing_genres,drop,genres=[]
movies_processed.csv,145779,missing_genres,drop,genres=[]
movies_processed.csv,145805,missing_genres,drop,genres=[]
movies_processed.csv,145809,missing_genres,drop,genres=[]
movies_processed.csv,145811,missing_genres,drop,genres=[]
movies_processed.csv,145813,missing_genres,drop,genres=[]
movies_processed.csv,145815,missing_genres,drop,genres=[]
movies_processed.csv,145817,missing_genres,drop,genres=[]
movies_processed.csv,145819,missing_genres,drop,genres=[]
movies_processed.csv,145825,missing_genres,drop,genres=[]
movies_processed.csv,145827,missing_genres,drop,genres=[]
movies_processed.csv,145829,missing_genres,drop,genres=[]
movies_processed.csv,145835,missing_genres,drop,genres=[]
movies_processed.csv,145851,missing_genres,drop,genres=[]
movies_processed.csv,145855,missing_genres,drop,genres=[]
movies_processed.csv,145861,missing_genres,drop,genres=[]
movies_processed.csv,145863,missing_genres,drop,genres=[]
movies_processed.csv,145873,missing_genres,drop,genres=[]
movies_processed.csv,145875,missing_genres,drop,genres=[]
movies_processed.csv,145885,missing_genres,drop,genres=[]
movies_processed.csv,145889,missing_genres,drop,genres=[]
movies_processed.csv,145903,missing_genres,drop,genres=[]
movies_processed.csv,145909,missing_genres,drop,genres=[]
movies_processed.csv,145933,missing_genres,drop,genres=[]
movies_processed.csv,145966,missing_genres,drop,genres=[]
movies_processed.csv,145968,missing_genres,drop,genres=[]
movies_processed.csv,145984,missing_genres,drop,genres=[]
movies_processed.csv,146010,missing_genres,drop,genres=[]
movies_processed.csv,146026,missing_genres,drop,genres=[]
movies_processed.csv,146042,missing_genres,drop,genres=[]
movies_processed.csv,146044,missing_genres,drop,genres=[]
movies_processed.csv,146058,missing_genres,drop,genres=[]
movies_processed.csv,146062,missing_genres,drop,genres=[]
movies_processed.csv,146066,missing_genres,drop,genres=[]
movies_processed.csv,146070,missing_genres,drop,genres=[]
movies_processed.csv,146072,missing_genres,drop,genres=[]
movies_processed.csv,146080,missing_genres,drop,genres=[]
movies_processed.csv,146086,missing_genres,drop,genres=[]
movies_processed.csv,146090,missing_genres,drop,genres=[]
movies_processed.csv,146092,missing_genres,drop,genres=[]
movies_processed.csv,146094,missing_genres,drop,genres=[]
movies_processed.csv,146098,missing_genres,drop,genres=[]
movies_processed.csv,146100,missing_genres,drop,genres=[]
movies_processed.csv,146102,missing_genres,drop,genres=[]
movies_processed.csv,146104,missing_genres,drop,genres=[]
movies_processed.csv,146106,missing_genres,drop,genres=[]
movies_processed.csv,146108,missing_genres,drop,genres=[]
movies_processed.csv,146112,missing_genres,drop,genres=[]
movies_processed.csv,146116,missing_genres,drop,genres=[]
movies_processed.csv,146118,missing_genres,drop,genres=[]
movies_processed.csv,146130,missing_genres,drop,genres=[]
movies_processed.csv,146150,missing_genres,drop,genres=[]
movies_processed.csv,146160,missing_genres,drop,genres=[]
movies_processed.csv,146166,missing_genres,drop,genres=[]
movies_processed.csv,146168,missing_genres,drop,genres=[]
movies_processed.csv,146174,missing_genres,drop,genres=[]
movies_processed.csv,146176,missing_genres,drop,genres=[]
movies_processed.csv,146180,missing_genres,drop,genres=[]
movies_processed.csv,146186,missing_genres,drop,genres=[]
movies_processed.csv,146188,missing_genres,drop,genres=[]
movies_processed.csv,146192,missing_genres,drop,genres=[]
movies_processed.csv,146200,missing_genres,drop,genres=[]
movies_processed.csv,146204,missing_genres,drop,genres=[]
movies_processed.csv,146216,missing_genres,drop,genres=[]
movies_processed.csv,146218,missing_genres,drop,genres=[]
movies_processed.csv,146220,missing_genres,drop,genres=[]
movies_processed.csv,146222,missing_genres,drop,genres=[]
movies_processed.csv,146226,missing_genres,drop,genres=[]
movies_processed.csv,146228,missing_genres,drop,genres=[]
movies_processed.csv,146236,missing_genres,drop,genres=[]
movies_processed.csv,146240,missing_genres,drop,genres=[]
movies_processed.csv,146246,missing_genres,drop,genres=[]
movies_processed.csv,146248,missing_genres,drop,genres=[]
movies_processed.csv,146250,missing_genres,drop,genres=[]
movies_processed.csv,146256,missing_genres,drop,genres=[]
movies_processed.csv,146258,missing_genres,drop,genres=[]
movies_processed.csv,146270,missing_genres,drop,genres=[]
movies_processed.csv,146272,missing_genres,drop,genres=[]
movies_processed.csv,146275,missing_genres,drop,genres=[]
movies_processed.csv,146277,missing_genres,drop,genres=[]
movies_processed.csv,146303,missing_genres,drop,genres=[]
movies_processed.csv,146315,missing_genres,drop,genres=[]
movies_processed.csv,146321,missing_genres,drop,genres=[]
movies_processed.csv,146333,missing_genres,drop,genres=[]
movies_processed.csv,146335,missing_genres,drop,genres=[]
movies_processed.csv,146350,missing_genres,drop,genres=[]
movies_processed.csv,146354,missing_genres,drop,genres=[]
movies_processed.csv,146362,missing_genres,drop,genres=[]
movies_processed.csv,146364,missing_genres,drop,genres=[]
movies_processed.csv,146366,missing_genres,drop,genres=[]
movies_processed.csv,146368,missing_genres,drop,genres=[]
movies_processed.csv,146370,missing_genres,drop,genres=[]
movies_processed.csv,146372,missing_genres,drop,genres=[]
movies_processed.csv,146376,missing_genres,drop,genres=[]
movies_processed.csv,146380,missing_genres,drop,genres=[]
movies_processed.csv,146382,missing_genres,drop,genres=[]
movies_processed.csv,146386,missing_genres,drop,genres=[]
movies_processed.csv,146388,missing_genres,drop,genres=[]
movies_processed.csv,146390,missing_genres,drop,genres=[]
movies_processed.csv,146394,missing_genres,drop,genres=[]
movies_processed.csv,146398,missing_genres,drop,genres=[]
movies_processed.csv,146400,missing_genres,drop,genres=[]
movies_processed.csv,146404,missing_genres,drop,genres=[]
movies_processed.csv,146406,missing_genres,drop,genres=[]
movies_processed.csv,146408,missing_genres,drop,genres=[]
movies_processed.csv,146410,missing_genres,drop,genres=[]
movies_processed.csv,146429,missing_genres,drop,genres=[]
movies_processed.csv,146431,missing_genres,drop,genres=[]
movies_processed.csv,146439,missing_genres,drop,genres=[]
movies_processed.csv,146463,missing_genres,drop,genres=[]
movies_processed.csv,146485,missing_genres,drop,genres=[]
movies_processed.csv,146487,missing_genres,drop,genres=[]
movies_processed.csv,146495,missing_genres,drop,genres=[]
movies_processed.csv,146497,missing_genres,drop,genres=[]
movies_processed.csv,146499,missing_genres,drop,genres=[]
movies_processed.csv,146503,missing_genres,drop,genres=[]
movies_processed.csv,146546,missing_genres,drop,genres=[]
movies_processed.csv,146550,missing_genres,drop,genres=[]
movies_processed.csv,146554,missing_genres,drop,genres=[]
movies_processed.csv,146582,missing_genres,drop,genres=[]
movies_processed.csv,146584,missing_genres,drop,genres=[]
movies_processed.csv,146592,missing_genres,drop,genres=[]
movies_processed.csv,146598,missing_genres,drop,genres=[]
movies_processed.csv,146608,missing_genres,drop,genres=[]
movies_processed.csv,146610,missing_genres,drop,genres=[]
movies_processed.csv,146616,missing_genres,drop,genres=[]
movies_processed.csv,146630,missing_genres,drop,genres=[]
movies_processed.csv,146644,missing_genres,drop,genres=[]
movies_processed.csv,146686,missing_genres,drop,genres=[]
movies_processed.csv,146690,missing_genres,drop,genres=[]
movies_processed.csv,146692,missing_genres,drop,genres=[]
movies_processed.csv,146706,missing_genres,drop,genres=[]
movies_processed.csv,146708,missing_genres,drop,genres=[]
movies_processed.csv,146710,missing_genres,drop,genres=[]
movies_processed.csv,146734,missing_genres,drop,genres=[]
movies_processed.csv,146740,missing_genres,drop,genres=[]
movies_processed.csv,146752,missing_genres,drop,genres=[]
movies_processed.csv,146770,missing_genres,drop,genres=[]
movies_processed.csv,146776,missing_genres,drop,genres=[]
movies_processed.csv,146780,missing_genres,drop,genres=[]
movies_processed.csv,146782,missing_genres,drop,genres=[]
movies_processed.csv,146796,missing_genres,drop,genres=[]
movies_processed.csv,146800,missing_genres,drop,genres=[]
movies_processed.csv,146802,missing_genres,drop,genres=[]
movies_processed.csv,146806,missing_genres,drop,genres=[]
movies_processed.csv,146810,missing_genres,drop,genres=[]
movies_processed.csv,146812,missing_genres,drop,genres=[]
movies_processed.csv,146816,missing_genres,drop,genres=[]
movies_processed.csv,146830,missing_genres,drop,genres=[]
movies_processed.csv,146840,missing_genres,drop,genres=[]
movies_processed.csv,146852,missing_genres,drop,genres=[]
movies_processed.csv,146858,missing_genres,drop,genres=[]
movies_processed.csv,146860,missing_genres,drop,genres=[]
movies_processed.csv,146862,missing_genres,drop,genres=[]
movies_processed.csv,146868,missing_genres,drop,genres=[]
movies_processed.csv,146880,missing_genres,drop,genres=[]
movies_processed.csv,146884,missing_genres,drop,genres=[]
movies_processed.csv,146886,missing_genres,drop,genres=[]
movies_processed.csv,146888,missing_genres,drop,genres=[]
movies_processed.csv,146892,missing_genres,drop,genres=[]
movies_processed.csv,146894,missing_genres,drop,genres=[]
movies_processed.csv,146898,missing_genres,drop,genres=[]
movies_processed.csv,146912,missing_genres,drop,genres=[]
movies_processed.csv,146934,missing_genres,drop,genres=[]
movies_processed.csv,146938,missing_genres,drop,genres=[]
movies_processed.csv,146940,missing_genres,drop,genres=[]
movies_processed.csv,146952,missing_genres,drop,genres=[]
movies_processed.csv,146960,missing_genres,drop,genres=[]
movies_processed.csv,146966,missing_genres,drop,genres=[]
movies_processed.csv,146968,missing_genres,drop,genres=[]
movies_processed.csv,146972,missing_genres,drop,genres=[]
movies_processed.csv,146974,missing_genres,drop,genres=[]
movies_processed.csv,146976,missing_genres,drop,genres=[]
movies_processed.csv,146980,missing_genres,drop,genres=[]
movies_processed.csv,147000,missing_genres,drop,genres=[]
movies_processed.csv,147012,missing_genres,drop,genres=[]
movies_processed.csv,147039,missing_genres,drop,genres=[]
movies_processed.csv,147088,missing_genres,drop,genres=[]
movies_processed.csv,147100,missing_genres,drop,genres=[]
movies_processed.csv,147110,missing_genres,drop,genres=[]
movies_processed.csv,147114,missing_genres,drop,genres=[]
movies_processed.csv,147116,missing_genres,drop,genres=[]
movies_processed.csv,147118,missing_genres,drop,genres=[]
movies_processed.csv,147120,missing_genres,drop,genres=[]
movies_processed.csv,147130,missing_genres,drop,genres=[]
movies_processed.csv,147144,missing_genres,drop,genres=[]
movies_processed.csv,147154,missing_genres,drop,genres=[]
movies_processed.csv,147158,missing_genres,drop,genres=[]
movies_processed.csv,147164,missing_genres,drop,genres=[]
movies_processed.csv,147176,missing_genres,drop,genres=[]
movies_processed.csv,147186,missing_genres,drop,genres=[]
movies_processed.csv,147218,missing_genres,drop,genres=[]
movies_processed.csv,147222,missing_genres,drop,genres=[]
movies_processed.csv,147226,missing_genres,drop,genres=[]
movies_processed.csv,147250,missing_genres,drop,genres=[]
movies_processed.csv,147274,missing_genres,drop,genres=[]
movies_processed.csv,147284,missing_genres,drop,genres=[]
movies_processed.csv,147318,missing_genres,drop,genres=[]
movies_processed.csv,147334,missing_genres,drop,genres=[]
movies_processed.csv,147338,missing_genres,drop,genres=[]
movies_processed.csv,147370,missing_genres,drop,genres=[]
movies_processed.csv,147388,missing_genres,drop,genres=[]
movies_processed.csv,147404,missing_genres,drop,genres=[]
movies_processed.csv,147420,missing_genres,drop,genres=[]
movies_processed.csv,147450,missing_genres,drop,genres=[]
movies_processed.csv,147458,missing_genres,drop,genres=[]
movies_processed.csv,147466,missing_genres,drop,genres=[]
movies_processed.csv,147469,missing_genres,drop,genres=[]
movies_processed.csv,147499,missing_genres,drop,genres=[]
movies_processed.csv,147536,missing_genres,drop,genres=[]
movies_processed.csv,147573,missing_genres,drop,genres=[]
movies_processed.csv,147593,missing_genres,drop,genres=[]
movies_processed.csv,147605,missing_genres,drop,genres=[]
movies_processed.csv,147615,missing_genres,drop,genres=[]
movies_processed.csv,147624,missing_genres,drop,genres=[]
movies_processed.csv,147635,missing_genres,drop,genres=[]
movies_processed.csv,147676,missing_genres,drop,genres=[]
movies_processed.csv,147680,missing_genres,drop,genres=[]
movies_processed.csv,147696,missing_genres,drop,genres=[]
movies_processed.csv,147722,missing_genres,drop,genres=[]
movies_processed.csv,147732,missing_genres,drop,genres=[]
movies_processed.csv,147740,missing_genres,drop,genres=[]
movies_processed.csv,147750,missing_genres,drop,genres=[]
movies_processed.csv,147772,missing_genres,drop,genres=[]
movies_processed.csv,147789,missing_genres,drop,genres=[]
movies_processed.csv,147795,missing_genres,drop,genres=[]
movies_processed.csv,147811,missing_genres,drop,genres=[]
movies_processed.csv,147837,missing_genres,drop,genres=[]
movies_processed.csv,147841,missing_genres,drop,genres=[]
movies_processed.csv,147863,missing_genres,drop,genres=[]
movies_processed.csv,147867,missing_genres,drop,genres=[]
movies_processed.csv,147883,missing_genres,drop,genres=[]
movies_processed.csv,147893,missing_genres,drop,genres=[]
movies_processed.csv,147895,missing_genres,drop,genres=[]
movies_processed.csv,147899,missing_genres,drop,genres=[]
movies_processed.csv,147915,missing_genres,drop,genres=[]
movies_processed.csv,147917,missing_genres,drop,genres=[]
movies_processed.csv,147940,missing_genres,drop,genres=[]
movies_processed.csv,147942,missing_genres,drop,genres=[]
movies_processed.csv,147948,missing_genres,drop,genres=[]
movies_processed.csv,147950,missing_genres,drop,genres=[]
movies_processed.csv,147952,missing_genres,drop,genres=[]
movies_processed.csv,147960,missing_genres,drop,genres=[]
movies_processed.csv,147980,missing_genres,drop,genres=[]
movies_processed.csv,147984,missing_genres,drop,genres=[]
movies_processed.csv,147994,missing_genres,drop,genres=[]
movies_processed.csv,147996,missing_genres,drop,genres=[]
movies_processed.csv,148008,missing_genres,drop,genres=[]
movies_processed.csv,148012,missing_genres,drop,genres=[]
movies_processed.csv,148022,missing_genres,drop,genres=[]
movies_processed.csv,148028,missing_genres,drop,genres=[]
movies_processed.csv,148040,missing_genres,drop,genres=[]
movies_processed.csv,148046,missing_genres,drop,genres=[]
movies_processed.csv,148048,missing_genres,drop,genres=[]
movies_processed.csv,148052,missing_genres,drop,genres=[]
movies_processed.csv,148074,missing_genres,drop,genres=[]
movies_processed.csv,148091,missing_genres,drop,genres=[]
movies_processed.csv,148101,missing_genres,drop,genres=[]
movies_processed.csv,148114,missing_genres,drop,genres=[]
movies_processed.csv,148118,missing_genres,drop,genres=[]
movies_processed.csv,148124,missing_genres,drop,genres=[]
movies_processed.csv,148128,missing_genres,drop,genres=[]
movies_processed.csv,148134,missing_genres,drop,genres=[]
movies_processed.csv,148138,missing_genres,drop,genres=[]
movies_processed.csv,148146,missing_genres,drop,genres=[]
movies_processed.csv,148160,missing_genres,drop,genres=[]
movies_processed.csv,148176,missing_genres,drop,genres=[]
movies_processed.csv,148180,missing_genres,drop,genres=[]
movies_processed.csv,148210,missing_genres,drop,genres=[]
movies_processed.csv,148214,missing_genres,drop,genres=[]
movies_processed.csv,148216,missing_genres,drop,genres=[]
movies_processed.csv,148222,missing_genres,drop,genres=[]
movies_processed.csv,148226,missing_genres,drop,genres=[]
movies_processed.csv,148246,missing_genres,drop,genres=[]
movies_processed.csv,148254,missing_genres,drop,genres=[]
movies_processed.csv,148260,missing_genres,drop,genres=[]
movies_processed.csv,148274,missing_genres,drop,genres=[]
movies_processed.csv,148286,missing_genres,drop,genres=[]
movies_processed.csv,148329,missing_genres,drop,genres=[]
movies_processed.csv,148390,missing_genres,drop,genres=[]
movies_processed.csv,148430,missing_genres,drop,genres=[]
movies_processed.csv,148458,missing_genres,drop,genres=[]
movies_processed.csv,148464,missing_genres,drop,genres=[]
movies_processed.csv,148526,missing_genres,drop,genres=[]
movies_processed.csv,148554,missing_genres,drop,genres=[]
movies_processed.csv,148560,missing_genres,drop,genres=[]
movies_processed.csv,148564,missing_genres,drop,genres=[]
movies_processed.csv,148572,missing_genres,drop,genres=[]
movies_processed.csv,148578,missing_genres,drop,genres=[]
movies_processed.csv,148598,missing_genres,drop,genres=[]
movies_processed.csv,148608,missing_genres,drop,genres=[]
movies_processed.csv,148642,missing_genres,drop,genres=[]
movies_processed.csv,148677,missing_genres,drop,genres=[]
movies_processed.csv,148691,missing_genres,drop,genres=[]
movies_processed.csv,148705,missing_genres,drop,genres=[]
movies_processed.csv,148707,missing_genres,drop,genres=[]
movies_processed.csv,148715,missing_genres,drop,genres=[]
movies_processed.csv,148731,missing_genres,drop,genres=[]
movies_processed.csv,148741,missing_genres,drop,genres=[]
movies_processed.csv,148749,missing_genres,drop,genres=[]
movies_processed.csv,148755,missing_genres,drop,genres=[]
movies_processed.csv,148777,missing_genres,drop,genres=[]
movies_processed.csv,148789,missing_genres,drop,genres=[]
movies_processed.csv,148795,missing_genres,drop,genres=[]
movies_processed.csv,148807,missing_genres,drop,genres=[]
movies_processed.csv,148826,missing_genres,drop,genres=[]
movies_processed.csv,148846,missing_genres,drop,genres=[]
movies_processed.csv,148861,missing_genres,drop,genres=[]
movies_processed.csv,148877,missing_genres,drop,genres=[]
movies_processed.csv,148896,missing_genres,drop,genres=[]
movies_processed.csv,148902,missing_genres,drop,genres=[]
movies_processed.csv,148906,missing_genres,drop,genres=[]
movies_processed.csv,148915,missing_genres,drop,genres=[]
movies_processed.csv,148917,missing_genres,drop,genres=[]
movies_processed.csv,148923,missing_genres,drop,genres=[]
movies_processed.csv,148936,missing_genres,drop,genres=[]
movies_processed.csv,148958,missing_genres,drop,genres=[]
movies_processed.csv,148960,missing_genres,drop,genres=[]
movies_processed.csv,149009,missing_genres,drop,genres=[]
movies_processed.csv,149020,missing_genres,drop,genres=[]
movies_processed.csv,149032,missing_genres,drop,genres=[]
movies_processed.csv,149041,missing_genres,drop,genres=[]
movies_processed.csv,149080,missing_genres,drop,genres=[]
movies_processed.csv,149086,missing_genres,drop,genres=[]
movies_processed.csv,149090,missing_genres,drop,genres=[]
movies_processed.csv,149106,missing_genres,drop,genres=[]
movies_processed.csv,149116,missing_genres,drop,genres=[]
movies_processed.csv,149124,missing_genres,drop,genres=[]
movies_processed.csv,149128,missing_genres,drop,genres=[]
movies_processed.csv,149136,missing_genres,drop,genres=[]
movies_processed.csv,149138,missing_genres,drop,genres=[]
movies_processed.csv,149158,missing_genres,drop,genres=[]
movies_processed.csv,149170,missing_genres,drop,genres=[]
movies_processed.csv,149172,missing_genres,drop,genres=[]
movies_processed.csv,149174,missing_genres,drop,genres=[]
movies_processed.csv,149176,missing_genres,drop,genres=[]
movies_processed.csv,149178,missing_genres,drop,genres=[]
movies_processed.csv,149182,missing_genres,drop,genres=[]
movies_processed.csv,149188,missing_genres,drop,genres=[]
movies_processed.csv,149254,missing_genres,drop,genres=[]
movies_processed.csv,149258,missing_genres,drop,genres=[]
movies_processed.csv,149268,missing_genres,drop,genres=[]
movies_processed.csv,149270,missing_genres,drop,genres=[]
movies_processed.csv,149278,missing_genres,drop,genres=[]
movies_processed.csv,149296,missing_genres,drop,genres=[]
movies_processed.csv,149298,missing_genres,drop,genres=[]
movies_processed.csv,149306,missing_genres,drop,genres=[]
movies_processed.csv,149308,missing_genres,drop,genres=[]
movies_processed.csv,149310,missing_genres,drop,genres=[]
movies_processed.csv,149314,missing_genres,drop,genres=[]
movies_processed.csv,149316,missing_genres,drop,genres=[]
movies_processed.csv,149318,missing_genres,drop,genres=[]
movies_processed.csv,149330,missing_genres,drop,genres=[]
movies_processed.csv,149346,missing_genres,drop,genres=[]
movies_processed.csv,149356,missing_genres,drop,genres=[]
movies_processed.csv,149358,missing_genres,drop,genres=[]
movies_processed.csv,149364,missing_genres,drop,genres=[]
movies_processed.csv,149384,missing_genres,drop,genres=[]
movies_processed.csv,149394,missing_genres,drop,genres=[]
movies_processed.csv,149396,missing_genres,drop,genres=[]
movies_processed.csv,149428,missing_genres,drop,genres=[]
movies_processed.csv,149436,missing_genres,drop,genres=[]
movies_processed.csv,149448,missing_genres,drop,genres=[]
movies_processed.csv,149462,missing_genres,drop,genres=[]
movies_processed.csv,149466,missing_genres,drop,genres=[]
movies_processed.csv,149476,missing_genres,drop,genres=[]
movies_processed.csv,149502,missing_genres,drop,genres=[]
movies_processed.csv,149532,missing_genres,drop,genres=[]
movies_processed.csv,149538,missing_genres,drop,genres=[]
movies_processed.csv,149540,missing_genres,drop,genres=[]
movies_processed.csv,149548,missing_genres,drop,genres=[]
movies_processed.csv,149552,missing_genres,drop,genres=[]
movies_processed.csv,149576,missing_genres,drop,genres=[]
movies_processed.csv,149594,missing_genres,drop,genres=[]
movies_processed.csv,149630,missing_genres,drop,genres=[]
movies_processed.csv,149634,missing_genres,drop,genres=[]
movies_processed.csv,149646,missing_genres,drop,genres=[]
movies_processed.csv,149674,missing_genres,drop,genres=[]
movies_processed.csv,149692,missing_genres,drop,genres=[]
movies_processed.csv,149698,missing_genres,drop,genres=[]
movies_processed.csv,149700,missing_genres,drop,genres=[]
movies_processed.csv,149715,missing_genres,drop,genres=[]
movies_processed.csv,149717,missing_genres,drop,genres=[]
movies_processed.csv,149770,missing_genres,drop,genres=[]
movies_processed.csv,149772,missing_genres,drop,genres=[]
movies_processed.csv,149816,missing_genres,drop,genres=[]
movies_processed.csv,149818,missing_genres,drop,genres=[]
movies_processed.csv,149842,missing_genres,drop,genres=[]
movies_processed.csv,149848,missing_genres,drop,genres=[]
movies_processed.csv,149883,missing_genres,drop,genres=[]
movies_processed.csv,149896,missing_genres,drop,genres=[]
movies_processed.csv,149904,missing_genres,drop,genres=[]
movies_processed.csv,149925,missing_genres,drop,genres=[]
movies_processed.csv,149929,missing_genres,drop,genres=[]
movies_processed.csv,149936,missing_genres,drop,genres=[]
movies_processed.csv,149967,missing_genres,drop,genres=[]
movies_processed.csv,149969,missing_genres,drop,genres=[]
movies_processed.csv,149984,missing_genres,drop,genres=[]
movies_processed.csv,150004,missing_genres,drop,genres=[]
movies_processed.csv,150006,missing_genres,drop,genres=[]
movies_processed.csv,150020,missing_genres,drop,genres=[]
movies_processed.csv,150064,missing_genres,drop,genres=[]
movies_processed.csv,150068,missing_genres,drop,genres=[]
movies_processed.csv,150076,missing_genres,drop,genres=[]
movies_processed.csv,150078,missing_genres,drop,genres=[]
movies_processed.csv,150144,missing_genres,drop,genres=[]
movies_processed.csv,150146,missing_genres,drop,genres=[]
movies_processed.csv,150162,missing_genres,drop,genres=[]
movies_processed.csv,150198,missing_genres,drop,genres=[]
movies_processed.csv,150212,missing_genres,drop,genres=[]
movies_processed.csv,150214,missing_genres,drop,genres=[]
movies_processed.csv,150218,missing_genres,drop,genres=[]
movies_processed.csv,150240,missing_genres,drop,genres=[]
movies_processed.csv,150266,missing_genres,drop,genres=[]
movies_processed.csv,150342,missing_genres,drop,genres=[]
movies_processed.csv,150346,missing_genres,drop,genres=[]
movies_processed.csv,150358,missing_genres,drop,genres=[]
movies_processed.csv,150362,missing_genres,drop,genres=[]
movies_processed.csv,150369,missing_genres,drop,genres=[]
movies_processed.csv,150399,missing_genres,drop,genres=[]
movies_processed.csv,150403,missing_genres,drop,genres=[]
movies_processed.csv,150413,missing_genres,drop,genres=[]
movies_processed.csv,150419,missing_genres,drop,genres=[]
movies_processed.csv,150421,missing_genres,drop,genres=[]
movies_processed.csv,150437,missing_genres,drop,genres=[]
movies_processed.csv,150459,missing_genres,drop,genres=[]
movies_processed.csv,150465,missing_genres,drop,genres=[]
movies_processed.csv,150534,missing_genres,drop,genres=[]
movies_processed.csv,150574,missing_genres,drop,genres=[]
movies_processed.csv,150576,missing_genres,drop,genres=[]
movies_processed.csv,150584,missing_genres,drop,genres=[]
movies_processed.csv,150615,missing_genres,drop,genres=[]
movies_processed.csv,150617,missing_genres,drop,genres=[]
movies_processed.csv,150629,missing_genres,drop,genres=[]
movies_processed.csv,150645,missing_genres,drop,genres=[]
movies_processed.csv,150665,missing_genres,drop,genres=[]
movies_processed.csv,150669,missing_genres,drop,genres=[]
movies_processed.csv,150671,missing_genres,drop,genres=[]
movies_processed.csv,150676,missing_genres,drop,genres=[]
movies_processed.csv,150704,missing_genres,drop,genres=[]
movies_processed.csv,150710,missing_genres,drop,genres=[]
movies_processed.csv,150714,missing_genres,drop,genres=[]
movies_processed.csv,150724,missing_genres,drop,genres=[]
movies_processed.csv,150738,missing_genres,drop,genres=[]
movies_processed.csv,150748,missing_genres,drop,genres=[]
movies_processed.csv,150750,missing_genres,drop,genres=[]
movies_processed.csv,150756,missing_genres,drop,genres=[]
movies_processed.csv,150782,missing_genres,drop,genres=[]
movies_processed.csv,150788,missing_genres,drop,genres=[]
movies_processed.csv,150792,missing_genres,drop,genres=[]
movies_processed.csv,150794,missing_genres,drop,genres=[]
movies_processed.csv,150802,missing_genres,drop,genres=[]
movies_processed.csv,150816,missing_genres,drop,genres=[]
movies_processed.csv,150838,missing_genres,drop,genres=[]
movies_processed.csv,150846,missing_genres,drop,genres=[]
movies_processed.csv,150854,missing_genres,drop,genres=[]
movies_processed.csv,150868,missing_genres,drop,genres=[]
movies_processed.csv,150872,missing_genres,drop,genres=[]
movies_processed.csv,150878,missing_genres,drop,genres=[]
movies_processed.csv,150880,missing_genres,drop,genres=[]
movies_processed.csv,150888,missing_genres,drop,genres=[]
movies_processed.csv,150898,missing_genres,drop,genres=[]
movies_processed.csv,150900,missing_genres,drop,genres=[]
movies_processed.csv,150906,missing_genres,drop,genres=[]
movies_processed.csv,150916,missing_genres,drop,genres=[]
movies_processed.csv,150948,missing_genres,drop,genres=[]
movies_processed.csv,150970,missing_genres,drop,genres=[]
movies_processed.csv,150972,missing_genres,drop,genres=[]
movies_processed.csv,150976,missing_genres,drop,genres=[]
movies_processed.csv,150986,missing_genres,drop,genres=[]
movies_processed.csv,151004,missing_genres,drop,genres=[]
movies_processed.csv,151019,missing_genres,drop,genres=[]
movies_processed.csv,151115,missing_genres,drop,genres=[]
movies_processed.csv,151117,missing_genres,drop,genres=[]
movies_processed.csv,151121,missing_genres,drop,genres=[]
movies_processed.csv,151127,missing_genres,drop,genres=[]
movies_processed.csv,151133,missing_genres,drop,genres=[]
movies_processed.csv,151137,missing_genres,drop,genres=[]
movies_processed.csv,151157,missing_genres,drop,genres=[]
movies_processed.csv,151161,missing_genres,drop,genres=[]
movies_processed.csv,151167,missing_genres,drop,genres=[]
movies_processed.csv,151171,missing_genres,drop,genres=[]
movies_processed.csv,151175,missing_genres,drop,genres=[]
movies_processed.csv,151179,missing_genres,drop,genres=[]
movies_processed.csv,151183,missing_genres,drop,genres=[]
movies_processed.csv,151185,missing_genres,drop,genres=[]
movies_processed.csv,151187,missing_genres,drop,genres=[]
movies_processed.csv,151189,missing_genres,drop,genres=[]
movies_processed.csv,151202,missing_genres,drop,genres=[]
movies_processed.csv,151271,missing_genres,drop,genres=[]
movies_processed.csv,151285,missing_genres,drop,genres=[]
movies_processed.csv,151295,missing_genres,drop,genres=[]
movies_processed.csv,151307,missing_genres,drop,genres=[]
movies_processed.csv,151325,missing_genres,drop,genres=[]
movies_processed.csv,151327,missing_genres,drop,genres=[]
movies_processed.csv,151335,missing_genres,drop,genres=[]
movies_processed.csv,151341,missing_genres,drop,genres=[]
movies_processed.csv,151347,missing_genres,drop,genres=[]
movies_processed.csv,151359,missing_genres,drop,genres=[]
movies_processed.csv,151373,missing_genres,drop,genres=[]
movies_processed.csv,151379,missing_genres,drop,genres=[]
movies_processed.csv,151420,missing_genres,drop,genres=[]
movies_processed.csv,151435,missing_genres,drop,genres=[]
movies_processed.csv,151443,missing_genres,drop,genres=[]
movies_processed.csv,151449,missing_genres,drop,genres=[]
movies_processed.csv,151453,missing_genres,drop,genres=[]
movies_processed.csv,151457,missing_genres,drop,genres=[]
movies_processed.csv,151461,missing_genres,drop,genres=[]
movies_processed.csv,151473,missing_genres,drop,genres=[]
movies_processed.csv,151483,missing_genres,drop,genres=[]
movies_processed.csv,151491,missing_genres,drop,genres=[]
movies_processed.csv,151495,missing_genres,drop,genres=[]
movies_processed.csv,151497,missing_genres,drop,genres=[]
movies_processed.csv,151517,missing_genres,drop,genres=[]
movies_processed.csv,151525,missing_genres,drop,genres=[]
movies_processed.csv,151541,missing_genres,drop,genres=[]
movies_processed.csv,151543,missing_genres,drop,genres=[]
movies_processed.csv,151545,missing_genres,drop,genres=[]
movies_processed.csv,151579,missing_genres,drop,genres=[]
movies_processed.csv,151581,missing_genres,drop,genres=[]
movies_processed.csv,151583,missing_genres,drop,genres=[]
movies_processed.csv,151585,missing_genres,drop,genres=[]
movies_processed.csv,151593,missing_genres,drop,genres=[]
movies_processed.csv,151659,missing_genres,drop,genres=[]
movies_processed.csv,151665,missing_genres,drop,genres=[]
movies_processed.csv,151667,missing_genres,drop,genres=[]
movies_processed.csv,151669,missing_genres,drop,genres=[]
movies_processed.csv,151677,missing_genres,drop,genres=[]
movies_processed.csv,151685,missing_genres,drop,genres=[]
movies_processed.csv,151693,missing_genres,drop,genres=[]
movies_processed.csv,151701,missing_genres,drop,genres=[]
movies_processed.csv,151705,missing_genres,drop,genres=[]
movies_processed.csv,151711,missing_genres,drop,genres=[]
movies_processed.csv,151719,missing_genres,drop,genres=[]
movies_processed.csv,151721,missing_genres,drop,genres=[]
movies_processed.csv,151727,missing_genres,drop,genres=[]
movies_processed.csv,151783,missing_genres,drop,genres=[]
movies_processed.csv,151793,missing_genres,drop,genres=[]
movies_processed.csv,151815,missing_genres,drop,genres=[]
movies_processed.csv,151819,missing_genres,drop,genres=[]
movies_processed.csv,151829,missing_genres,drop,genres=[]
movies_processed.csv,151892,missing_genres,drop,genres=[]
movies_processed.csv,151943,missing_genres,drop,genres=[]
movies_processed.csv,151957,missing_genres,drop,genres=[]
movies_processed.csv,151961,missing_genres,drop,genres=[]
movies_processed.csv,151967,missing_genres,drop,genres=[]
movies_processed.csv,151975,missing_genres,drop,genres=[]
movies_processed.csv,151981,missing_genres,drop,genres=[]
movies_processed.csv,151983,missing_genres,drop,genres=[]
movies_processed.csv,151985,missing_genres,drop,genres=[]
movies_processed.csv,152015,missing_genres,drop,genres=[]
movies_processed.csv,152035,missing_genres,drop,genres=[]
movies_processed.csv,152037,missing_genres,drop,genres=[]
movies_processed.csv,152075,missing_genres,drop,genres=[]
movies_processed.csv,152149,missing_genres,drop,genres=[]
movies_processed.csv,152171,missing_genres,drop,genres=[]
movies_processed.csv,152212,missing_genres,drop,genres=[]
movies_processed.csv,152216,missing_genres,drop,genres=[]
movies_processed.csv,152230,missing_genres,drop,genres=[]
movies_processed.csv,152234,missing_genres,drop,genres=[]
movies_processed.csv,152244,missing_genres,drop,genres=[]
movies_processed.csv,152246,missing_genres,drop,genres=[]
movies_processed.csv,152250,missing_genres,drop,genres=[]
movies_processed.csv,152254,missing_genres,drop,genres=[]
movies_processed.csv,152294,missing_genres,drop,genres=[]
movies_processed.csv,152320,missing_genres,drop,genres=[]
movies_processed.csv,152328,missing_genres,drop,genres=[]
movies_processed.csv,152332,missing_genres,drop,genres=[]
movies_processed.csv,152338,missing_genres,drop,genres=[]
movies_processed.csv,152342,missing_genres,drop,genres=[]
movies_processed.csv,152354,missing_genres,drop,genres=[]
movies_processed.csv,152358,missing_genres,drop,genres=[]
movies_processed.csv,152360,missing_genres,drop,genres=[]
movies_processed.csv,152387,missing_genres,drop,genres=[]
movies_processed.csv,152389,missing_genres,drop,genres=[]
movies_processed.csv,152419,missing_genres,drop,genres=[]
movies_processed.csv,152453,missing_genres,drop,genres=[]
movies_processed.csv,152477,missing_genres,drop,genres=[]
movies_processed.csv,152483,missing_genres,drop,genres=[]
movies_processed.csv,152491,missing_genres,drop,genres=[]
movies_processed.csv,152523,missing_genres,drop,genres=[]
movies_processed.csv,152527,missing_genres,drop,genres=[]
movies_processed.csv,152537,missing_genres,drop,genres=[]
movies_processed.csv,152541,missing_genres,drop,genres=[]
movies_processed.csv,152561,missing_genres,drop,genres=[]
movies_processed.csv,152567,missing_genres,drop,genres=[]
movies_processed.csv,152571,missing_genres,drop,genres=[]
movies_processed.csv,152605,missing_genres,drop,genres=[]
movies_processed.csv,152617,missing_genres,drop,genres=[]
movies_processed.csv,152629,missing_genres,drop,genres=[]
movies_processed.csv,152631,missing_genres,drop,genres=[]
movies_processed.csv,152635,missing_genres,drop,genres=[]
movies_processed.csv,152639,missing_genres,drop,genres=[]
movies_processed.csv,152660,missing_genres,drop,genres=[]
movies_processed.csv,152672,missing_genres,drop,genres=[]
movies_processed.csv,152682,missing_genres,drop,genres=[]
movies_processed.csv,152693,missing_genres,drop,genres=[]
movies_processed.csv,152715,missing_genres,drop,genres=[]
movies_processed.csv,152725,missing_genres,drop,genres=[]
movies_processed.csv,152727,missing_genres,drop,genres=[]
movies_processed.csv,152741,missing_genres,drop,genres=[]
movies_processed.csv,152743,missing_genres,drop,genres=[]
movies_processed.csv,152763,missing_genres,drop,genres=[]
movies_processed.csv,152808,missing_genres,drop,genres=[]
movies_processed.csv,152810,missing_genres,drop,genres=[]
movies_processed.csv,152816,missing_genres,drop,genres=[]
movies_processed.csv,152818,missing_genres,drop,genres=[]
movies_processed.csv,152820,missing_genres,drop,genres=[]
movies_processed.csv,152824,missing_genres,drop,genres=[]
movies_processed.csv,152840,missing_genres,drop,genres=[]
movies_processed.csv,152852,missing_genres,drop,genres=[]
movies_processed.csv,152860,missing_genres,drop,genres=[]
movies_processed.csv,152882,missing_genres,drop,genres=[]
movies_processed.csv,152884,missing_genres,drop,genres=[]
movies_processed.csv,152898,missing_genres,drop,genres=[]
movies_processed.csv,152904,missing_genres,drop,genres=[]
movies_processed.csv,152906,missing_genres,drop,genres=[]
movies_processed.csv,152910,missing_genres,drop,genres=[]
movies_processed.csv,152914,missing_genres,drop,genres=[]
movies_processed.csv,152918,missing_genres,drop,genres=[]
movies_processed.csv,152926,missing_genres,drop,genres=[]
movies_processed.csv,152928,missing_genres,drop,genres=[]
movies_processed.csv,152930,missing_genres,drop,genres=[]
movies_processed.csv,152932,missing_genres,drop,genres=[]
movies_processed.csv,152934,missing_genres,drop,genres=[]
movies_processed.csv,152942,missing_genres,drop,genres=[]
movies_processed.csv,152944,missing_genres,drop,genres=[]
movies_processed.csv,152946,missing_genres,drop,genres=[]
movies_processed.csv,152948,missing_genres,drop,genres=[]
movies_processed.csv,152956,missing_genres,drop,genres=[]
movies_processed.csv,152996,missing_genres,drop,genres=[]
movies_processed.csv,153000,missing_genres,drop,genres=[]
movies_processed.csv,153006,missing_genres,drop,genres=[]
movies_processed.csv,153008,missing_genres,drop,genres=[]
movies_processed.csv,153010,missing_genres,drop,genres=[]
movies_processed.csv,153014,missing_genres,drop,genres=[]
movies_processed.csv,153036,missing_genres,drop,genres=[]
movies_processed.csv,153040,missing_genres,drop,genres=[]
movies_processed.csv,153050,missing_genres,drop,genres=[]
movies_processed.csv,153054,missing_genres,drop,genres=[]
movies_processed.csv,153058,missing_genres,drop,genres=[]
movies_processed.csv,153060,missing_genres,drop,genres=[]
movies_processed.csv,153062,missing_genres,drop,genres=[]
movies_processed.csv,153066,missing_genres,drop,genres=[]
movies_processed.csv,153094,missing_genres,drop,genres=[]
movies_processed.csv,153098,missing_genres,drop,genres=[]
movies_processed.csv,153104,missing_genres,drop,genres=[]
movies_processed.csv,153110,missing_genres,drop,genres=[]
movies_processed.csv,153112,missing_genres,drop,genres=[]
movies_processed.csv,153114,missing_genres,drop,genres=[]
movies_processed.csv,153118,missing_genres,drop,genres=[]
movies_processed.csv,153130,missing_genres,drop,genres=[]
movies_processed.csv,153140,missing_genres,drop,genres=[]
movies_processed.csv,153144,missing_genres,drop,genres=[]
movies_processed.csv,153152,missing_genres,drop,genres=[]
movies_processed.csv,153158,missing_genres,drop,genres=[]
movies_processed.csv,153182,missing_genres,drop,genres=[]
movies_processed.csv,153184,missing_genres,drop,genres=[]
movies_processed.csv,153194,missing_genres,drop,genres=[]
movies_processed.csv,153196,missing_genres,drop,genres=[]
movies_processed.csv,153202,missing_genres,drop,genres=[]
movies_processed.csv,153204,missing_genres,drop,genres=[]
movies_processed.csv,153210,missing_genres,drop,genres=[]
movies_processed.csv,153212,missing_genres,drop,genres=[]
movies_processed.csv,153214,missing_genres,drop,genres=[]
movies_processed.csv,153218,missing_genres,drop,genres=[]
movies_processed.csv,153230,missing_genres,drop,genres=[]
movies_processed.csv,153244,missing_genres,drop,genres=[]
movies_processed.csv,153248,missing_genres,drop,genres=[]
movies_processed.csv,153256,missing_genres,drop,genres=[]
movies_processed.csv,153260,missing_genres,drop,genres=[]
movies_processed.csv,153264,missing_genres,drop,genres=[]
movies_processed.csv,153268,missing_genres,drop,genres=[]
movies_processed.csv,153272,missing_genres,drop,genres=[]
movies_processed.csv,153274,missing_genres,drop,genres=[]
movies_processed.csv,153276,missing_genres,drop,genres=[]
movies_processed.csv,153288,missing_genres,drop,genres=[]
movies_processed.csv,153296,missing_genres,drop,genres=[]
movies_processed.csv,153302,missing_genres,drop,genres=[]
movies_processed.csv,153308,missing_genres,drop,genres=[]
movies_processed.csv,153312,missing_genres,drop,genres=[]
movies_processed.csv,153314,missing_genres,drop,genres=[]
movies_processed.csv,153318,missing_genres,drop,genres=[]
movies_processed.csv,153322,missing_genres,drop,genres=[]
movies_processed.csv,153324,missing_genres,drop,genres=[]
movies_processed.csv,153334,missing_genres,drop,genres=[]
movies_processed.csv,153340,missing_genres,drop,genres=[]
movies_processed.csv,153342,missing_genres,drop,genres=[]
movies_processed.csv,153350,missing_genres,drop,genres=[]
movies_processed.csv,153372,missing_genres,drop,genres=[]
movies_processed.csv,153380,missing_genres,drop,genres=[]
movies_processed.csv,153382,missing_genres,drop,genres=[]
movies_processed.csv,153396,missing_genres,drop,genres=[]
movies_processed.csv,153400,missing_genres,drop,genres=[]
movies_processed.csv,153402,missing_genres,drop,genres=[]
movies_processed.csv,153416,missing_genres,drop,genres=[]
movies_processed.csv,153424,missing_genres,drop,genres=[]
movies_processed.csv,153442,missing_genres,drop,genres=[]
movies_processed.csv,153450,missing_genres,drop,genres=[]
movies_processed.csv,153454,missing_genres,drop,genres=[]
movies_processed.csv,153456,missing_genres,drop,genres=[]
movies_processed.csv,153458,missing_genres,drop,genres=[]
movies_processed.csv,153470,missing_genres,drop,genres=[]
movies_processed.csv,153474,missing_genres,drop,genres=[]
movies_processed.csv,153476,missing_genres,drop,genres=[]
movies_processed.csv,153480,missing_genres,drop,genres=[]
movies_processed.csv,153482,missing_genres,drop,genres=[]
movies_processed.csv,153488,missing_genres,drop,genres=[]
movies_processed.csv,153494,missing_genres,drop,genres=[]
movies_processed.csv,153504,missing_genres,drop,genres=[]
movies_processed.csv,153506,missing_genres,drop,genres=[]
movies_processed.csv,153548,missing_genres,drop,genres=[]
movies_processed.csv,153568,missing_genres,drop,genres=[]
movies_processed.csv,153574,missing_genres,drop,genres=[]
movies_processed.csv,153590,missing_genres,drop,genres=[]
movies_processed.csv,153596,missing_genres,drop,genres=[]
movies_processed.csv,153598,missing_genres,drop,genres=[]
movies_processed.csv,153604,missing_genres,drop,genres=[]
movies_processed.csv,153610,missing_genres,drop,genres=[]
movies_processed.csv,153616,missing_genres,drop,genres=[]
movies_processed.csv,153620,missing_genres,drop,genres=[]
movies_processed.csv,153638,missing_genres,drop,genres=[]
movies_processed.csv,153642,missing_genres,drop,genres=[]
movies_processed.csv,153644,missing_genres,drop,genres=[]
movies_processed.csv,153650,missing_genres,drop,genres=[]
movies_processed.csv,153674,missing_genres,drop,genres=[]
movies_processed.csv,153684,missing_genres,drop,genres=[]
movies_processed.csv,153686,missing_genres,drop,genres=[]
movies_processed.csv,153692,missing_genres,drop,genres=[]
movies_processed.csv,153700,missing_genres,drop,genres=[]
movies_processed.csv,153706,missing_genres,drop,genres=[]
movies_processed.csv,153714,missing_genres,drop,genres=[]
movies_processed.csv,153722,missing_genres,drop,genres=[]
movies_processed.csv,153726,missing_genres,drop,genres=[]
movies_processed.csv,153730,missing_genres,drop,genres=[]
movies_processed.csv,153736,missing_genres,drop,genres=[]
movies_processed.csv,153742,missing_genres,drop,genres=[]
movies_processed.csv,153744,missing_genres,drop,genres=[]
movies_processed.csv,153746,missing_genres,drop,genres=[]
movies_processed.csv,153754,missing_genres,drop,genres=[]
movies_processed.csv,153778,missing_genres,drop,genres=[]
movies_processed.csv,153812,missing_genres,drop,genres=[]
movies_processed.csv,153814,missing_genres,drop,genres=[]
movies_processed.csv,153818,missing_genres,drop,genres=[]
movies_processed.csv,153822,missing_genres,drop,genres=[]
movies_processed.csv,153838,missing_genres,drop,genres=[]
movies_processed.csv,153849,missing_genres,drop,genres=[]
movies_processed.csv,153855,missing_genres,drop,genres=[]
movies_processed.csv,153859,missing_genres,drop,genres=[]
movies_processed.csv,153871,missing_genres,drop,genres=[]
movies_processed.csv,153873,missing_genres,drop,genres=[]
movies_processed.csv,153883,missing_genres,drop,genres=[]
movies_processed.csv,153889,missing_genres,drop,genres=[]
movies_processed.csv,153913,missing_genres,drop,genres=[]
movies_processed.csv,153917,missing_genres,drop,genres=[]
movies_processed.csv,153937,missing_genres,drop,genres=[]
movies_processed.csv,153951,missing_genres,drop,genres=[]
movies_processed.csv,153963,missing_genres,drop,genres=[]
movies_processed.csv,153967,missing_genres,drop,genres=[]
movies_processed.csv,153973,missing_genres,drop,genres=[]
movies_processed.csv,153977,missing_genres,drop,genres=[]
movies_processed.csv,153979,missing_genres,drop,genres=[]
movies_processed.csv,153985,missing_genres,drop,genres=[]
movies_processed.csv,153989,missing_genres,drop,genres=[]
movies_processed.csv,154023,missing_genres,drop,genres=[]
movies_processed.csv,154047,missing_genres,drop,genres=[]
movies_processed.csv,154059,missing_genres,drop,genres=[]
movies_processed.csv,154104,missing_genres,drop,genres=[]
movies_processed.csv,154108,missing_genres,drop,genres=[]
movies_processed.csv,154110,missing_genres,drop,genres=[]
movies_processed.csv,154120,missing_genres,drop,genres=[]
movies_processed.csv,154130,missing_genres,drop,genres=[]
movies_processed.csv,154132,missing_genres,drop,genres=[]
movies_processed.csv,154136,missing_genres,drop,genres=[]
movies_processed.csv,154140,missing_genres,drop,genres=[]
movies_processed.csv,154142,missing_genres,drop,genres=[]
movies_processed.csv,154172,missing_genres,drop,genres=[]
movies_processed.csv,154184,missing_genres,drop,genres=[]
movies_processed.csv,154200,missing_genres,drop,genres=[]
movies_processed.csv,154206,missing_genres,drop,genres=[]
movies_processed.csv,154228,missing_genres,drop,genres=[]
movies_processed.csv,154232,missing_genres,drop,genres=[]
movies_processed.csv,154240,missing_genres,drop,genres=[]
movies_processed.csv,154258,missing_genres,drop,genres=[]
movies_processed.csv,154260,missing_genres,drop,genres=[]
movies_processed.csv,154266,missing_genres,drop,genres=[]
movies_processed.csv,154300,missing_genres,drop,genres=[]
movies_processed.csv,154307,missing_genres,drop,genres=[]
movies_processed.csv,154309,missing_genres,drop,genres=[]
movies_processed.csv,154339,missing_genres,drop,genres=[]
movies_processed.csv,154341,missing_genres,drop,genres=[]
movies_processed.csv,154344,missing_genres,drop,genres=[]
movies_processed.csv,154354,missing_genres,drop,genres=[]
movies_processed.csv,154360,missing_genres,drop,genres=[]
movies_processed.csv,154362,missing_genres,drop,genres=[]
movies_processed.csv,154364,missing_genres,drop,genres=[]
movies_processed.csv,154370,missing_genres,drop,genres=[]
movies_processed.csv,154376,missing_genres,drop,genres=[]
movies_processed.csv,154380,missing_genres,drop,genres=[]
movies_processed.csv,154386,missing_genres,drop,genres=[]
movies_processed.csv,154408,missing_genres,drop,genres=[]
movies_processed.csv,154422,missing_genres,drop,genres=[]
movies_processed.csv,154438,missing_genres,drop,genres=[]
movies_processed.csv,154440,missing_genres,drop,genres=[]
movies_processed.csv,154442,missing_genres,drop,genres=[]
movies_processed.csv,154452,missing_genres,drop,genres=[]
movies_processed.csv,154482,missing_genres,drop,genres=[]
movies_processed.csv,154492,missing_genres,drop,genres=[]
movies_processed.csv,154498,missing_genres,drop,genres=[]
movies_processed.csv,154518,missing_genres,drop,genres=[]
movies_processed.csv,154530,missing_genres,drop,genres=[]
movies_processed.csv,154538,missing_genres,drop,genres=[]
movies_processed.csv,154556,missing_genres,drop,genres=[]
movies_processed.csv,154572,missing_genres,drop,genres=[]
movies_processed.csv,154582,missing_genres,drop,genres=[]
movies_processed.csv,154586,missing_genres,drop,genres=[]
movies_processed.csv,154590,missing_genres,drop,genres=[]
movies_processed.csv,154594,missing_genres,drop,genres=[]
movies_processed.csv,154596,missing_genres,drop,genres=[]
movies_processed.csv,154600,missing_genres,drop,genres=[]
movies_processed.csv,154602,missing_genres,drop,genres=[]
movies_processed.csv,154608,missing_genres,drop,genres=[]
movies_processed.csv,154634,missing_genres,drop,genres=[]
movies_processed.csv,154642,missing_genres,drop,genres=[]
movies_processed.csv,154648,missing_genres,drop,genres=[]
movies_processed.csv,154652,missing_genres,drop,genres=[]
movies_processed.csv,154654,missing_genres,drop,genres=[]
movies_processed.csv,154658,missing_genres,drop,genres=[]
movies_processed.csv,154662,missing_genres,drop,genres=[]
movies_processed.csv,154664,missing_genres,drop,genres=[]
movies_processed.csv,154668,missing_genres,drop,genres=[]
movies_processed.csv,154670,missing_genres,drop,genres=[]
movies_processed.csv,154674,missing_genres,drop,genres=[]
movies_processed.csv,154703,missing_genres,drop,genres=[]
movies_processed.csv,154729,missing_genres,drop,genres=[]
movies_processed.csv,154751,missing_genres,drop,genres=[]
movies_processed.csv,154776,missing_genres,drop,genres=[]
movies_processed.csv,154782,missing_genres,drop,genres=[]
movies_processed.csv,154786,missing_genres,drop,genres=[]
movies_processed.csv,154788,missing_genres,drop,genres=[]
movies_processed.csv,154794,missing_genres,drop,genres=[]
movies_processed.csv,154806,missing_genres,drop,genres=[]
movies_processed.csv,154808,missing_genres,drop,genres=[]
movies_processed.csv,154812,missing_genres,drop,genres=[]
movies_processed.csv,154814,missing_genres,drop,genres=[]
movies_processed.csv,154816,missing_genres,drop,genres=[]
movies_processed.csv,154820,missing_genres,drop,genres=[]
movies_processed.csv,154836,missing_genres,drop,genres=[]
movies_processed.csv,154842,missing_genres,drop,genres=[]
movies_processed.csv,154844,missing_genres,drop,genres=[]
movies_processed.csv,154854,missing_genres,drop,genres=[]
movies_processed.csv,154858,missing_genres,drop,genres=[]
movies_processed.csv,154860,missing_genres,drop,genres=[]
movies_processed.csv,154864,missing_genres,drop,genres=[]
movies_processed.csv,154866,missing_genres,drop,genres=[]
movies_processed.csv,154870,missing_genres,drop,genres=[]
movies_processed.csv,154872,missing_genres,drop,genres=[]
movies_processed.csv,154876,missing_genres,drop,genres=[]
movies_processed.csv,154878,missing_genres,drop,genres=[]
movies_processed.csv,154884,missing_genres,drop,genres=[]
movies_processed.csv,154886,missing_genres,drop,genres=[]
movies_processed.csv,154888,missing_genres,drop,genres=[]
movies_processed.csv,154892,missing_genres,drop,genres=[]
movies_processed.csv,154894,missing_genres,drop,genres=[]
movies_processed.csv,154896,missing_genres,drop,genres=[]
movies_processed.csv,154898,missing_genres,drop,genres=[]
movies_processed.csv,154900,missing_genres,drop,genres=[]
movies_processed.csv,154904,missing_genres,drop,genres=[]
movies_processed.csv,154906,missing_genres,drop,genres=[]
movies_processed.csv,154927,missing_genres,drop,genres=[]
movies_processed.csv,154929,missing_genres,drop,genres=[]
movies_processed.csv,154931,missing_genres,drop,genres=[]
movies_processed.csv,154949,missing_genres,drop,genres=[]
movies_processed.csv,154951,missing_genres,drop,genres=[]
movies_processed.csv,154978,missing_genres,drop,genres=[]
movies_processed.csv,154986,missing_genres,drop,genres=[]
movies_processed.csv,155020,missing_genres,drop,genres=[]
movies_processed.csv,155028,missing_genres,drop,genres=[]
movies_processed.csv,155052,missing_genres,drop,genres=[]
movies_processed.csv,155058,missing_genres,drop,genres=[]
movies_processed.csv,155094,missing_genres,drop,genres=[]
movies_processed.csv,155106,missing_genres,drop,genres=[]
movies_processed.csv,155111,missing_genres,drop,genres=[]
movies_processed.csv,155121,missing_genres,drop,genres=[]
movies_processed.csv,155129,missing_genres,drop,genres=[]
movies_processed.csv,155145,missing_genres,drop,genres=[]
movies_processed.csv,155160,missing_genres,drop,genres=[]
movies_processed.csv,155172,missing_genres,drop,genres=[]
movies_processed.csv,155178,missing_genres,drop,genres=[]
movies_processed.csv,155243,missing_genres,drop,genres=[]
movies_processed.csv,155245,missing_genres,drop,genres=[]
movies_processed.csv,155249,missing_genres,drop,genres=[]
movies_processed.csv,155279,missing_genres,drop,genres=[]
movies_processed.csv,155298,missing_genres,drop,genres=[]
movies_processed.csv,155302,missing_genres,drop,genres=[]
movies_processed.csv,155304,missing_genres,drop,genres=[]
movies_processed.csv,155310,missing_genres,drop,genres=[]
movies_processed.csv,155312,missing_genres,drop,genres=[]
movies_processed.csv,155314,missing_genres,drop,genres=[]
movies_processed.csv,155326,missing_genres,drop,genres=[]
movies_processed.csv,155328,missing_genres,drop,genres=[]
movies_processed.csv,155334,missing_genres,drop,genres=[]
movies_processed.csv,155336,missing_genres,drop,genres=[]
movies_processed.csv,155399,missing_genres,drop,genres=[]
movies_processed.csv,155418,missing_genres,drop,genres=[]
movies_processed.csv,155420,missing_genres,drop,genres=[]
movies_processed.csv,155453,missing_genres,drop,genres=[]
movies_processed.csv,155462,missing_genres,drop,genres=[]
movies_processed.csv,155475,missing_genres,drop,genres=[]
movies_processed.csv,155481,missing_genres,drop,genres=[]
movies_processed.csv,155483,missing_genres,drop,genres=[]
movies_processed.csv,155485,missing_genres,drop,genres=[]
movies_processed.csv,155493,missing_genres,drop,genres=[]
movies_processed.csv,155517,missing_genres,drop,genres=[]
movies_processed.csv,155529,missing_genres,drop,genres=[]
movies_processed.csv,155539,missing_genres,drop,genres=[]
movies_processed.csv,155571,missing_genres,drop,genres=[]
movies_processed.csv,155587,missing_genres,drop,genres=[]
movies_processed.csv,155589,missing_genres,drop,genres=[]
movies_processed.csv,155593,missing_genres,drop,genres=[]
movies_processed.csv,155597,missing_genres,drop,genres=[]
movies_processed.csv,155617,missing_genres,drop,genres=[]
movies_processed.csv,155621,missing_genres,drop,genres=[]
movies_processed.csv,155631,missing_genres,drop,genres=[]
movies_processed.csv,155633,missing_genres,drop,genres=[]
movies_processed.csv,155639,missing_genres,drop,genres=[]
movies_processed.csv,155656,missing_genres,drop,genres=[]
movies_processed.csv,155703,missing_genres,drop,genres=[]
movies_processed.csv,155750,missing_genres,drop,genres=[]
movies_processed.csv,155752,missing_genres,drop,genres=[]
movies_processed.csv,155764,missing_genres,drop,genres=[]
movies_processed.csv,155768,missing_genres,drop,genres=[]
movies_processed.csv,155770,missing_genres,drop,genres=[]
movies_processed.csv,155786,missing_genres,drop,genres=[]
movies_processed.csv,155792,missing_genres,drop,genres=[]
movies_processed.csv,155794,missing_genres,drop,genres=[]
movies_processed.csv,155802,missing_genres,drop,genres=[]
movies_processed.csv,155838,missing_genres,drop,genres=[]
movies_processed.csv,155844,missing_genres,drop,genres=[]
movies_processed.csv,155854,missing_genres,drop,genres=[]
movies_processed.csv,155856,missing_genres,drop,genres=[]
movies_processed.csv,155870,missing_genres,drop,genres=[]
movies_processed.csv,155884,missing_genres,drop,genres=[]
movies_processed.csv,155886,missing_genres,drop,genres=[]
movies_processed.csv,155923,missing_genres,drop,genres=[]
movies_processed.csv,155927,missing_genres,drop,genres=[]
movies_processed.csv,155932,missing_genres,drop,genres=[]
movies_processed.csv,155986,missing_genres,drop,genres=[]
movies_processed.csv,155990,missing_genres,drop,genres=[]
movies_processed.csv,156015,missing_genres,drop,genres=[]
movies_processed.csv,156023,missing_genres,drop,genres=[]
movies_processed.csv,156048,missing_genres,drop,genres=[]
movies_processed.csv,156052,missing_genres,drop,genres=[]
movies_processed.csv,156071,missing_genres,drop,genres=[]
movies_processed.csv,156075,missing_genres,drop,genres=[]
movies_processed.csv,156077,missing_genres,drop,genres=[]
movies_processed.csv,156097,missing_genres,drop,genres=[]
movies_processed.csv,156101,missing_genres,drop,genres=[]
movies_processed.csv,156175,missing_genres,drop,genres=[]
movies_processed.csv,156180,missing_genres,drop,genres=[]
movies_processed.csv,156218,missing_genres,drop,genres=[]
movies_processed.csv,156224,missing_genres,drop,genres=[]
movies_processed.csv,156233,missing_genres,drop,genres=[]
movies_processed.csv,156250,missing_genres,drop,genres=[]
movies_processed.csv,156268,missing_genres,drop,genres=[]
movies_processed.csv,156278,missing_genres,drop,genres=[]
movies_processed.csv,156284,missing_genres,drop,genres=[]
movies_processed.csv,156329,missing_genres,drop,genres=[]
movies_processed.csv,156342,missing_genres,drop,genres=[]
movies_processed.csv,156375,missing_genres,drop,genres=[]
movies_processed.csv,156412,missing_genres,drop,genres=[]
movies_processed.csv,156416,missing_genres,drop,genres=[]
movies_processed.csv,156420,missing_genres,drop,genres=[]
movies_processed.csv,156457,missing_genres,drop,genres=[]
movies_processed.csv,156460,missing_genres,drop,genres=[]
movies_processed.csv,156481,missing_genres,drop,genres=[]
movies_processed.csv,156493,missing_genres,drop,genres=[]
movies_processed.csv,156517,missing_genres,drop,genres=[]
movies_processed.csv,156525,missing_genres,drop,genres=[]
movies_processed.csv,156533,missing_genres,drop,genres=[]
movies_processed.csv,156537,missing_genres,drop,genres=[]
movies_processed.csv,156571,missing_genres,drop,genres=[]
movies_processed.csv,156575,missing_genres,drop,genres=[]
movies_processed.csv,156577,missing_genres,drop,genres=[]
movies_processed.csv,156581,missing_genres,drop,genres=[]
movies_processed.csv,156583,missing_genres,drop,genres=[]
movies_processed.csv,156585,missing_genres,drop,genres=[]
movies_processed.csv,156591,missing_genres,drop,genres=[]
movies_processed.csv,156605,missing_genres,drop,genres=[]
movies_processed.csv,156613,missing_genres,drop,genres=[]
movies_processed.csv,156623,missing_genres,drop,genres=[]
movies_processed.csv,156661,missing_genres,drop,genres=[]
movies_processed.csv,156684,missing_genres,drop,genres=[]
movies_processed.csv,156686,missing_genres,drop,genres=[]
movies_processed.csv,156688,missing_genres,drop,genres=[]
movies_processed.csv,156708,missing_genres,drop,genres=[]
movies_processed.csv,156720,missing_genres,drop,genres=[]
movies_processed.csv,156724,missing_genres,drop,genres=[]
movies_processed.csv,156736,missing_genres,drop,genres=[]
movies_processed.csv,156761,missing_genres,drop,genres=[]
movies_processed.csv,156765,missing_genres,drop,genres=[]
movies_processed.csv,156844,missing_genres,drop,genres=[]
movies_processed.csv,156848,missing_genres,drop,genres=[]
movies_processed.csv,156853,missing_genres,drop,genres=[]
movies_processed.csv,156873,missing_genres,drop,genres=[]
movies_processed.csv,156894,missing_genres,drop,genres=[]
movies_processed.csv,156911,missing_genres,drop,genres=[]
movies_processed.csv,156913,missing_genres,drop,genres=[]
movies_processed.csv,156915,missing_genres,drop,genres=[]
movies_processed.csv,156919,missing_genres,drop,genres=[]
movies_processed.csv,156950,missing_genres,drop,genres=[]
movies_processed.csv,156954,missing_genres,drop,genres=[]
movies_processed.csv,156989,missing_genres,drop,genres=[]
movies_processed.csv,156991,missing_genres,drop,genres=[]
movies_processed.csv,156993,missing_genres,drop,genres=[]
movies_processed.csv,156996,missing_genres,drop,genres=[]
movies_processed.csv,157000,missing_genres,drop,genres=[]
movies_processed.csv,157004,missing_genres,drop,genres=[]
movies_processed.csv,157006,missing_genres,drop,genres=[]
movies_processed.csv,157014,missing_genres,drop,genres=[]
movies_processed.csv,157028,missing_genres,drop,genres=[]
movies_processed.csv,157038,missing_genres,drop,genres=[]
movies_processed.csv,157041,missing_genres,drop,genres=[]
movies_processed.csv,157057,missing_genres,drop,genres=[]
movies_processed.csv,157063,missing_genres,drop,genres=[]
movies_processed.csv,157083,missing_genres,drop,genres=[]
movies_processed.csv,157089,missing_genres,drop,genres=[]
movies_processed.csv,157128,missing_genres,drop,genres=[]
movies_processed.csv,157168,missing_genres,drop,genres=[]
movies_processed.csv,157194,missing_genres,drop,genres=[]
movies_processed.csv,157240,missing_genres,drop,genres=[]
movies_processed.csv,157242,missing_genres,drop,genres=[]
movies_processed.csv,157260,missing_genres,drop,genres=[]
movies_processed.csv,157262,missing_genres,drop,genres=[]
movies_processed.csv,157264,missing_genres,drop,genres=[]
movies_processed.csv,157278,missing_genres,drop,genres=[]
movies_processed.csv,157294,missing_genres,drop,genres=[]
movies_processed.csv,157300,missing_genres,drop,genres=[]
movies_processed.csv,157302,missing_genres,drop,genres=[]
movies_processed.csv,157306,missing_genres,drop,genres=[]
movies_processed.csv,157314,missing_genres,drop,genres=[]
movies_processed.csv,157320,missing_genres,drop,genres=[]
movies_processed.csv,157322,missing_genres,drop,genres=[]
movies_processed.csv,157332,missing_genres,drop,genres=[]
movies_processed.csv,157357,missing_genres,drop,genres=[]
movies_processed.csv,157381,missing_genres,drop,genres=[]
movies_processed.csv,157401,missing_genres,drop,genres=[]
movies_processed.csv,157442,missing_genres,drop,genres=[]
movies_processed.csv,157524,missing_genres,drop,genres=[]
movies_processed.csv,157544,missing_genres,drop,genres=[]
movies_processed.csv,157549,missing_genres,drop,genres=[]
movies_processed.csv,157609,missing_genres,drop,genres=[]
movies_processed.csv,157611,missing_genres,drop,genres=[]
movies_processed.csv,157615,missing_genres,drop,genres=[]
movies_processed.csv,157619,missing_genres,drop,genres=[]
movies_processed.csv,157703,missing_genres,drop,genres=[]
movies_processed.csv,157709,missing_genres,drop,genres=[]
movies_processed.csv,157715,missing_genres,drop,genres=[]
movies_processed.csv,157717,missing_genres,drop,genres=[]
movies_processed.csv,157725,missing_genres,drop,genres=[]
movies_processed.csv,157735,missing_genres,drop,genres=[]
movies_processed.csv,157737,missing_genres,drop,genres=[]
movies_processed.csv,157741,missing_genres,drop,genres=[]
movies_processed.csv,157759,missing_genres,drop,genres=[]
movies_processed.csv,157761,missing_genres,drop,genres=[]
movies_processed.csv,157781,missing_genres,drop,genres=[]
movies_processed.csv,157787,missing_genres,drop,genres=[]
movies_processed.csv,157789,missing_genres,drop,genres=[]
movies_processed.csv,157791,missing_genres,drop,genres=[]
movies_processed.csv,157795,missing_genres,drop,genres=[]
movies_processed.csv,157809,missing_genres,drop,genres=[]
movies_processed.csv,157811,missing_genres,drop,genres=[]
movies_processed.csv,157813,missing_genres,drop,genres=[]
movies_processed.csv,157815,missing_genres,drop,genres=[]
movies_processed.csv,157817,missing_genres,drop,genres=[]
movies_processed.csv,157819,missing_genres,drop,genres=[]
movies_processed.csv,157833,missing_genres,drop,genres=[]
movies_processed.csv,157845,missing_genres,drop,genres=[]
movies_processed.csv,157847,missing_genres,drop,genres=[]
movies_processed.csv,157849,missing_genres,drop,genres=[]
movies_processed.csv,157863,missing_genres,drop,genres=[]
movies_processed.csv,157875,missing_genres,drop,genres=[]
movies_processed.csv,157877,missing_genres,drop,genres=[]
movies_processed.csv,157895,missing_genres,drop,genres=[]
movies_processed.csv,157903,missing_genres,drop,genres=[]
movies_processed.csv,157905,missing_genres,drop,genres=[]
movies_processed.csv,157909,missing_genres,drop,genres=[]
movies_processed.csv,157941,missing_genres,drop,genres=[]
movies_processed.csv,157947,missing_genres,drop,genres=[]
movies_processed.csv,157949,missing_genres,drop,genres=[]
movies_processed.csv,157967,missing_genres,drop,genres=[]
movies_processed.csv,157971,missing_genres,drop,genres=[]
movies_processed.csv,157979,missing_genres,drop,genres=[]
movies_processed.csv,157987,missing_genres,drop,genres=[]
movies_processed.csv,158005,missing_genres,drop,genres=[]
movies_processed.csv,158013,missing_genres,drop,genres=[]
movies_processed.csv,158017,missing_genres,drop,genres=[]
movies_processed.csv,158031,missing_genres,drop,genres=[]
movies_processed.csv,158033,missing_genres,drop,genres=[]
movies_processed.csv,158047,missing_genres,drop,genres=[]
movies_processed.csv,158056,missing_genres,drop,genres=[]
movies_processed.csv,158062,missing_genres,drop,genres=[]
movies_processed.csv,158084,missing_genres,drop,genres=[]
movies_processed.csv,158086,missing_genres,drop,genres=[]
movies_processed.csv,158107,missing_genres,drop,genres=[]
movies_processed.csv,158119,missing_genres,drop,genres=[]
movies_processed.csv,158121,missing_genres,drop,genres=[]
movies_processed.csv,158127,missing_genres,drop,genres=[]
movies_processed.csv,158133,missing_genres,drop,genres=[]
movies_processed.csv,158143,missing_genres,drop,genres=[]
movies_processed.csv,158147,missing_genres,drop,genres=[]
movies_processed.csv,158161,missing_genres,drop,genres=[]
movies_processed.csv,158190,missing_genres,drop,genres=[]
movies_processed.csv,158206,missing_genres,drop,genres=[]
movies_processed.csv,158210,missing_genres,drop,genres=[]
movies_processed.csv,158222,missing_genres,drop,genres=[]
movies_processed.csv,158224,missing_genres,drop,genres=[]
movies_processed.csv,158230,missing_genres,drop,genres=[]
movies_processed.csv,158234,missing_genres,drop,genres=[]
movies_processed.csv,158240,missing_genres,drop,genres=[]
movies_processed.csv,158262,missing_genres,drop,genres=[]
movies_processed.csv,158272,missing_genres,drop,genres=[]
movies_processed.csv,158292,missing_genres,drop,genres=[]
movies_processed.csv,158302,missing_genres,drop,genres=[]
movies_processed.csv,158312,missing_genres,drop,genres=[]
movies_processed.csv,158342,missing_genres,drop,genres=[]
movies_processed.csv,158364,missing_genres,drop,genres=[]
movies_processed.csv,158370,missing_genres,drop,genres=[]
movies_processed.csv,158386,missing_genres,drop,genres=[]
movies_processed.csv,158424,missing_genres,drop,genres=[]
movies_processed.csv,158426,missing_genres,drop,genres=[]
movies_processed.csv,158451,missing_genres,drop,genres=[]
movies_processed.csv,158455,missing_genres,drop,genres=[]
movies_processed.csv,158493,missing_genres,drop,genres=[]
movies_processed.csv,158506,missing_genres,drop,genres=[]
movies_processed.csv,158526,missing_genres,drop,genres=[]
movies_processed.csv,158536,missing_genres,drop,genres=[]
movies_processed.csv,158553,missing_genres,drop,genres=[]
movies_processed.csv,158555,missing_genres,drop,genres=[]
movies_processed.csv,158563,missing_genres,drop,genres=[]
movies_processed.csv,158583,missing_genres,drop,genres=[]
movies_processed.csv,158637,missing_genres,drop,genres=[]
movies_processed.csv,158675,missing_genres,drop,genres=[]
movies_processed.csv,158693,missing_genres,drop,genres=[]
movies_processed.csv,158765,missing_genres,drop,genres=[]
movies_processed.csv,158773,missing_genres,drop,genres=[]
movies_processed.csv,158789,missing_genres,drop,genres=[]
movies_processed.csv,158791,missing_genres,drop,genres=[]
movies_processed.csv,158797,missing_genres,drop,genres=[]
movies_processed.csv,158805,missing_genres,drop,genres=[]
movies_processed.csv,158807,missing_genres,drop,genres=[]
movies_processed.csv,158838,missing_genres,drop,genres=[]
movies_processed.csv,158854,missing_genres,drop,genres=[]
movies_processed.csv,158860,missing_genres,drop,genres=[]
movies_processed.csv,158862,missing_genres,drop,genres=[]
movies_processed.csv,158864,missing_genres,drop,genres=[]
movies_processed.csv,158998,missing_genres,drop,genres=[]
movies_processed.csv,159050,missing_genres,drop,genres=[]
movies_processed.csv,159067,missing_genres,drop,genres=[]
movies_processed.csv,159073,missing_genres,drop,genres=[]
movies_processed.csv,159097,missing_genres,drop,genres=[]
movies_processed.csv,159101,missing_genres,drop,genres=[]
movies_processed.csv,159109,missing_genres,drop,genres=[]
movies_processed.csv,159113,missing_genres,drop,genres=[]
movies_processed.csv,159117,missing_genres,drop,genres=[]
movies_processed.csv,159123,missing_genres,drop,genres=[]
movies_processed.csv,159125,missing_genres,drop,genres=[]
movies_processed.csv,159127,missing_genres,drop,genres=[]
movies_processed.csv,159129,missing_genres,drop,genres=[]
movies_processed.csv,159141,missing_genres,drop,genres=[]
movies_processed.csv,159143,missing_genres,drop,genres=[]
movies_processed.csv,159145,missing_genres,drop,genres=[]
movies_processed.csv,159161,missing_genres,drop,genres=[]
movies_processed.csv,159189,missing_genres,drop,genres=[]
movies_processed.csv,159199,missing_genres,drop,genres=[]
movies_processed.csv,159257,missing_genres,drop,genres=[]
movies_processed.csv,159259,missing_genres,drop,genres=[]
movies_processed.csv,159261,missing_genres,drop,genres=[]
movies_processed.csv,159273,missing_genres,drop,genres=[]
movies_processed.csv,159281,missing_genres,drop,genres=[]
movies_processed.csv,159283,missing_genres,drop,genres=[]
movies_processed.csv,159287,missing_genres,drop,genres=[]
movies_processed.csv,159295,missing_genres,drop,genres=[]
movies_processed.csv,159297,missing_genres,drop,genres=[]
movies_processed.csv,159301,missing_genres,drop,genres=[]
movies_processed.csv,159305,missing_genres,drop,genres=[]
movies_processed.csv,159307,missing_genres,drop,genres=[]
movies_processed.csv,159313,missing_genres,drop,genres=[]
movies_processed.csv,159325,missing_genres,drop,genres=[]
movies_processed.csv,159335,missing_genres,drop,genres=[]
movies_processed.csv,159337,missing_genres,drop,genres=[]
movies_processed.csv,159341,missing_genres,drop,genres=[]
movies_processed.csv,159343,missing_genres,drop,genres=[]
movies_processed.csv,159345,missing_genres,drop,genres=[]
movies_processed.csv,159391,missing_genres,drop,genres=[]
movies_processed.csv,159423,missing_genres,drop,genres=[]
movies_processed.csv,159445,missing_genres,drop,genres=[]
movies_processed.csv,159471,missing_genres,drop,genres=[]
movies_processed.csv,159473,missing_genres,drop,genres=[]
movies_processed.csv,159488,missing_genres,drop,genres=[]
movies_processed.csv,159522,missing_genres,drop,genres=[]
movies_processed.csv,159548,missing_genres,drop,genres=[]
movies_processed.csv,159560,missing_genres,drop,genres=[]
movies_processed.csv,159664,missing_genres,drop,genres=[]
movies_processed.csv,159674,missing_genres,drop,genres=[]
movies_processed.csv,159708,missing_genres,drop,genres=[]
movies_processed.csv,159723,missing_genres,drop,genres=[]
movies_processed.csv,159753,missing_genres,drop,genres=[]
movies_processed.csv,159759,missing_genres,drop,genres=[]
movies_processed.csv,159779,missing_genres,drop,genres=[]
movies_processed.csv,159789,missing_genres,drop,genres=[]
movies_processed.csv,159805,missing_genres,drop,genres=[]
movies_processed.csv,159843,missing_genres,drop,genres=[]
movies_processed.csv,159877,missing_genres,drop,genres=[]
movies_processed.csv,159879,missing_genres,drop,genres=[]
movies_processed.csv,159882,missing_genres,drop,genres=[]
movies_processed.csv,159947,missing_genres,drop,genres=[]
movies_processed.csv,159949,missing_genres,drop,genres=[]
movies_processed.csv,159984,missing_genres,drop,genres=[]
movies_processed.csv,159988,missing_genres,drop,genres=[]
movies_processed.csv,159998,missing_genres,drop,genres=[]
movies_processed.csv,160004,missing_genres,drop,genres=[]
movies_processed.csv,160022,missing_genres,drop,genres=[]
movies_processed.csv,160036,missing_genres,drop,genres=[]
movies_processed.csv,160040,missing_genres,drop,genres=[]
movies_processed.csv,160044,missing_genres,drop,genres=[]
movies_processed.csv,160050,missing_genres,drop,genres=[]
movies_processed.csv,160058,missing_genres,drop,genres=[]
movies_processed.csv,160060,missing_genres,drop,genres=[]
movies_processed.csv,160068,missing_genres,drop,genres=[]
movies_processed.csv,160076,missing_genres,drop,genres=[]
movies_processed.csv,160078,missing_genres,drop,genres=[]
movies_processed.csv,160096,missing_genres,drop,genres=[]
movies_processed.csv,160124,missing_genres,drop,genres=[]
movies_processed.csv,160128,missing_genres,drop,genres=[]
movies_processed.csv,160167,missing_genres,drop,genres=[]
movies_processed.csv,160171,missing_genres,drop,genres=[]
movies_processed.csv,160173,missing_genres,drop,genres=[]
movies_processed.csv,160213,missing_genres,drop,genres=[]
movies_processed.csv,160240,missing_genres,drop,genres=[]
movies_processed.csv,160257,missing_genres,drop,genres=[]
movies_processed.csv,160269,missing_genres,drop,genres=[]
movies_processed.csv,160277,missing_genres,drop,genres=[]
movies_processed.csv,160295,missing_genres,drop,genres=[]
movies_processed.csv,160315,missing_genres,drop,genres=[]
movies_processed.csv,160317,missing_genres,drop,genres=[]
movies_processed.csv,160364,missing_genres,drop,genres=[]
movies_processed.csv,160366,missing_genres,drop,genres=[]
movies_processed.csv,160378,missing_genres,drop,genres=[]
movies_processed.csv,160380,missing_genres,drop,genres=[]
movies_processed.csv,160384,missing_genres,drop,genres=[]
movies_processed.csv,160386,missing_genres,drop,genres=[]
movies_processed.csv,160394,missing_genres,drop,genres=[]
movies_processed.csv,160398,missing_genres,drop,genres=[]
movies_processed.csv,160410,missing_genres,drop,genres=[]
movies_processed.csv,160412,missing_genres,drop,genres=[]
movies_processed.csv,160420,missing_genres,drop,genres=[]
movies_processed.csv,160426,missing_genres,drop,genres=[]
movies_processed.csv,160428,missing_genres,drop,genres=[]
movies_processed.csv,160466,missing_genres,drop,genres=[]
movies_processed.csv,160468,missing_genres,drop,genres=[]
movies_processed.csv,160476,missing_genres,drop,genres=[]
movies_processed.csv,160488,missing_genres,drop,genres=[]
movies_processed.csv,160498,missing_genres,drop,genres=[]
movies_processed.csv,160513,missing_genres,drop,genres=[]
movies_processed.csv,160535,missing_genres,drop,genres=[]
movies_processed.csv,160541,missing_genres,drop,genres=[]
movies_processed.csv,160579,missing_genres,drop,genres=[]
movies_processed.csv,160590,missing_genres,drop,genres=[]
movies_processed.csv,160606,missing_genres,drop,genres=[]
movies_processed.csv,160614,missing_genres,drop,genres=[]
movies_processed.csv,160616,missing_genres,drop,genres=[]
movies_processed.csv,160618,missing_genres,drop,genres=[]
movies_processed.csv,160622,missing_genres,drop,genres=[]
movies_processed.csv,160624,missing_genres,drop,genres=[]
movies_processed.csv,160676,missing_genres,drop,genres=[]
movies_processed.csv,160692,missing_genres,drop,genres=[]
movies_processed.csv,160732,missing_genres,drop,genres=[]
movies_processed.csv,160740,missing_genres,drop,genres=[]
movies_processed.csv,160806,missing_genres,drop,genres=[]
movies_processed.csv,160820,missing_genres,drop,genres=[]
movies_processed.csv,160868,missing_genres,drop,genres=[]
movies_processed.csv,160880,missing_genres,drop,genres=[]
movies_processed.csv,160888,missing_genres,drop,genres=[]
movies_processed.csv,160946,missing_genres,drop,genres=[]
movies_processed.csv,160952,missing_genres,drop,genres=[]
movies_processed.csv,160964,missing_genres,drop,genres=[]
movies_processed.csv,160966,missing_genres,drop,genres=[]
movies_processed.csv,160968,missing_genres,drop,genres=[]
movies_processed.csv,160970,missing_genres,drop,genres=[]
movies_processed.csv,160972,missing_genres,drop,genres=[]
movies_processed.csv,161002,missing_genres,drop,genres=[]
movies_processed.csv,161008,missing_genres,drop,genres=[]
movies_processed.csv,161016,missing_genres,drop,genres=[]
movies_processed.csv,161038,missing_genres,drop,genres=[]
movies_processed.csv,161040,missing_genres,drop,genres=[]
movies_processed.csv,161050,missing_genres,drop,genres=[]
movies_processed.csv,161072,missing_genres,drop,genres=[]
movies_processed.csv,161113,missing_genres,drop,genres=[]
movies_processed.csv,161133,missing_genres,drop,genres=[]
movies_processed.csv,161143,missing_genres,drop,genres=[]
movies_processed.csv,161202,missing_genres,drop,genres=[]
movies_processed.csv,161248,missing_genres,drop,genres=[]
movies_processed.csv,161250,missing_genres,drop,genres=[]
movies_processed.csv,161252,missing_genres,drop,genres=[]
movies_processed.csv,161254,missing_genres,drop,genres=[]
movies_processed.csv,161276,missing_genres,drop,genres=[]
movies_processed.csv,161278,missing_genres,drop,genres=[]
movies_processed.csv,161294,missing_genres,drop,genres=[]
movies_processed.csv,161300,missing_genres,drop,genres=[]
movies_processed.csv,161308,missing_genres,drop,genres=[]
movies_processed.csv,161366,missing_genres,drop,genres=[]
movies_processed.csv,161376,missing_genres,drop,genres=[]
movies_processed.csv,161380,missing_genres,drop,genres=[]
movies_processed.csv,161410,missing_genres,drop,genres=[]
movies_processed.csv,161428,missing_genres,drop,genres=[]
movies_processed.csv,161460,missing_genres,drop,genres=[]
movies_processed.csv,161466,missing_genres,drop,genres=[]
movies_processed.csv,161468,missing_genres,drop,genres=[]
movies_processed.csv,161512,missing_genres,drop,genres=[]
movies_processed.csv,161542,missing_genres,drop,genres=[]
movies_processed.csv,161546,missing_genres,drop,genres=[]
movies_processed.csv,161558,missing_genres,drop,genres=[]
movies_processed.csv,161598,missing_genres,drop,genres=[]
movies_processed.csv,161604,missing_genres,drop,genres=[]
movies_processed.csv,161610,missing_genres,drop,genres=[]
movies_processed.csv,161620,missing_genres,drop,genres=[]
movies_processed.csv,161630,missing_genres,drop,genres=[]
movies_processed.csv,161640,missing_genres,drop,genres=[]
movies_processed.csv,161642,missing_genres,drop,genres=[]
movies_processed.csv,161646,missing_genres,drop,genres=[]
movies_processed.csv,161658,missing_genres,drop,genres=[]
movies_processed.csv,161670,missing_genres,drop,genres=[]
movies_processed.csv,161706,missing_genres,drop,genres=[]
movies_processed.csv,161708,missing_genres,drop,genres=[]
movies_processed.csv,161710,missing_genres,drop,genres=[]
movies_processed.csv,161712,missing_genres,drop,genres=[]
movies_processed.csv,161718,missing_genres,drop,genres=[]
movies_processed.csv,161764,missing_genres,drop,genres=[]
movies_processed.csv,161788,missing_genres,drop,genres=[]
movies_processed.csv,161790,missing_genres,drop,genres=[]
movies_processed.csv,161792,missing_genres,drop,genres=[]
movies_processed.csv,161800,missing_genres,drop,genres=[]
movies_processed.csv,161804,missing_genres,drop,genres=[]
movies_processed.csv,161806,missing_genres,drop,genres=[]
movies_processed.csv,161808,missing_genres,drop,genres=[]
movies_processed.csv,161840,missing_genres,drop,genres=[]
movies_processed.csv,161868,missing_genres,drop,genres=[]
movies_processed.csv,161876,missing_genres,drop,genres=[]
movies_processed.csv,161948,missing_genres,drop,genres=[]
movies_processed.csv,161952,missing_genres,drop,genres=[]
movies_processed.csv,162006,missing_genres,drop,genres=[]
movies_processed.csv,162104,missing_genres,drop,genres=[]
movies_processed.csv,162114,missing_genres,drop,genres=[]
movies_processed.csv,162126,missing_genres,drop,genres=[]
movies_processed.csv,162154,missing_genres,drop,genres=[]
movies_processed.csv,162166,missing_genres,drop,genres=[]
movies_processed.csv,162174,missing_genres,drop,genres=[]
movies_processed.csv,162196,missing_genres,drop,genres=[]
movies_processed.csv,162212,missing_genres,drop,genres=[]
movies_processed.csv,162214,missing_genres,drop,genres=[]
movies_processed.csv,162238,missing_genres,drop,genres=[]
movies_processed.csv,162290,missing_genres,drop,genres=[]
movies_processed.csv,162306,missing_genres,drop,genres=[]
movies_processed.csv,162326,missing_genres,drop,genres=[]
movies_processed.csv,162342,missing_genres,drop,genres=[]
movies_processed.csv,162354,missing_genres,drop,genres=[]
movies_processed.csv,162398,missing_genres,drop,genres=[]
movies_processed.csv,162400,missing_genres,drop,genres=[]
movies_processed.csv,162404,missing_genres,drop,genres=[]
movies_processed.csv,162412,missing_genres,drop,genres=[]
movies_processed.csv,162420,missing_genres,drop,genres=[]
movies_processed.csv,162446,missing_genres,drop,genres=[]
movies_processed.csv,162486,missing_genres,drop,genres=[]
movies_processed.csv,162504,missing_genres,drop,genres=[]
movies_processed.csv,162524,missing_genres,drop,genres=[]
movies_processed.csv,162550,missing_genres,drop,genres=[]
movies_processed.csv,162566,missing_genres,drop,genres=[]
movies_processed.csv,162570,missing_genres,drop,genres=[]
movies_processed.csv,162574,missing_genres,drop,genres=[]
movies_processed.csv,162580,missing_genres,drop,genres=[]
movies_processed.csv,162608,missing_genres,drop,genres=[]
movies_processed.csv,162614,missing_genres,drop,genres=[]
movies_processed.csv,162644,missing_genres,drop,genres=[]
movies_processed.csv,162690,missing_genres,drop,genres=[]
movies_processed.csv,162698,missing_genres,drop,genres=[]
movies_processed.csv,162702,missing_genres,drop,genres=[]
movies_processed.csv,162710,missing_genres,drop,genres=[]
movies_processed.csv,162720,missing_genres,drop,genres=[]
movies_processed.csv,162722,missing_genres,drop,genres=[]
movies_processed.csv,162740,missing_genres,drop,genres=[]
movies_processed.csv,162742,missing_genres,drop,genres=[]
movies_processed.csv,162746,missing_genres,drop,genres=[]
movies_processed.csv,162760,missing_genres,drop,genres=[]
movies_processed.csv,162786,missing_genres,drop,genres=[]
movies_processed.csv,162788,missing_genres,drop,genres=[]
movies_processed.csv,162796,missing_genres,drop,genres=[]
movies_processed.csv,162802,missing_genres,drop,genres=[]
movies_processed.csv,162808,missing_genres,drop,genres=[]
movies_processed.csv,162810,missing_genres,drop,genres=[]
movies_processed.csv,162812,missing_genres,drop,genres=[]
movies_processed.csv,162836,missing_genres,drop,genres=[]
movies_processed.csv,162850,missing_genres,drop,genres=[]
movies_processed.csv,162862,missing_genres,drop,genres=[]
movies_processed.csv,162866,missing_genres,drop,genres=[]
movies_processed.csv,162886,missing_genres,drop,genres=[]
movies_processed.csv,162892,missing_genres,drop,genres=[]
movies_processed.csv,162902,missing_genres,drop,genres=[]
movies_processed.csv,162904,missing_genres,drop,genres=[]
movies_processed.csv,162910,missing_genres,drop,genres=[]
movies_processed.csv,162912,missing_genres,drop,genres=[]
movies_processed.csv,162928,missing_genres,drop,genres=[]
movies_processed.csv,162936,missing_genres,drop,genres=[]
movies_processed.csv,162938,missing_genres,drop,genres=[]
movies_processed.csv,162942,missing_genres,drop,genres=[]
movies_processed.csv,162944,missing_genres,drop,genres=[]
movies_processed.csv,162966,missing_genres,drop,genres=[]
movies_processed.csv,162980,missing_genres,drop,genres=[]
movies_processed.csv,162992,missing_genres,drop,genres=[]
movies_processed.csv,163010,missing_genres,drop,genres=[]
movies_processed.csv,163016,missing_genres,drop,genres=[]
movies_processed.csv,163024,missing_genres,drop,genres=[]
movies_processed.csv,163026,missing_genres,drop,genres=[]
movies_processed.csv,163038,missing_genres,drop,genres=[]
movies_processed.csv,163040,missing_genres,drop,genres=[]
movies_processed.csv,163042,missing_genres,drop,genres=[]
movies_processed.csv,163046,missing_genres,drop,genres=[]
movies_processed.csv,163058,missing_genres,drop,genres=[]
movies_processed.csv,163078,missing_genres,drop,genres=[]
movies_processed.csv,163080,missing_genres,drop,genres=[]
movies_processed.csv,163082,missing_genres,drop,genres=[]
movies_processed.csv,163104,missing_genres,drop,genres=[]
movies_processed.csv,163130,missing_genres,drop,genres=[]
movies_processed.csv,163160,missing_genres,drop,genres=[]
movies_processed.csv,163162,missing_genres,drop,genres=[]
movies_processed.csv,163166,missing_genres,drop,genres=[]
movies_processed.csv,163176,missing_genres,drop,genres=[]
movies_processed.csv,163182,missing_genres,drop,genres=[]
movies_processed.csv,163210,missing_genres,drop,genres=[]
movies_processed.csv,163218,missing_genres,drop,genres=[]
movies_processed.csv,163220,missing_genres,drop,genres=[]
movies_processed.csv,163224,missing_genres,drop,genres=[]
movies_processed.csv,163228,missing_genres,drop,genres=[]
movies_processed.csv,163236,missing_genres,drop,genres=[]
movies_processed.csv,163238,missing_genres,drop,genres=[]
movies_processed.csv,163248,missing_genres,drop,genres=[]
movies_processed.csv,163250,missing_genres,drop,genres=[]
movies_processed.csv,163254,missing_genres,drop,genres=[]
movies_processed.csv,163280,missing_genres,drop,genres=[]
movies_processed.csv,163288,missing_genres,drop,genres=[]
movies_processed.csv,163298,missing_genres,drop,genres=[]
movies_processed.csv,163316,missing_genres,drop,genres=[]
movies_processed.csv,163322,missing_genres,drop,genres=[]
movies_processed.csv,163324,missing_genres,drop,genres=[]
movies_processed.csv,163326,missing_genres,drop,genres=[]
movies_processed.csv,163330,missing_genres,drop,genres=[]
movies_processed.csv,163332,missing_genres,drop,genres=[]
movies_processed.csv,163336,missing_genres,drop,genres=[]
movies_processed.csv,163338,missing_genres,drop,genres=[]
movies_processed.csv,163340,missing_genres,drop,genres=[]
movies_processed.csv,163348,missing_genres,drop,genres=[]
movies_processed.csv,163374,missing_genres,drop,genres=[]
movies_processed.csv,163378,missing_genres,drop,genres=[]
movies_processed.csv,163398,missing_genres,drop,genres=[]
movies_processed.csv,163400,missing_genres,drop,genres=[]
movies_processed.csv,163402,missing_genres,drop,genres=[]
movies_processed.csv,163406,missing_genres,drop,genres=[]
movies_processed.csv,163408,missing_genres,drop,genres=[]
movies_processed.csv,163410,missing_genres,drop,genres=[]
movies_processed.csv,163418,missing_genres,drop,genres=[]
movies_processed.csv,163424,missing_genres,drop,genres=[]
movies_processed.csv,163434,missing_genres,drop,genres=[]
movies_processed.csv,163442,missing_genres,drop,genres=[]
movies_processed.csv,163448,missing_genres,drop,genres=[]
movies_processed.csv,163454,missing_genres,drop,genres=[]
movies_processed.csv,163482,missing_genres,drop,genres=[]
movies_processed.csv,163490,missing_genres,drop,genres=[]
movies_processed.csv,163498,missing_genres,drop,genres=[]
movies_processed.csv,163506,missing_genres,drop,genres=[]
movies_processed.csv,163537,missing_genres,drop,genres=[]
movies_processed.csv,163567,missing_genres,drop,genres=[]
movies_processed.csv,163583,missing_genres,drop,genres=[]
movies_processed.csv,163585,missing_genres,drop,genres=[]
movies_processed.csv,163591,missing_genres,drop,genres=[]
movies_processed.csv,163595,missing_genres,drop,genres=[]
movies_processed.csv,163597,missing_genres,drop,genres=[]
movies_processed.csv,163605,missing_genres,drop,genres=[]
movies_processed.csv,163607,missing_genres,drop,genres=[]
movies_processed.csv,163613,missing_genres,drop,genres=[]
movies_processed.csv,163637,missing_genres,drop,genres=[]
movies_processed.csv,163657,missing_genres,drop,genres=[]
movies_processed.csv,163659,missing_genres,drop,genres=[]
movies_processed.csv,163667,missing_genres,drop,genres=[]
movies_processed.csv,163675,missing_genres,drop,genres=[]
movies_processed.csv,163677,missing_genres,drop,genres=[]
movies_processed.csv,163709,missing_genres,drop,genres=[]
movies_processed.csv,163737,missing_genres,drop,genres=[]
movies_processed.csv,163741,missing_genres,drop,genres=[]
movies_processed.csv,163753,missing_genres,drop,genres=[]
movies_processed.csv,163795,missing_genres,drop,genres=[]
movies_processed.csv,163827,missing_genres,drop,genres=[]
movies_processed.csv,163839,missing_genres,drop,genres=[]
movies_processed.csv,163879,missing_genres,drop,genres=[]
movies_processed.csv,163889,missing_genres,drop,genres=[]
movies_processed.csv,163907,missing_genres,drop,genres=[]
movies_processed.csv,163917,missing_genres,drop,genres=[]
movies_processed.csv,163967,missing_genres,drop,genres=[]
movies_processed.csv,163975,missing_genres,drop,genres=[]
movies_processed.csv,163977,missing_genres,drop,genres=[]
movies_processed.csv,163993,missing_genres,drop,genres=[]
movies_processed.csv,164011,missing_genres,drop,genres=[]
movies_processed.csv,164025,missing_genres,drop,genres=[]
movies_processed.csv,164045,missing_genres,drop,genres=[]
movies_processed.csv,164051,missing_genres,drop,genres=[]
movies_processed.csv,164053,missing_genres,drop,genres=[]
movies_processed.csv,164055,missing_genres,drop,genres=[]
movies_processed.csv,164087,missing_genres,drop,genres=[]
movies_processed.csv,164089,missing_genres,drop,genres=[]
movies_processed.csv,164091,missing_genres,drop,genres=[]
movies_processed.csv,164109,missing_genres,drop,genres=[]
movies_processed.csv,164129,missing_genres,drop,genres=[]
movies_processed.csv,164133,missing_genres,drop,genres=[]
movies_processed.csv,164155,missing_genres,drop,genres=[]
movies_processed.csv,164169,missing_genres,drop,genres=[]
movies_processed.csv,164187,missing_genres,drop,genres=[]
movies_processed.csv,164224,missing_genres,drop,genres=[]
movies_processed.csv,164248,missing_genres,drop,genres=[]
movies_processed.csv,164250,missing_genres,drop,genres=[]
movies_processed.csv,164252,missing_genres,drop,genres=[]
movies_processed.csv,164290,missing_genres,drop,genres=[]
movies_processed.csv,164294,missing_genres,drop,genres=[]
movies_processed.csv,164302,missing_genres,drop,genres=[]
movies_processed.csv,164304,missing_genres,drop,genres=[]
movies_processed.csv,164306,missing_genres,drop,genres=[]
movies_processed.csv,164312,missing_genres,drop,genres=[]
movies_processed.csv,164330,missing_genres,drop,genres=[]
movies_processed.csv,164332,missing_genres,drop,genres=[]
movies_processed.csv,164334,missing_genres,drop,genres=[]
movies_processed.csv,164383,missing_genres,drop,genres=[]
movies_processed.csv,164433,missing_genres,drop,genres=[]
movies_processed.csv,164439,missing_genres,drop,genres=[]
movies_processed.csv,164445,missing_genres,drop,genres=[]
movies_processed.csv,164463,missing_genres,drop,genres=[]
movies_processed.csv,164469,missing_genres,drop,genres=[]
movies_processed.csv,164501,missing_genres,drop,genres=[]
movies_processed.csv,164524,missing_genres,drop,genres=[]
movies_processed.csv,164526,missing_genres,drop,genres=[]
movies_processed.csv,164530,missing_genres,drop,genres=[]
movies_processed.csv,164544,missing_genres,drop,genres=[]
movies_processed.csv,164554,missing_genres,drop,genres=[]
movies_processed.csv,164572,missing_genres,drop,genres=[]
movies_processed.csv,164574,missing_genres,drop,genres=[]
movies_processed.csv,164592,missing_genres,drop,genres=[]
movies_processed.csv,164594,missing_genres,drop,genres=[]
movies_processed.csv,164596,missing_genres,drop,genres=[]
movies_processed.csv,164602,missing_genres,drop,genres=[]
movies_processed.csv,164610,missing_genres,drop,genres=[]
movies_processed.csv,164624,missing_genres,drop,genres=[]
movies_processed.csv,164627,missing_genres,drop,genres=[]
movies_processed.csv,164637,missing_genres,drop,genres=[]
movies_processed.csv,164639,missing_genres,drop,genres=[]
movies_processed.csv,164657,missing_genres,drop,genres=[]
movies_processed.csv,164661,missing_genres,drop,genres=[]
movies_processed.csv,164675,missing_genres,drop,genres=[]
movies_processed.csv,164691,missing_genres,drop,genres=[]
movies_processed.csv,164705,missing_genres,drop,genres=[]
movies_processed.csv,164709,missing_genres,drop,genres=[]
movies_processed.csv,164713,missing_genres,drop,genres=[]
movies_processed.csv,164743,missing_genres,drop,genres=[]
movies_processed.csv,164745,missing_genres,drop,genres=[]
movies_processed.csv,164775,missing_genres,drop,genres=[]
movies_processed.csv,164787,missing_genres,drop,genres=[]
movies_processed.csv,164795,missing_genres,drop,genres=[]
movies_processed.csv,164805,missing_genres,drop,genres=[]
movies_processed.csv,164819,missing_genres,drop,genres=[]
movies_processed.csv,164847,missing_genres,drop,genres=[]
movies_processed.csv,164865,missing_genres,drop,genres=[]
movies_processed.csv,164883,missing_genres,drop,genres=[]
movies_processed.csv,164927,missing_genres,drop,genres=[]
movies_processed.csv,164975,missing_genres,drop,genres=[]
movies_processed.csv,165043,missing_genres,drop,genres=[]
movies_processed.csv,165063,missing_genres,drop,genres=[]
movies_processed.csv,165089,missing_genres,drop,genres=[]
movies_processed.csv,165097,missing_genres,drop,genres=[]
movies_processed.csv,165113,missing_genres,drop,genres=[]
movies_processed.csv,165165,missing_genres,drop,genres=[]
movies_processed.csv,165183,missing_genres,drop,genres=[]
movies_processed.csv,165197,missing_genres,drop,genres=[]
movies_processed.csv,165217,missing_genres,drop,genres=[]
movies_processed.csv,165237,missing_genres,drop,genres=[]
movies_processed.csv,165247,missing_genres,drop,genres=[]
movies_processed.csv,165251,missing_genres,drop,genres=[]
movies_processed.csv,165273,missing_genres,drop,genres=[]
movies_processed.csv,165275,missing_genres,drop,genres=[]
movies_processed.csv,165277,missing_genres,drop,genres=[]
movies_processed.csv,165289,missing_genres,drop,genres=[]
movies_processed.csv,165293,missing_genres,drop,genres=[]
movies_processed.csv,165311,missing_genres,drop,genres=[]
movies_processed.csv,165315,missing_genres,drop,genres=[]
movies_processed.csv,165321,missing_genres,drop,genres=[]
movies_processed.csv,165363,missing_genres,drop,genres=[]
movies_processed.csv,165385,missing_genres,drop,genres=[]
movies_processed.csv,165399,missing_genres,drop,genres=[]
movies_processed.csv,165447,missing_genres,drop,genres=[]
movies_processed.csv,165459,missing_genres,drop,genres=[]
movies_processed.csv,165465,missing_genres,drop,genres=[]
movies_processed.csv,165489,missing_genres,drop,genres=[]
movies_processed.csv,165493,missing_genres,drop,genres=[]
movies_processed.csv,165509,missing_genres,drop,genres=[]
movies_processed.csv,165511,missing_genres,drop,genres=[]
movies_processed.csv,165519,missing_genres,drop,genres=[]
movies_processed.csv,165523,missing_genres,drop,genres=[]
movies_processed.csv,165559,missing_genres,drop,genres=[]
movies_processed.csv,165575,missing_genres,drop,genres=[]
movies_processed.csv,165595,missing_genres,drop,genres=[]
movies_processed.csv,165665,missing_genres,drop,genres=[]
movies_processed.csv,165707,missing_genres,drop,genres=[]
movies_processed.csv,165713,missing_genres,drop,genres=[]
movies_processed.csv,165715,missing_genres,drop,genres=[]
movies_processed.csv,165733,missing_genres,drop,genres=[]
movies_processed.csv,165735,missing_genres,drop,genres=[]
movies_processed.csv,165761,missing_genres,drop,genres=[]
movies_processed.csv,165783,missing_genres,drop,genres=[]
movies_processed.csv,165845,missing_genres,drop,genres=[]
movies_processed.csv,165853,missing_genres,drop,genres=[]
movies_processed.csv,165861,missing_genres,drop,genres=[]
movies_processed.csv,165887,missing_genres,drop,genres=[]
movies_processed.csv,165965,missing_genres,drop,genres=[]
movies_processed.csv,165971,missing_genres,drop,genres=[]
movies_processed.csv,166024,missing_genres,drop,genres=[]
movies_processed.csv,166026,missing_genres,drop,genres=[]
movies_processed.csv,166030,missing_genres,drop,genres=[]
movies_processed.csv,166038,missing_genres,drop,genres=[]
movies_processed.csv,166140,missing_genres,drop,genres=[]
movies_processed.csv,166159,missing_genres,drop,genres=[]
movies_processed.csv,166175,missing_genres,drop,genres=[]
movies_processed.csv,166181,missing_genres,drop,genres=[]
movies_processed.csv,166215,missing_genres,drop,genres=[]
movies_processed.csv,166219,missing_genres,drop,genres=[]
movies_processed.csv,166243,missing_genres,drop,genres=[]
movies_processed.csv,166247,missing_genres,drop,genres=[]
movies_processed.csv,166267,missing_genres,drop,genres=[]
movies_processed.csv,166273,missing_genres,drop,genres=[]
movies_processed.csv,166277,missing_genres,drop,genres=[]
movies_processed.csv,166289,missing_genres,drop,genres=[]
movies_processed.csv,166293,missing_genres,drop,genres=[]
movies_processed.csv,166367,missing_genres,drop,genres=[]
movies_processed.csv,166375,missing_genres,drop,genres=[]
movies_processed.csv,166399,missing_genres,drop,genres=[]
movies_processed.csv,166403,missing_genres,drop,genres=[]
movies_processed.csv,166407,missing_genres,drop,genres=[]
movies_processed.csv,166411,missing_genres,drop,genres=[]
movies_processed.csv,166415,missing_genres,drop,genres=[]
movies_processed.csv,166421,missing_genres,drop,genres=[]
movies_processed.csv,166433,missing_genres,drop,genres=[]
movies_processed.csv,166445,missing_genres,drop,genres=[]
movies_processed.csv,166502,missing_genres,drop,genres=[]
movies_processed.csv,166510,missing_genres,drop,genres=[]
movies_processed.csv,166540,missing_genres,drop,genres=[]
movies_processed.csv,166546,missing_genres,drop,genres=[]
movies_processed.csv,166548,missing_genres,drop,genres=[]
movies_processed.csv,166562,missing_genres,drop,genres=[]
movies_processed.csv,166580,missing_genres,drop,genres=[]
movies_processed.csv,166611,missing_genres,drop,genres=[]
movies_processed.csv,166617,missing_genres,drop,genres=[]
movies_processed.csv,166633,missing_genres,drop,genres=[]
movies_processed.csv,166647,missing_genres,drop,genres=[]
movies_processed.csv,166649,missing_genres,drop,genres=[]
movies_processed.csv,166651,missing_genres,drop,genres=[]
movies_processed.csv,166659,missing_genres,drop,genres=[]
movies_processed.csv,166665,missing_genres,drop,genres=[]
movies_processed.csv,166669,missing_genres,drop,genres=[]
movies_processed.csv,166687,missing_genres,drop,genres=[]
movies_processed.csv,166691,missing_genres,drop,genres=[]
movies_processed.csv,166697,missing_genres,drop,genres=[]
movies_processed.csv,166703,missing_genres,drop,genres=[]
movies_processed.csv,166709,missing_genres,drop,genres=[]
movies_processed.csv,166729,missing_genres,drop,genres=[]
movies_processed.csv,166735,missing_genres,drop,genres=[]
movies_processed.csv,166773,missing_genres,drop,genres=[]
movies_processed.csv,166790,missing_genres,drop,genres=[]
movies_processed.csv,166800,missing_genres,drop,genres=[]
movies_processed.csv,166812,missing_genres,drop,genres=[]
movies_processed.csv,166818,missing_genres,drop,genres=[]
movies_processed.csv,166824,missing_genres,drop,genres=[]
movies_processed.csv,166828,missing_genres,drop,genres=[]
movies_processed.csv,166832,missing_genres,drop,genres=[]
movies_processed.csv,166840,missing_genres,drop,genres=[]
movies_processed.csv,166850,missing_genres,drop,genres=[]
movies_processed.csv,166854,missing_genres,drop,genres=[]
movies_processed.csv,166856,missing_genres,drop,genres=[]
movies_processed.csv,166862,missing_genres,drop,genres=[]
movies_processed.csv,166868,missing_genres,drop,genres=[]
movies_processed.csv,166872,missing_genres,drop,genres=[]
movies_processed.csv,166876,missing_genres,drop,genres=[]
movies_processed.csv,166896,missing_genres,drop,genres=[]
movies_processed.csv,166898,missing_genres,drop,genres=[]
movies_processed.csv,166900,missing_genres,drop,genres=[]
movies_processed.csv,166922,missing_genres,drop,genres=[]
movies_processed.csv,166926,missing_genres,drop,genres=[]
movies_processed.csv,166942,missing_genres,drop,genres=[]
movies_processed.csv,166944,missing_genres,drop,genres=[]
movies_processed.csv,166976,missing_genres,drop,genres=[]
movies_processed.csv,166978,missing_genres,drop,genres=[]
movies_processed.csv,167014,missing_genres,drop,genres=[]
movies_processed.csv,167020,missing_genres,drop,genres=[]
movies_processed.csv,167022,missing_genres,drop,genres=[]
movies_processed.csv,167024,missing_genres,drop,genres=[]
movies_processed.csv,167030,missing_genres,drop,genres=[]
movies_processed.csv,167066,missing_genres,drop,genres=[]
movies_processed.csv,167092,missing_genres,drop,genres=[]
movies_processed.csv,167098,missing_genres,drop,genres=[]
movies_processed.csv,167102,missing_genres,drop,genres=[]
movies_processed.csv,167108,missing_genres,drop,genres=[]
movies_processed.csv,167114,missing_genres,drop,genres=[]
movies_processed.csv,167128,missing_genres,drop,genres=[]
movies_processed.csv,167190,missing_genres,drop,genres=[]
movies_processed.csv,167192,missing_genres,drop,genres=[]
movies_processed.csv,167200,missing_genres,drop,genres=[]
movies_processed.csv,167242,missing_genres,drop,genres=[]
movies_processed.csv,167244,missing_genres,drop,genres=[]
movies_processed.csv,167248,missing_genres,drop,genres=[]
movies_processed.csv,167270,missing_genres,drop,genres=[]
movies_processed.csv,167306,missing_genres,drop,genres=[]
movies_processed.csv,167308,missing_genres,drop,genres=[]
movies_processed.csv,167312,missing_genres,drop,genres=[]
movies_processed.csv,167328,missing_genres,drop,genres=[]
movies_processed.csv,167330,missing_genres,drop,genres=[]
movies_processed.csv,167338,missing_genres,drop,genres=[]
movies_processed.csv,167340,missing_genres,drop,genres=[]
movies_processed.csv,167348,missing_genres,drop,genres=[]
movies_processed.csv,167384,missing_genres,drop,genres=[]
movies_processed.csv,167400,missing_genres,drop,genres=[]
movies_processed.csv,167404,missing_genres,drop,genres=[]
movies_processed.csv,167436,missing_genres,drop,genres=[]
movies_processed.csv,167438,missing_genres,drop,genres=[]
movies_processed.csv,167456,missing_genres,drop,genres=[]
movies_processed.csv,167458,missing_genres,drop,genres=[]
movies_processed.csv,167460,missing_genres,drop,genres=[]
movies_processed.csv,167462,missing_genres,drop,genres=[]
movies_processed.csv,167464,missing_genres,drop,genres=[]
movies_processed.csv,167468,missing_genres,drop,genres=[]
movies_processed.csv,167496,missing_genres,drop,genres=[]
movies_processed.csv,167498,missing_genres,drop,genres=[]
movies_processed.csv,167504,missing_genres,drop,genres=[]
movies_processed.csv,167506,missing_genres,drop,genres=[]
movies_processed.csv,167516,missing_genres,drop,genres=[]
movies_processed.csv,167518,missing_genres,drop,genres=[]
movies_processed.csv,167524,missing_genres,drop,genres=[]
movies_processed.csv,167526,missing_genres,drop,genres=[]
movies_processed.csv,167530,missing_genres,drop,genres=[]
movies_processed.csv,167534,missing_genres,drop,genres=[]
movies_processed.csv,167558,missing_genres,drop,genres=[]
movies_processed.csv,167568,missing_genres,drop,genres=[]
movies_processed.csv,167570,missing_genres,drop,genres=[]
movies_processed.csv,167572,missing_genres,drop,genres=[]
movies_processed.csv,167588,missing_genres,drop,genres=[]
movies_processed.csv,167604,missing_genres,drop,genres=[]
movies_processed.csv,167606,missing_genres,drop,genres=[]
movies_processed.csv,167614,missing_genres,drop,genres=[]
movies_processed.csv,167628,missing_genres,drop,genres=[]
movies_processed.csv,167664,missing_genres,drop,genres=[]
movies_processed.csv,167674,missing_genres,drop,genres=[]
movies_processed.csv,167712,missing_genres,drop,genres=[]
movies_processed.csv,167718,missing_genres,drop,genres=[]
movies_processed.csv,167722,missing_genres,drop,genres=[]
movies_processed.csv,167758,missing_genres,drop,genres=[]
movies_processed.csv,167770,missing_genres,drop,genres=[]
movies_processed.csv,167814,missing_genres,drop,genres=[]
movies_processed.csv,167830,missing_genres,drop,genres=[]
movies_processed.csv,167862,missing_genres,drop,genres=[]
movies_processed.csv,167910,missing_genres,drop,genres=[]
movies_processed.csv,167930,missing_genres,drop,genres=[]
movies_processed.csv,167938,missing_genres,drop,genres=[]
movies_processed.csv,167946,missing_genres,drop,genres=[]
movies_processed.csv,167960,missing_genres,drop,genres=[]
movies_processed.csv,167984,missing_genres,drop,genres=[]
movies_processed.csv,167988,missing_genres,drop,genres=[]
movies_processed.csv,168024,missing_genres,drop,genres=[]
movies_processed.csv,168050,missing_genres,drop,genres=[]
movies_processed.csv,168068,missing_genres,drop,genres=[]
movies_processed.csv,168072,missing_genres,drop,genres=[]
movies_processed.csv,168078,missing_genres,drop,genres=[]
movies_processed.csv,168080,missing_genres,drop,genres=[]
movies_processed.csv,168106,missing_genres,drop,genres=[]
movies_processed.csv,168156,missing_genres,drop,genres=[]
movies_processed.csv,168158,missing_genres,drop,genres=[]
movies_processed.csv,168160,missing_genres,drop,genres=[]
movies_processed.csv,168162,missing_genres,drop,genres=[]
movies_processed.csv,168170,missing_genres,drop,genres=[]
movies_processed.csv,168180,missing_genres,drop,genres=[]
movies_processed.csv,168188,missing_genres,drop,genres=[]
movies_processed.csv,168202,missing_genres,drop,genres=[]
movies_processed.csv,168228,missing_genres,drop,genres=[]
movies_processed.csv,168232,missing_genres,drop,genres=[]
movies_processed.csv,168236,missing_genres,drop,genres=[]
movies_processed.csv,168238,missing_genres,drop,genres=[]
movies_processed.csv,168296,missing_genres,drop,genres=[]
movies_processed.csv,168306,missing_genres,drop,genres=[]
movies_processed.csv,168310,missing_genres,drop,genres=[]
movies_processed.csv,168312,missing_genres,drop,genres=[]
movies_processed.csv,168340,missing_genres,drop,genres=[]
movies_processed.csv,168342,missing_genres,drop,genres=[]
movies_processed.csv,168364,missing_genres,drop,genres=[]
movies_processed.csv,168368,missing_genres,drop,genres=[]
movies_processed.csv,168380,missing_genres,drop,genres=[]
movies_processed.csv,168388,missing_genres,drop,genres=[]
movies_processed.csv,168390,missing_genres,drop,genres=[]
movies_processed.csv,168404,missing_genres,drop,genres=[]
movies_processed.csv,168434,missing_genres,drop,genres=[]
movies_processed.csv,168494,missing_genres,drop,genres=[]
movies_processed.csv,168518,missing_genres,drop,genres=[]
movies_processed.csv,168526,missing_genres,drop,genres=[]
movies_processed.csv,168528,missing_genres,drop,genres=[]
movies_processed.csv,168538,missing_genres,drop,genres=[]
movies_processed.csv,168562,missing_genres,drop,genres=[]
movies_processed.csv,168566,missing_genres,drop,genres=[]
movies_processed.csv,168570,missing_genres,drop,genres=[]
movies_processed.csv,168572,missing_genres,drop,genres=[]
movies_processed.csv,168578,missing_genres,drop,genres=[]
movies_processed.csv,168580,missing_genres,drop,genres=[]
movies_processed.csv,168596,missing_genres,drop,genres=[]
movies_processed.csv,168606,missing_genres,drop,genres=[]
movies_processed.csv,168648,missing_genres,drop,genres=[]
movies_processed.csv,168666,missing_genres,drop,genres=[]
movies_processed.csv,168698,missing_genres,drop,genres=[]
movies_processed.csv,168716,missing_genres,drop,genres=[]
movies_processed.csv,168718,missing_genres,drop,genres=[]
movies_processed.csv,168728,missing_genres,drop,genres=[]
movies_processed.csv,168730,missing_genres,drop,genres=[]
movies_processed.csv,168744,missing_genres,drop,genres=[]
movies_processed.csv,168746,missing_genres,drop,genres=[]
movies_processed.csv,168752,missing_genres,drop,genres=[]
movies_processed.csv,168762,missing_genres,drop,genres=[]
movies_processed.csv,168768,missing_genres,drop,genres=[]
movies_processed.csv,168790,missing_genres,drop,genres=[]
movies_processed.csv,168806,missing_genres,drop,genres=[]
movies_processed.csv,168810,missing_genres,drop,genres=[]
movies_processed.csv,168818,missing_genres,drop,genres=[]
movies_processed.csv,168832,missing_genres,drop,genres=[]
movies_processed.csv,168848,missing_genres,drop,genres=[]
movies_processed.csv,168852,missing_genres,drop,genres=[]
movies_processed.csv,168854,missing_genres,drop,genres=[]
movies_processed.csv,168856,missing_genres,drop,genres=[]
movies_processed.csv,168888,missing_genres,drop,genres=[]
movies_processed.csv,168890,missing_genres,drop,genres=[]
movies_processed.csv,168906,missing_genres,drop,genres=[]
movies_processed.csv,168908,missing_genres,drop,genres=[]
movies_processed.csv,168912,missing_genres,drop,genres=[]
movies_processed.csv,168948,missing_genres,drop,genres=[]
movies_processed.csv,168950,missing_genres,drop,genres=[]
movies_processed.csv,168952,missing_genres,drop,genres=[]
movies_processed.csv,168972,missing_genres,drop,genres=[]
movies_processed.csv,169004,missing_genres,drop,genres=[]
movies_processed.csv,169006,missing_genres,drop,genres=[]
movies_processed.csv,169034,missing_genres,drop,genres=[]
movies_processed.csv,169052,missing_genres,drop,genres=[]
movies_processed.csv,169124,missing_genres,drop,genres=[]
movies_processed.csv,169146,missing_genres,drop,genres=[]
movies_processed.csv,169172,missing_genres,drop,genres=[]
movies_processed.csv,169178,missing_genres,drop,genres=[]
movies_processed.csv,169192,missing_genres,drop,genres=[]
movies_processed.csv,169228,missing_genres,drop,genres=[]
movies_processed.csv,169230,missing_genres,drop,genres=[]
movies_processed.csv,169232,missing_genres,drop,genres=[]
movies_processed.csv,169236,missing_genres,drop,genres=[]
movies_processed.csv,169240,missing_genres,drop,genres=[]
movies_processed.csv,169244,missing_genres,drop,genres=[]
movies_processed.csv,169270,missing_genres,drop,genres=[]
movies_processed.csv,169448,missing_genres,drop,genres=[]
movies_processed.csv,169450,missing_genres,drop,genres=[]
movies_processed.csv,169484,missing_genres,drop,genres=[]
movies_processed.csv,169496,missing_genres,drop,genres=[]
movies_processed.csv,169500,missing_genres,drop,genres=[]
movies_processed.csv,169504,missing_genres,drop,genres=[]
movies_processed.csv,169532,missing_genres,drop,genres=[]
movies_processed.csv,169534,missing_genres,drop,genres=[]
movies_processed.csv,169638,missing_genres,drop,genres=[]
movies_processed.csv,169678,missing_genres,drop,genres=[]
movies_processed.csv,169696,missing_genres,drop,genres=[]
movies_processed.csv,169724,missing_genres,drop,genres=[]
movies_processed.csv,169766,missing_genres,drop,genres=[]
movies_processed.csv,169790,missing_genres,drop,genres=[]
movies_processed.csv,169832,missing_genres,drop,genres=[]
movies_processed.csv,169838,missing_genres,drop,genres=[]
movies_processed.csv,169932,missing_genres,drop,genres=[]
movies_processed.csv,169934,missing_genres,drop,genres=[]
movies_processed.csv,169936,missing_genres,drop,genres=[]
movies_processed.csv,169972,missing_genres,drop,genres=[]
movies_processed.csv,169976,missing_genres,drop,genres=[]
movies_processed.csv,169978,missing_genres,drop,genres=[]
movies_processed.csv,169980,missing_genres,drop,genres=[]
movies_processed.csv,169986,missing_genres,drop,genres=[]
movies_processed.csv,169990,missing_genres,drop,genres=[]
movies_processed.csv,169994,missing_genres,drop,genres=[]
movies_processed.csv,170008,missing_genres,drop,genres=[]
movies_processed.csv,170018,missing_genres,drop,genres=[]
movies_processed.csv,170056,missing_genres,drop,genres=[]
movies_processed.csv,170058,missing_genres,drop,genres=[]
movies_processed.csv,170062,missing_genres,drop,genres=[]
movies_processed.csv,170064,missing_genres,drop,genres=[]
movies_processed.csv,170109,missing_genres,drop,genres=[]
movies_processed.csv,170117,missing_genres,drop,genres=[]
movies_processed.csv,170139,missing_genres,drop,genres=[]
movies_processed.csv,170147,missing_genres,drop,genres=[]
movies_processed.csv,170165,missing_genres,drop,genres=[]
movies_processed.csv,170167,missing_genres,drop,genres=[]
movies_processed.csv,170231,missing_genres,drop,genres=[]
movies_processed.csv,170307,missing_genres,drop,genres=[]
movies_processed.csv,170317,missing_genres,drop,genres=[]
movies_processed.csv,170321,missing_genres,drop,genres=[]
movies_processed.csv,170325,missing_genres,drop,genres=[]
movies_processed.csv,170327,missing_genres,drop,genres=[]
movies_processed.csv,170331,missing_genres,drop,genres=[]
movies_processed.csv,170333,missing_genres,drop,genres=[]
movies_processed.csv,170353,missing_genres,drop,genres=[]
movies_processed.csv,170373,missing_genres,drop,genres=[]
movies_processed.csv,170445,missing_genres,drop,genres=[]
movies_processed.csv,170451,missing_genres,drop,genres=[]
movies_processed.csv,170463,missing_genres,drop,genres=[]
movies_processed.csv,170465,missing_genres,drop,genres=[]
movies_processed.csv,170467,missing_genres,drop,genres=[]
movies_processed.csv,170533,missing_genres,drop,genres=[]
movies_processed.csv,170539,missing_genres,drop,genres=[]
movies_processed.csv,170571,missing_genres,drop,genres=[]
movies_processed.csv,170593,missing_genres,drop,genres=[]
movies_processed.csv,170617,missing_genres,drop,genres=[]
movies_processed.csv,170619,missing_genres,drop,genres=[]
movies_processed.csv,170633,missing_genres,drop,genres=[]
movies_processed.csv,170667,missing_genres,drop,genres=[]
movies_processed.csv,170671,missing_genres,drop,genres=[]
movies_processed.csv,170681,missing_genres,drop,genres=[]
movies_processed.csv,170717,missing_genres,drop,genres=[]
movies_processed.csv,170719,missing_genres,drop,genres=[]
movies_processed.csv,170721,missing_genres,drop,genres=[]
movies_processed.csv,170725,missing_genres,drop,genres=[]
movies_processed.csv,170727,missing_genres,drop,genres=[]
movies_processed.csv,170739,missing_genres,drop,genres=[]
movies_processed.csv,170741,missing_genres,drop,genres=[]
movies_processed.csv,170745,missing_genres,drop,genres=[]
movies_processed.csv,170757,missing_genres,drop,genres=[]
movies_processed.csv,170783,missing_genres,drop,genres=[]
movies_processed.csv,170823,missing_genres,drop,genres=[]
movies_processed.csv,170825,missing_genres,drop,genres=[]
movies_processed.csv,170839,missing_genres,drop,genres=[]
movies_processed.csv,170847,missing_genres,drop,genres=[]
movies_processed.csv,170899,missing_genres,drop,genres=[]
movies_processed.csv,170909,missing_genres,drop,genres=[]
movies_processed.csv,170911,missing_genres,drop,genres=[]
movies_processed.csv,170915,missing_genres,drop,genres=[]
movies_processed.csv,170941,missing_genres,drop,genres=[]
movies_processed.csv,170943,missing_genres,drop,genres=[]
movies_processed.csv,170981,missing_genres,drop,genres=[]
movies_processed.csv,170991,missing_genres,drop,genres=[]
movies_processed.csv,171033,missing_genres,drop,genres=[]
movies_processed.csv,171065,missing_genres,drop,genres=[]
movies_processed.csv,171079,missing_genres,drop,genres=[]
movies_processed.csv,171129,missing_genres,drop,genres=[]
movies_processed.csv,171151,missing_genres,drop,genres=[]
movies_processed.csv,171153,missing_genres,drop,genres=[]
movies_processed.csv,171269,missing_genres,drop,genres=[]
movies_processed.csv,171279,missing_genres,drop,genres=[]
movies_processed.csv,171281,missing_genres,drop,genres=[]
movies_processed.csv,171299,missing_genres,drop,genres=[]
movies_processed.csv,171313,missing_genres,drop,genres=[]
movies_processed.csv,171331,missing_genres,drop,genres=[]
movies_processed.csv,171377,missing_genres,drop,genres=[]
movies_processed.csv,171393,missing_genres,drop,genres=[]
movies_processed.csv,171401,missing_genres,drop,genres=[]
movies_processed.csv,171405,missing_genres,drop,genres=[]
movies_processed.csv,171407,missing_genres,drop,genres=[]
movies_processed.csv,171409,missing_genres,drop,genres=[]
movies_processed.csv,171413,missing_genres,drop,genres=[]
movies_processed.csv,171415,missing_genres,drop,genres=[]
movies_processed.csv,171421,missing_genres,drop,genres=[]
movies_processed.csv,171451,missing_genres,drop,genres=[]
movies_processed.csv,171463,missing_genres,drop,genres=[]
movies_processed.csv,171495,missing_genres,drop,genres=[]
movies_processed.csv,171519,missing_genres,drop,genres=[]
movies_processed.csv,171533,missing_genres,drop,genres=[]
movies_processed.csv,171551,missing_genres,drop,genres=[]
movies_processed.csv,171569,missing_genres,drop,genres=[]
movies_processed.csv,171581,missing_genres,drop,genres=[]
movies_processed.csv,171593,missing_genres,drop,genres=[]
movies_processed.csv,171627,missing_genres,drop,genres=[]
movies_processed.csv,171629,missing_genres,drop,genres=[]
movies_processed.csv,171631,missing_genres,drop,genres=[]
movies_processed.csv,171645,missing_genres,drop,genres=[]
movies_processed.csv,171657,missing_genres,drop,genres=[]
movies_processed.csv,171705,missing_genres,drop,genres=[]
movies_processed.csv,171747,missing_genres,drop,genres=[]
movies_processed.csv,171749,missing_genres,drop,genres=[]
movies_processed.csv,171753,missing_genres,drop,genres=[]
movies_processed.csv,171835,missing_genres,drop,genres=[]
movies_processed.csv,171847,missing_genres,drop,genres=[]
movies_processed.csv,171891,missing_genres,drop,genres=[]
movies_processed.csv,171927,missing_genres,drop,genres=[]
movies_processed.csv,171977,missing_genres,drop,genres=[]
movies_processed.csv,171979,missing_genres,drop,genres=[]
movies_processed.csv,172001,missing_genres,drop,genres=[]
movies_processed.csv,172035,missing_genres,drop,genres=[]
movies_processed.csv,172047,missing_genres,drop,genres=[]
movies_processed.csv,172089,missing_genres,drop,genres=[]
movies_processed.csv,172113,missing_genres,drop,genres=[]
movies_processed.csv,172125,missing_genres,drop,genres=[]
movies_processed.csv,172147,missing_genres,drop,genres=[]
movies_processed.csv,172175,missing_genres,drop,genres=[]
movies_processed.csv,172177,missing_genres,drop,genres=[]
movies_processed.csv,172199,missing_genres,drop,genres=[]
movies_processed.csv,172245,missing_genres,drop,genres=[]
movies_processed.csv,172247,missing_genres,drop,genres=[]
movies_processed.csv,172277,missing_genres,drop,genres=[]
movies_processed.csv,172285,missing_genres,drop,genres=[]
movies_processed.csv,172301,missing_genres,drop,genres=[]
movies_processed.csv,172327,missing_genres,drop,genres=[]
movies_processed.csv,172419,missing_genres,drop,genres=[]
movies_processed.csv,172425,missing_genres,drop,genres=[]
movies_processed.csv,172443,missing_genres,drop,genres=[]
movies_processed.csv,172451,missing_genres,drop,genres=[]
movies_processed.csv,172457,missing_genres,drop,genres=[]
movies_processed.csv,172465,missing_genres,drop,genres=[]
movies_processed.csv,172491,missing_genres,drop,genres=[]
movies_processed.csv,172497,missing_genres,drop,genres=[]
movies_processed.csv,172499,missing_genres,drop,genres=[]
movies_processed.csv,172519,missing_genres,drop,genres=[]
movies_processed.csv,172555,missing_genres,drop,genres=[]
movies_processed.csv,172557,missing_genres,drop,genres=[]
movies_processed.csv,172611,missing_genres,drop,genres=[]
movies_processed.csv,172627,missing_genres,drop,genres=[]
movies_processed.csv,172631,missing_genres,drop,genres=[]
movies_processed.csv,172661,missing_genres,drop,genres=[]
movies_processed.csv,172677,missing_genres,drop,genres=[]
movies_processed.csv,172711,missing_genres,drop,genres=[]
movies_processed.csv,172739,missing_genres,drop,genres=[]
movies_processed.csv,172743,missing_genres,drop,genres=[]
movies_processed.csv,172783,missing_genres,drop,genres=[]
movies_processed.csv,172797,missing_genres,drop,genres=[]
movies_processed.csv,172857,missing_genres,drop,genres=[]
movies_processed.csv,172903,missing_genres,drop,genres=[]
movies_processed.csv,172905,missing_genres,drop,genres=[]
movies_processed.csv,172915,missing_genres,drop,genres=[]
movies_processed.csv,172995,missing_genres,drop,genres=[]
movies_processed.csv,172997,missing_genres,drop,genres=[]
movies_processed.csv,173019,missing_genres,drop,genres=[]
movies_processed.csv,173103,missing_genres,drop,genres=[]
movies_processed.csv,173135,missing_genres,drop,genres=[]
movies_processed.csv,173149,missing_genres,drop,genres=[]
movies_processed.csv,173179,missing_genres,drop,genres=[]
movies_processed.csv,173185,missing_genres,drop,genres=[]
movies_processed.csv,173207,missing_genres,drop,genres=[]
movies_processed.csv,173217,missing_genres,drop,genres=[]
movies_processed.csv,173259,missing_genres,drop,genres=[]
movies_processed.csv,173275,missing_genres,drop,genres=[]
movies_processed.csv,173279,missing_genres,drop,genres=[]
movies_processed.csv,173295,missing_genres,drop,genres=[]
movies_processed.csv,173335,missing_genres,drop,genres=[]
movies_processed.csv,173339,missing_genres,drop,genres=[]
movies_processed.csv,173383,missing_genres,drop,genres=[]
movies_processed.csv,173389,missing_genres,drop,genres=[]
movies_processed.csv,173393,missing_genres,drop,genres=[]
movies_processed.csv,173399,missing_genres,drop,genres=[]
movies_processed.csv,173407,missing_genres,drop,genres=[]
movies_processed.csv,173409,missing_genres,drop,genres=[]
movies_processed.csv,173423,missing_genres,drop,genres=[]
movies_processed.csv,173461,missing_genres,drop,genres=[]
movies_processed.csv,173481,missing_genres,drop,genres=[]
movies_processed.csv,173535,missing_genres,drop,genres=[]
movies_processed.csv,173579,missing_genres,drop,genres=[]
movies_processed.csv,173603,missing_genres,drop,genres=[]
movies_processed.csv,173651,missing_genres,drop,genres=[]
movies_processed.csv,173715,missing_genres,drop,genres=[]
movies_processed.csv,173723,missing_genres,drop,genres=[]
movies_processed.csv,173731,missing_genres,drop,genres=[]
movies_processed.csv,173739,missing_genres,drop,genres=[]
movies_processed.csv,173763,missing_genres,drop,genres=[]
movies_processed.csv,173783,missing_genres,drop,genres=[]
movies_processed.csv,173819,missing_genres,drop,genres=[]
movies_processed.csv,173833,missing_genres,drop,genres=[]
movies_processed.csv,173863,missing_genres,drop,genres=[]
movies_processed.csv,173877,missing_genres,drop,genres=[]
movies_processed.csv,173879,missing_genres,drop,genres=[]
movies_processed.csv,173887,missing_genres,drop,genres=[]
movies_processed.csv,173949,missing_genres,drop,genres=[]
movies_processed.csv,173951,missing_genres,drop,genres=[]
movies_processed.csv,173953,missing_genres,drop,genres=[]
movies_processed.csv,173959,missing_genres,drop,genres=[]
movies_processed.csv,173961,missing_genres,drop,genres=[]
movies_processed.csv,173967,missing_genres,drop,genres=[]
movies_processed.csv,173977,missing_genres,drop,genres=[]
movies_processed.csv,173983,missing_genres,drop,genres=[]
movies_processed.csv,173991,missing_genres,drop,genres=[]
movies_processed.csv,173995,missing_genres,drop,genres=[]
movies_processed.csv,174005,missing_genres,drop,genres=[]
movies_processed.csv,174007,missing_genres,drop,genres=[]
movies_processed.csv,174021,missing_genres,drop,genres=[]
movies_processed.csv,174027,missing_genres,drop,genres=[]
movies_processed.csv,174029,missing_genres,drop,genres=[]
movies_processed.csv,174039,missing_genres,drop,genres=[]
movies_processed.csv,174061,missing_genres,drop,genres=[]
movies_processed.csv,174089,missing_genres,drop,genres=[]
movies_processed.csv,174093,missing_genres,drop,genres=[]
movies_processed.csv,174097,missing_genres,drop,genres=[]
movies_processed.csv,174099,missing_genres,drop,genres=[]
movies_processed.csv,174101,missing_genres,drop,genres=[]
movies_processed.csv,174113,missing_genres,drop,genres=[]
movies_processed.csv,174117,missing_genres,drop,genres=[]
movies_processed.csv,174121,missing_genres,drop,genres=[]
movies_processed.csv,174125,missing_genres,drop,genres=[]
movies_processed.csv,174127,missing_genres,drop,genres=[]
movies_processed.csv,174129,missing_genres,drop,genres=[]
movies_processed.csv,174131,missing_genres,drop,genres=[]
movies_processed.csv,174135,missing_genres,drop,genres=[]
movies_processed.csv,174137,missing_genres,drop,genres=[]
movies_processed.csv,174139,missing_genres,drop,genres=[]
movies_processed.csv,174149,missing_genres,drop,genres=[]
movies_processed.csv,174169,missing_genres,drop,genres=[]
movies_processed.csv,174175,missing_genres,drop,genres=[]
movies_processed.csv,174177,missing_genres,drop,genres=[]
movies_processed.csv,174189,missing_genres,drop,genres=[]
movies_processed.csv,174203,missing_genres,drop,genres=[]
movies_processed.csv,174215,missing_genres,drop,genres=[]
movies_processed.csv,174219,missing_genres,drop,genres=[]
movies_processed.csv,174237,missing_genres,drop,genres=[]
movies_processed.csv,174245,missing_genres,drop,genres=[]
movies_processed.csv,174247,missing_genres,drop,genres=[]
movies_processed.csv,174253,missing_genres,drop,genres=[]
movies_processed.csv,174271,missing_genres,drop,genres=[]
movies_processed.csv,174289,missing_genres,drop,genres=[]
movies_processed.csv,174295,missing_genres,drop,genres=[]
movies_processed.csv,174301,missing_genres,drop,genres=[]
movies_processed.csv,174307,missing_genres,drop,genres=[]
movies_processed.csv,174309,missing_genres,drop,genres=[]
movies_processed.csv,174311,missing_genres,drop,genres=[]
movies_processed.csv,174321,missing_genres,drop,genres=[]
movies_processed.csv,174327,missing_genres,drop,genres=[]
movies_processed.csv,174345,missing_genres,drop,genres=[]
movies_processed.csv,174347,missing_genres,drop,genres=[]
movies_processed.csv,174351,missing_genres,drop,genres=[]
movies_processed.csv,174357,missing_genres,drop,genres=[]
movies_processed.csv,174375,missing_genres,drop,genres=[]
movies_processed.csv,174377,missing_genres,drop,genres=[]
movies_processed.csv,174403,missing_genres,drop,genres=[]
movies_processed.csv,174425,missing_genres,drop,genres=[]
movies_processed.csv,174437,missing_genres,drop,genres=[]
movies_processed.csv,174447,missing_genres,drop,genres=[]
movies_processed.csv,174461,missing_genres,drop,genres=[]
movies_processed.csv,174485,missing_genres,drop,genres=[]
movies_processed.csv,174495,missing_genres,drop,genres=[]
movies_processed.csv,174553,missing_genres,drop,genres=[]
movies_processed.csv,174555,missing_genres,drop,genres=[]
movies_processed.csv,174559,missing_genres,drop,genres=[]
movies_processed.csv,174573,missing_genres,drop,genres=[]
movies_processed.csv,174619,missing_genres,drop,genres=[]
movies_processed.csv,174625,missing_genres,drop,genres=[]
movies_processed.csv,174633,missing_genres,drop,genres=[]
movies_processed.csv,174635,missing_genres,drop,genres=[]
movies_processed.csv,174687,missing_genres,drop,genres=[]
movies_processed.csv,174707,missing_genres,drop,genres=[]
movies_processed.csv,174713,missing_genres,drop,genres=[]
movies_processed.csv,174741,missing_genres,drop,genres=[]
movies_processed.csv,174763,missing_genres,drop,genres=[]
movies_processed.csv,174771,missing_genres,drop,genres=[]
movies_processed.csv,174773,missing_genres,drop,genres=[]
movies_processed.csv,174783,missing_genres,drop,genres=[]
movies_processed.csv,174785,missing_genres,drop,genres=[]
movies_processed.csv,174787,missing_genres,drop,genres=[]
movies_processed.csv,174789,missing_genres,drop,genres=[]
movies_processed.csv,174799,missing_genres,drop,genres=[]
movies_processed.csv,174837,missing_genres,drop,genres=[]
movies_processed.csv,174847,missing_genres,drop,genres=[]
movies_processed.csv,174859,missing_genres,drop,genres=[]
movies_processed.csv,174903,missing_genres,drop,genres=[]
movies_processed.csv,174931,missing_genres,drop,genres=[]
movies_processed.csv,174953,missing_genres,drop,genres=[]
movies_processed.csv,174955,missing_genres,drop,genres=[]
movies_processed.csv,174985,missing_genres,drop,genres=[]
movies_processed.csv,175029,missing_genres,drop,genres=[]
movies_processed.csv,175035,missing_genres,drop,genres=[]
movies_processed.csv,175055,missing_genres,drop,genres=[]
movies_processed.csv,175059,missing_genres,drop,genres=[]
movies_processed.csv,175085,missing_genres,drop,genres=[]
movies_processed.csv,175089,missing_genres,drop,genres=[]
movies_processed.csv,175101,missing_genres,drop,genres=[]
movies_processed.csv,175113,missing_genres,drop,genres=[]
movies_processed.csv,175119,missing_genres,drop,genres=[]
movies_processed.csv,175191,missing_genres,drop,genres=[]
movies_processed.csv,175235,missing_genres,drop,genres=[]
movies_processed.csv,175271,missing_genres,drop,genres=[]
movies_processed.csv,175297,missing_genres,drop,genres=[]
movies_processed.csv,175299,missing_genres,drop,genres=[]
movies_processed.csv,175335,missing_genres,drop,genres=[]
movies_processed.csv,175349,missing_genres,drop,genres=[]
movies_processed.csv,175369,missing_genres,drop,genres=[]
movies_processed.csv,175377,missing_genres,drop,genres=[]
movies_processed.csv,175389,missing_genres,drop,genres=[]
movies_processed.csv,175391,missing_genres,drop,genres=[]
movies_processed.csv,175403,missing_genres,drop,genres=[]
movies_processed.csv,175427,missing_genres,drop,genres=[]
movies_processed.csv,175459,missing_genres,drop,genres=[]
movies_processed.csv,175471,missing_genres,drop,genres=[]
movies_processed.csv,175483,missing_genres,drop,genres=[]
movies_processed.csv,175511,missing_genres,drop,genres=[]
movies_processed.csv,175545,missing_genres,drop,genres=[]
movies_processed.csv,175549,missing_genres,drop,genres=[]
movies_processed.csv,175555,missing_genres,drop,genres=[]
movies_processed.csv,175567,missing_genres,drop,genres=[]
movies_processed.csv,175605,missing_genres,drop,genres=[]
movies_processed.csv,175611,missing_genres,drop,genres=[]
movies_processed.csv,175689,missing_genres,drop,genres=[]
movies_processed.csv,175695,missing_genres,drop,genres=[]
movies_processed.csv,175709,missing_genres,drop,genres=[]
movies_processed.csv,175713,missing_genres,drop,genres=[]
movies_processed.csv,175815,missing_genres,drop,genres=[]
movies_processed.csv,175843,missing_genres,drop,genres=[]
movies_processed.csv,175857,missing_genres,drop,genres=[]
movies_processed.csv,175879,missing_genres,drop,genres=[]
movies_processed.csv,175915,missing_genres,drop,genres=[]
movies_processed.csv,175917,missing_genres,drop,genres=[]
movies_processed.csv,175929,missing_genres,drop,genres=[]
movies_processed.csv,175961,missing_genres,drop,genres=[]
movies_processed.csv,175963,missing_genres,drop,genres=[]
movies_processed.csv,175975,missing_genres,drop,genres=[]
movies_processed.csv,175985,missing_genres,drop,genres=[]
movies_processed.csv,175999,missing_genres,drop,genres=[]
movies_processed.csv,176027,missing_genres,drop,genres=[]
movies_processed.csv,176031,missing_genres,drop,genres=[]
movies_processed.csv,176033,missing_genres,drop,genres=[]
movies_processed.csv,176059,missing_genres,drop,genres=[]
movies_processed.csv,176061,missing_genres,drop,genres=[]
movies_processed.csv,176071,missing_genres,drop,genres=[]
movies_processed.csv,176087,missing_genres,drop,genres=[]
movies_processed.csv,176091,missing_genres,drop,genres=[]
movies_processed.csv,176123,missing_genres,drop,genres=[]
movies_processed.csv,176125,missing_genres,drop,genres=[]
movies_processed.csv,176127,missing_genres,drop,genres=[]
movies_processed.csv,176167,missing_genres,drop,genres=[]
movies_processed.csv,176203,missing_genres,drop,genres=[]
movies_processed.csv,176221,missing_genres,drop,genres=[]
movies_processed.csv,176231,missing_genres,drop,genres=[]
movies_processed.csv,176233,missing_genres,drop,genres=[]
movies_processed.csv,176253,missing_genres,drop,genres=[]
movies_processed.csv,176275,missing_genres,drop,genres=[]
movies_processed.csv,176279,missing_genres,drop,genres=[]
movies_processed.csv,176291,missing_genres,drop,genres=[]
movies_processed.csv,176293,missing_genres,drop,genres=[]
movies_processed.csv,176305,missing_genres,drop,genres=[]
movies_processed.csv,176309,missing_genres,drop,genres=[]
movies_processed.csv,176323,missing_genres,drop,genres=[]
movies_processed.csv,176351,missing_genres,drop,genres=[]
movies_processed.csv,176421,missing_genres,drop,genres=[]
movies_processed.csv,176425,missing_genres,drop,genres=[]
movies_processed.csv,176441,missing_genres,drop,genres=[]
movies_processed.csv,176447,missing_genres,drop,genres=[]
movies_processed.csv,176461,missing_genres,drop,genres=[]
movies_processed.csv,176479,missing_genres,drop,genres=[]
movies_processed.csv,176481,missing_genres,drop,genres=[]
movies_processed.csv,176489,missing_genres,drop,genres=[]
movies_processed.csv,176491,missing_genres,drop,genres=[]
movies_processed.csv,176497,missing_genres,drop,genres=[]
movies_processed.csv,176597,missing_genres,drop,genres=[]
movies_processed.csv,176601,missing_genres,drop,genres=[]
movies_processed.csv,176613,missing_genres,drop,genres=[]
movies_processed.csv,176649,missing_genres,drop,genres=[]
movies_processed.csv,176691,missing_genres,drop,genres=[]
movies_processed.csv,176725,missing_genres,drop,genres=[]
movies_processed.csv,176747,missing_genres,drop,genres=[]
movies_processed.csv,176767,missing_genres,drop,genres=[]
movies_processed.csv,176777,missing_genres,drop,genres=[]
movies_processed.csv,176785,missing_genres,drop,genres=[]
movies_processed.csv,176787,missing_genres,drop,genres=[]
movies_processed.csv,176795,missing_genres,drop,genres=[]
movies_processed.csv,176825,missing_genres,drop,genres=[]
movies_processed.csv,176857,missing_genres,drop,genres=[]
movies_processed.csv,176897,missing_genres,drop,genres=[]
movies_processed.csv,176989,missing_genres,drop,genres=[]
movies_processed.csv,177005,missing_genres,drop,genres=[]
movies_processed.csv,177011,missing_genres,drop,genres=[]
movies_processed.csv,177017,missing_genres,drop,genres=[]
movies_processed.csv,177029,missing_genres,drop,genres=[]
movies_processed.csv,177041,missing_genres,drop,genres=[]
movies_processed.csv,177071,missing_genres,drop,genres=[]
movies_processed.csv,177097,missing_genres,drop,genres=[]
movies_processed.csv,177109,missing_genres,drop,genres=[]
movies_processed.csv,177121,missing_genres,drop,genres=[]
movies_processed.csv,177143,missing_genres,drop,genres=[]
movies_processed.csv,177173,missing_genres,drop,genres=[]
movies_processed.csv,177191,missing_genres,drop,genres=[]
movies_processed.csv,177251,missing_genres,drop,genres=[]
movies_processed.csv,177255,missing_genres,drop,genres=[]
movies_processed.csv,177265,missing_genres,drop,genres=[]
movies_processed.csv,177281,missing_genres,drop,genres=[]
movies_processed.csv,177293,missing_genres,drop,genres=[]
movies_processed.csv,177323,missing_genres,drop,genres=[]
movies_processed.csv,177333,missing_genres,drop,genres=[]
movies_processed.csv,177387,missing_genres,drop,genres=[]
movies_processed.csv,177413,missing_genres,drop,genres=[]
movies_processed.csv,177421,missing_genres,drop,genres=[]
movies_processed.csv,177425,missing_genres,drop,genres=[]
movies_processed.csv,177427,missing_genres,drop,genres=[]
movies_processed.csv,177443,missing_genres,drop,genres=[]
movies_processed.csv,177459,missing_genres,drop,genres=[]
movies_processed.csv,177467,missing_genres,drop,genres=[]
movies_processed.csv,177481,missing_genres,drop,genres=[]
movies_processed.csv,177505,missing_genres,drop,genres=[]
movies_processed.csv,177509,missing_genres,drop,genres=[]
movies_processed.csv,177523,missing_genres,drop,genres=[]
movies_processed.csv,177537,missing_genres,drop,genres=[]
movies_processed.csv,177551,missing_genres,drop,genres=[]
movies_processed.csv,177577,missing_genres,drop,genres=[]
movies_processed.csv,177579,missing_genres,drop,genres=[]
movies_processed.csv,177581,missing_genres,drop,genres=[]
movies_processed.csv,177583,missing_genres,drop,genres=[]
movies_processed.csv,177589,missing_genres,drop,genres=[]
movies_processed.csv,177591,missing_genres,drop,genres=[]
movies_processed.csv,177611,missing_genres,drop,genres=[]
movies_processed.csv,177641,missing_genres,drop,genres=[]
movies_processed.csv,177677,missing_genres,drop,genres=[]
movies_processed.csv,177695,missing_genres,drop,genres=[]
movies_processed.csv,177707,missing_genres,drop,genres=[]
movies_processed.csv,177711,missing_genres,drop,genres=[]
movies_processed.csv,177715,missing_genres,drop,genres=[]
movies_processed.csv,177739,missing_genres,drop,genres=[]
movies_processed.csv,177751,missing_genres,drop,genres=[]
movies_processed.csv,177783,missing_genres,drop,genres=[]
movies_processed.csv,177817,missing_genres,drop,genres=[]
movies_processed.csv,177843,missing_genres,drop,genres=[]
movies_processed.csv,177859,missing_genres,drop,genres=[]
movies_processed.csv,177863,missing_genres,drop,genres=[]
movies_processed.csv,177921,missing_genres,drop,genres=[]
movies_processed.csv,177973,missing_genres,drop,genres=[]
movies_processed.csv,177975,missing_genres,drop,genres=[]
movies_processed.csv,177993,missing_genres,drop,genres=[]
movies_processed.csv,178035,missing_genres,drop,genres=[]
movies_processed.csv,178039,missing_genres,drop,genres=[]
movies_processed.csv,178053,missing_genres,drop,genres=[]
movies_processed.csv,178057,missing_genres,drop,genres=[]
movies_processed.csv,178065,missing_genres,drop,genres=[]
movies_processed.csv,178095,missing_genres,drop,genres=[]
movies_processed.csv,178105,missing_genres,drop,genres=[]
movies_processed.csv,178127,missing_genres,drop,genres=[]
movies_processed.csv,178139,missing_genres,drop,genres=[]
movies_processed.csv,178143,missing_genres,drop,genres=[]
movies_processed.csv,178157,missing_genres,drop,genres=[]
movies_processed.csv,178185,missing_genres,drop,genres=[]
movies_processed.csv,178221,missing_genres,drop,genres=[]
movies_processed.csv,178223,missing_genres,drop,genres=[]
movies_processed.csv,178235,missing_genres,drop,genres=[]
movies_processed.csv,178251,missing_genres,drop,genres=[]
movies_processed.csv,178257,missing_genres,drop,genres=[]
movies_processed.csv,178271,missing_genres,drop,genres=[]
movies_processed.csv,178273,missing_genres,drop,genres=[]
movies_processed.csv,178279,missing_genres,drop,genres=[]
movies_processed.csv,178281,missing_genres,drop,genres=[]
movies_processed.csv,178283,missing_genres,drop,genres=[]
movies_processed.csv,178297,missing_genres,drop,genres=[]
movies_processed.csv,178325,missing_genres,drop,genres=[]
movies_processed.csv,178359,missing_genres,drop,genres=[]
movies_processed.csv,178385,missing_genres,drop,genres=[]
movies_processed.csv,178403,missing_genres,drop,genres=[]
movies_processed.csv,178419,missing_genres,drop,genres=[]
movies_processed.csv,178425,missing_genres,drop,genres=[]
movies_processed.csv,178429,missing_genres,drop,genres=[]
movies_processed.csv,178453,missing_genres,drop,genres=[]
movies_processed.csv,178461,missing_genres,drop,genres=[]
movies_processed.csv,178493,missing_genres,drop,genres=[]
movies_processed.csv,178495,missing_genres,drop,genres=[]
movies_processed.csv,178515,missing_genres,drop,genres=[]
movies_processed.csv,178549,missing_genres,drop,genres=[]
movies_processed.csv,178555,missing_genres,drop,genres=[]
movies_processed.csv,178567,missing_genres,drop,genres=[]
movies_processed.csv,178617,missing_genres,drop,genres=[]
movies_processed.csv,178619,missing_genres,drop,genres=[]
movies_processed.csv,178621,missing_genres,drop,genres=[]
movies_processed.csv,178631,missing_genres,drop,genres=[]
movies_processed.csv,178641,missing_genres,drop,genres=[]
movies_processed.csv,178701,missing_genres,drop,genres=[]
movies_processed.csv,178725,missing_genres,drop,genres=[]
movies_processed.csv,178733,missing_genres,drop,genres=[]
movies_processed.csv,178735,missing_genres,drop,genres=[]
movies_processed.csv,178739,missing_genres,drop,genres=[]
movies_processed.csv,178761,missing_genres,drop,genres=[]
movies_processed.csv,178781,missing_genres,drop,genres=[]
movies_processed.csv,178819,missing_genres,drop,genres=[]
movies_processed.csv,178821,missing_genres,drop,genres=[]
movies_processed.csv,178853,missing_genres,drop,genres=[]
movies_processed.csv,178869,missing_genres,drop,genres=[]
movies_processed.csv,178921,missing_genres,drop,genres=[]
movies_processed.csv,178923,missing_genres,drop,genres=[]
movies_processed.csv,178953,missing_genres,drop,genres=[]
movies_processed.csv,178961,missing_genres,drop,genres=[]
movies_processed.csv,178983,missing_genres,drop,genres=[]
movies_processed.csv,179043,missing_genres,drop,genres=[]
movies_processed.csv,179111,missing_genres,drop,genres=[]
movies_processed.csv,179115,missing_genres,drop,genres=[]
movies_processed.csv,179117,missing_genres,drop,genres=[]
movies_processed.csv,179137,missing_genres,drop,genres=[]
movies_processed.csv,179147,missing_genres,drop,genres=[]
movies_processed.csv,179149,missing_genres,drop,genres=[]
movies_processed.csv,179161,missing_genres,drop,genres=[]
movies_processed.csv,179179,missing_genres,drop,genres=[]
movies_processed.csv,179189,missing_genres,drop,genres=[]
movies_processed.csv,179251,missing_genres,drop,genres=[]
movies_processed.csv,179257,missing_genres,drop,genres=[]
movies_processed.csv,179271,missing_genres,drop,genres=[]
movies_processed.csv,179279,missing_genres,drop,genres=[]
movies_processed.csv,179301,missing_genres,drop,genres=[]
movies_processed.csv,179307,missing_genres,drop,genres=[]
movies_processed.csv,179311,missing_genres,drop,genres=[]
movies_processed.csv,179325,missing_genres,drop,genres=[]
movies_processed.csv,179349,missing_genres,drop,genres=[]
movies_processed.csv,179357,missing_genres,drop,genres=[]
movies_processed.csv,179361,missing_genres,drop,genres=[]
movies_processed.csv,179365,missing_genres,drop,genres=[]
movies_processed.csv,179369,missing_genres,drop,genres=[]
movies_processed.csv,179391,missing_genres,drop,genres=[]
movies_processed.csv,179405,missing_genres,drop,genres=[]
movies_processed.csv,179459,missing_genres,drop,genres=[]
movies_processed.csv,179469,missing_genres,drop,genres=[]
movies_processed.csv,179485,missing_genres,drop,genres=[]
movies_processed.csv,179487,missing_genres,drop,genres=[]
movies_processed.csv,179555,missing_genres,drop,genres=[]
movies_processed.csv,179719,missing_genres,drop,genres=[]
movies_processed.csv,179723,missing_genres,drop,genres=[]
movies_processed.csv,179763,missing_genres,drop,genres=[]
movies_processed.csv,179765,missing_genres,drop,genres=[]
movies_processed.csv,179767,missing_genres,drop,genres=[]
movies_processed.csv,179769,missing_genres,drop,genres=[]
movies_processed.csv,179783,missing_genres,drop,genres=[]
movies_processed.csv,179823,missing_genres,drop,genres=[]
movies_processed.csv,179833,missing_genres,drop,genres=[]
movies_processed.csv,179843,missing_genres,drop,genres=[]
movies_processed.csv,179845,missing_genres,drop,genres=[]
movies_processed.csv,179869,missing_genres,drop,genres=[]
movies_processed.csv,179907,missing_genres,drop,genres=[]
movies_processed.csv,179927,missing_genres,drop,genres=[]
movies_processed.csv,179935,missing_genres,drop,genres=[]
movies_processed.csv,179955,missing_genres,drop,genres=[]
movies_processed.csv,179969,missing_genres,drop,genres=[]
movies_processed.csv,179971,missing_genres,drop,genres=[]
movies_processed.csv,179973,missing_genres,drop,genres=[]
movies_processed.csv,179975,missing_genres,drop,genres=[]
movies_processed.csv,179987,missing_genres,drop,genres=[]
movies_processed.csv,179993,missing_genres,drop,genres=[]
movies_processed.csv,179995,missing_genres,drop,genres=[]
movies_processed.csv,180003,missing_genres,drop,genres=[]
movies_processed.csv,180005,missing_genres,drop,genres=[]
movies_processed.csv,180011,missing_genres,drop,genres=[]
movies_processed.csv,180049,missing_genres,drop,genres=[]
movies_processed.csv,180053,missing_genres,drop,genres=[]
movies_processed.csv,180069,missing_genres,drop,genres=[]
movies_processed.csv,180077,missing_genres,drop,genres=[]
movies_processed.csv,180083,missing_genres,drop,genres=[]
movies_processed.csv,180097,missing_genres,drop,genres=[]
movies_processed.csv,180105,missing_genres,drop,genres=[]
movies_processed.csv,180115,missing_genres,drop,genres=[]
movies_processed.csv,180143,missing_genres,drop,genres=[]
movies_processed.csv,180163,missing_genres,drop,genres=[]
movies_processed.csv,180167,missing_genres,drop,genres=[]
movies_processed.csv,180175,missing_genres,drop,genres=[]
movies_processed.csv,180177,missing_genres,drop,genres=[]
movies_processed.csv,180179,missing_genres,drop,genres=[]
movies_processed.csv,180189,missing_genres,drop,genres=[]
movies_processed.csv,180193,missing_genres,drop,genres=[]
movies_processed.csv,180195,missing_genres,drop,genres=[]
movies_processed.csv,180199,missing_genres,drop,genres=[]
movies_processed.csv,180213,missing_genres,drop,genres=[]
movies_processed.csv,180299,missing_genres,drop,genres=[]
movies_processed.csv,180301,missing_genres,drop,genres=[]
movies_processed.csv,180311,missing_genres,drop,genres=[]
movies_processed.csv,180331,missing_genres,drop,genres=[]
movies_processed.csv,180397,missing_genres,drop,genres=[]
movies_processed.csv,180399,missing_genres,drop,genres=[]
movies_processed.csv,180407,missing_genres,drop,genres=[]
movies_processed.csv,180413,missing_genres,drop,genres=[]
movies_processed.csv,180473,missing_genres,drop,genres=[]
movies_processed.csv,180493,missing_genres,drop,genres=[]
movies_processed.csv,180521,missing_genres,drop,genres=[]
movies_processed.csv,180531,missing_genres,drop,genres=[]
movies_processed.csv,180539,missing_genres,drop,genres=[]
movies_processed.csv,180543,missing_genres,drop,genres=[]
movies_processed.csv,180585,missing_genres,drop,genres=[]
movies_processed.csv,180595,missing_genres,drop,genres=[]
movies_processed.csv,180597,missing_genres,drop,genres=[]
movies_processed.csv,180625,missing_genres,drop,genres=[]
movies_processed.csv,180645,missing_genres,drop,genres=[]
movies_processed.csv,180653,missing_genres,drop,genres=[]
movies_processed.csv,180665,missing_genres,drop,genres=[]
movies_processed.csv,180667,missing_genres,drop,genres=[]
movies_processed.csv,180683,missing_genres,drop,genres=[]
movies_processed.csv,180695,missing_genres,drop,genres=[]
movies_processed.csv,180699,missing_genres,drop,genres=[]
movies_processed.csv,180713,missing_genres,drop,genres=[]
movies_processed.csv,180723,missing_genres,drop,genres=[]
movies_processed.csv,180755,missing_genres,drop,genres=[]
movies_processed.csv,180761,missing_genres,drop,genres=[]
movies_processed.csv,180771,missing_genres,drop,genres=[]
movies_processed.csv,180775,missing_genres,drop,genres=[]
movies_processed.csv,180809,missing_genres,drop,genres=[]
movies_processed.csv,180831,missing_genres,drop,genres=[]
movies_processed.csv,180841,missing_genres,drop,genres=[]
movies_processed.csv,180845,missing_genres,drop,genres=[]
movies_processed.csv,180847,missing_genres,drop,genres=[]
movies_processed.csv,180893,missing_genres,drop,genres=[]
movies_processed.csv,180897,missing_genres,drop,genres=[]
movies_processed.csv,180903,missing_genres,drop,genres=[]
movies_processed.csv,180905,missing_genres,drop,genres=[]
movies_processed.csv,180907,missing_genres,drop,genres=[]
movies_processed.csv,180923,missing_genres,drop,genres=[]
movies_processed.csv,180931,missing_genres,drop,genres=[]
movies_processed.csv,180933,missing_genres,drop,genres=[]
movies_processed.csv,180947,missing_genres,drop,genres=[]
movies_processed.csv,180973,missing_genres,drop,genres=[]
movies_processed.csv,180991,missing_genres,drop,genres=[]
movies_processed.csv,180993,missing_genres,drop,genres=[]
movies_processed.csv,181005,missing_genres,drop,genres=[]
movies_processed.csv,181011,missing_genres,drop,genres=[]
movies_processed.csv,181039,missing_genres,drop,genres=[]
movies_processed.csv,181051,missing_genres,drop,genres=[]
movies_processed.csv,181071,missing_genres,drop,genres=[]
movies_processed.csv,181095,missing_genres,drop,genres=[]
movies_processed.csv,181097,missing_genres,drop,genres=[]
movies_processed.csv,181117,missing_genres,drop,genres=[]
movies_processed.csv,181143,missing_genres,drop,genres=[]
movies_processed.csv,181153,missing_genres,drop,genres=[]
movies_processed.csv,181163,missing_genres,drop,genres=[]
movies_processed.csv,181181,missing_genres,drop,genres=[]
movies_processed.csv,181183,missing_genres,drop,genres=[]
movies_processed.csv,181283,missing_genres,drop,genres=[]
movies_processed.csv,181297,missing_genres,drop,genres=[]
movies_processed.csv,181327,missing_genres,drop,genres=[]
movies_processed.csv,181351,missing_genres,drop,genres=[]
movies_processed.csv,181361,missing_genres,drop,genres=[]
movies_processed.csv,181375,missing_genres,drop,genres=[]
movies_processed.csv,181377,missing_genres,drop,genres=[]
movies_processed.csv,181381,missing_genres,drop,genres=[]
movies_processed.csv,181395,missing_genres,drop,genres=[]
movies_processed.csv,181397,missing_genres,drop,genres=[]
movies_processed.csv,181401,missing_genres,drop,genres=[]
movies_processed.csv,181407,missing_genres,drop,genres=[]
movies_processed.csv,181409,missing_genres,drop,genres=[]
movies_processed.csv,181411,missing_genres,drop,genres=[]
movies_processed.csv,181413,missing_genres,drop,genres=[]
movies_processed.csv,181417,missing_genres,drop,genres=[]
movies_processed.csv,181435,missing_genres,drop,genres=[]
movies_processed.csv,181449,missing_genres,drop,genres=[]
movies_processed.csv,181463,missing_genres,drop,genres=[]
movies_processed.csv,181477,missing_genres,drop,genres=[]
movies_processed.csv,181533,missing_genres,drop,genres=[]
movies_processed.csv,181543,missing_genres,drop,genres=[]
movies_processed.csv,181561,missing_genres,drop,genres=[]
movies_processed.csv,181591,missing_genres,drop,genres=[]
movies_processed.csv,181613,missing_genres,drop,genres=[]
movies_processed.csv,181621,missing_genres,drop,genres=[]
movies_processed.csv,181623,missing_genres,drop,genres=[]
movies_processed.csv,181637,missing_genres,drop,genres=[]
movies_processed.csv,181641,missing_genres,drop,genres=[]
movies_processed.csv,181667,missing_genres,drop,genres=[]
movies_processed.csv,181675,missing_genres,drop,genres=[]
movies_processed.csv,181683,missing_genres,drop,genres=[]
movies_processed.csv,181685,missing_genres,drop,genres=[]
movies_processed.csv,181693,missing_genres,drop,genres=[]
movies_processed.csv,181701,missing_genres,drop,genres=[]
movies_processed.csv,181717,missing_genres,drop,genres=[]
movies_processed.csv,181719,missing_genres,drop,genres=[]
movies_processed.csv,181757,missing_genres,drop,genres=[]
movies_processed.csv,181855,missing_genres,drop,genres=[]
movies_processed.csv,181869,missing_genres,drop,genres=[]
movies_processed.csv,181899,missing_genres,drop,genres=[]
movies_processed.csv,181933,missing_genres,drop,genres=[]
movies_processed.csv,182097,missing_genres,drop,genres=[]
movies_processed.csv,182121,missing_genres,drop,genres=[]
movies_processed.csv,182275,missing_genres,drop,genres=[]
movies_processed.csv,182279,missing_genres,drop,genres=[]
movies_processed.csv,182311,missing_genres,drop,genres=[]
movies_processed.csv,182317,missing_genres,drop,genres=[]
movies_processed.csv,182323,missing_genres,drop,genres=[]
movies_processed.csv,182329,missing_genres,drop,genres=[]
movies_processed.csv,182333,missing_genres,drop,genres=[]
movies_processed.csv,182337,missing_genres,drop,genres=[]
movies_processed.csv,182343,missing_genres,drop,genres=[]
movies_processed.csv,182365,missing_genres,drop,genres=[]
movies_processed.csv,182367,missing_genres,drop,genres=[]
movies_processed.csv,182391,missing_genres,drop,genres=[]
movies_processed.csv,182399,missing_genres,drop,genres=[]
movies_processed.csv,182411,missing_genres,drop,genres=[]
movies_processed.csv,182419,missing_genres,drop,genres=[]
movies_processed.csv,182427,missing_genres,drop,genres=[]
movies_processed.csv,182431,missing_genres,drop,genres=[]
movies_processed.csv,182433,missing_genres,drop,genres=[]
movies_processed.csv,182437,missing_genres,drop,genres=[]
movies_processed.csv,182459,missing_genres,drop,genres=[]
movies_processed.csv,182461,missing_genres,drop,genres=[]
movies_processed.csv,182473,missing_genres,drop,genres=[]
movies_processed.csv,182517,missing_genres,drop,genres=[]
movies_processed.csv,182519,missing_genres,drop,genres=[]
movies_processed.csv,182521,missing_genres,drop,genres=[]
movies_processed.csv,182525,missing_genres,drop,genres=[]
movies_processed.csv,182529,missing_genres,drop,genres=[]
movies_processed.csv,182533,missing_genres,drop,genres=[]
movies_processed.csv,182535,missing_genres,drop,genres=[]
movies_processed.csv,182615,missing_genres,drop,genres=[]
movies_processed.csv,182629,missing_genres,drop,genres=[]
movies_processed.csv,182653,missing_genres,drop,genres=[]
movies_processed.csv,182655,missing_genres,drop,genres=[]
movies_processed.csv,182665,missing_genres,drop,genres=[]
movies_processed.csv,182687,missing_genres,drop,genres=[]
movies_processed.csv,182693,missing_genres,drop,genres=[]
movies_processed.csv,182701,missing_genres,drop,genres=[]
movies_processed.csv,182719,missing_genres,drop,genres=[]
movies_processed.csv,182723,missing_genres,drop,genres=[]
movies_processed.csv,182727,missing_genres,drop,genres=[]
movies_processed.csv,182747,missing_genres,drop,genres=[]
movies_processed.csv,182761,missing_genres,drop,genres=[]
movies_processed.csv,182765,missing_genres,drop,genres=[]
movies_processed.csv,182787,missing_genres,drop,genres=[]
movies_processed.csv,182789,missing_genres,drop,genres=[]
movies_processed.csv,182797,missing_genres,drop,genres=[]
movies_processed.csv,182801,missing_genres,drop,genres=[]
movies_processed.csv,182817,missing_genres,drop,genres=[]
movies_processed.csv,182833,missing_genres,drop,genres=[]
movies_processed.csv,182843,missing_genres,drop,genres=[]
movies_processed.csv,182881,missing_genres,drop,genres=[]
movies_processed.csv,182909,missing_genres,drop,genres=[]
movies_processed.csv,182961,missing_genres,drop,genres=[]
movies_processed.csv,182963,missing_genres,drop,genres=[]
movies_processed.csv,182971,missing_genres,drop,genres=[]
movies_processed.csv,182975,missing_genres,drop,genres=[]
movies_processed.csv,182977,missing_genres,drop,genres=[]
movies_processed.csv,182979,missing_genres,drop,genres=[]
movies_processed.csv,182983,missing_genres,drop,genres=[]
movies_processed.csv,182989,missing_genres,drop,genres=[]
movies_processed.csv,182997,missing_genres,drop,genres=[]
movies_processed.csv,183007,missing_genres,drop,genres=[]
movies_processed.csv,183009,missing_genres,drop,genres=[]
movies_processed.csv,183013,missing_genres,drop,genres=[]
movies_processed.csv,183015,missing_genres,drop,genres=[]
movies_processed.csv,183027,missing_genres,drop,genres=[]
movies_processed.csv,183067,missing_genres,drop,genres=[]
movies_processed.csv,183069,missing_genres,drop,genres=[]
movies_processed.csv,183089,missing_genres,drop,genres=[]
movies_processed.csv,183113,missing_genres,drop,genres=[]
movies_processed.csv,183133,missing_genres,drop,genres=[]
movies_processed.csv,183167,missing_genres,drop,genres=[]
movies_processed.csv,183173,missing_genres,drop,genres=[]
movies_processed.csv,183221,missing_genres,drop,genres=[]
movies_processed.csv,183247,missing_genres,drop,genres=[]
movies_processed.csv,183253,missing_genres,drop,genres=[]
movies_processed.csv,183257,missing_genres,drop,genres=[]
movies_processed.csv,183275,missing_genres,drop,genres=[]
movies_processed.csv,183283,missing_genres,drop,genres=[]
movies_processed.csv,183307,missing_genres,drop,genres=[]
movies_processed.csv,183315,missing_genres,drop,genres=[]
movies_processed.csv,183351,missing_genres,drop,genres=[]
movies_processed.csv,183357,missing_genres,drop,genres=[]
movies_processed.csv,183371,missing_genres,drop,genres=[]
movies_processed.csv,183375,missing_genres,drop,genres=[]
movies_processed.csv,183383,missing_genres,drop,genres=[]
movies_processed.csv,183427,missing_genres,drop,genres=[]
movies_processed.csv,183443,missing_genres,drop,genres=[]
movies_processed.csv,183473,missing_genres,drop,genres=[]
movies_processed.csv,183513,missing_genres,drop,genres=[]
movies_processed.csv,183551,missing_genres,drop,genres=[]
movies_processed.csv,183555,missing_genres,drop,genres=[]
movies_processed.csv,183577,missing_genres,drop,genres=[]
movies_processed.csv,183587,missing_genres,drop,genres=[]
movies_processed.csv,183627,missing_genres,drop,genres=[]
movies_processed.csv,183665,missing_genres,drop,genres=[]
movies_processed.csv,183687,missing_genres,drop,genres=[]
movies_processed.csv,183717,missing_genres,drop,genres=[]
movies_processed.csv,183723,missing_genres,drop,genres=[]
movies_processed.csv,183735,missing_genres,drop,genres=[]
movies_processed.csv,183749,missing_genres,drop,genres=[]
movies_processed.csv,183813,missing_genres,drop,genres=[]
movies_processed.csv,183865,missing_genres,drop,genres=[]
movies_processed.csv,183867,missing_genres,drop,genres=[]
movies_processed.csv,183869,missing_genres,drop,genres=[]
movies_processed.csv,183871,missing_genres,drop,genres=[]
movies_processed.csv,183881,missing_genres,drop,genres=[]
movies_processed.csv,183907,missing_genres,drop,genres=[]
movies_processed.csv,183909,missing_genres,drop,genres=[]
movies_processed.csv,183935,missing_genres,drop,genres=[]
movies_processed.csv,183947,missing_genres,drop,genres=[]
movies_processed.csv,183963,missing_genres,drop,genres=[]
movies_processed.csv,183995,missing_genres,drop,genres=[]
movies_processed.csv,184001,missing_genres,drop,genres=[]
movies_processed.csv,184003,missing_genres,drop,genres=[]
movies_processed.csv,184027,missing_genres,drop,genres=[]
movies_processed.csv,184029,missing_genres,drop,genres=[]
movies_processed.csv,184037,missing_genres,drop,genres=[]
movies_processed.csv,184055,missing_genres,drop,genres=[]
movies_processed.csv,184059,missing_genres,drop,genres=[]
movies_processed.csv,184075,missing_genres,drop,genres=[]
movies_processed.csv,184083,missing_genres,drop,genres=[]
movies_processed.csv,184091,missing_genres,drop,genres=[]
movies_processed.csv,184099,missing_genres,drop,genres=[]
movies_processed.csv,184109,missing_genres,drop,genres=[]
movies_processed.csv,184123,missing_genres,drop,genres=[]
movies_processed.csv,184149,missing_genres,drop,genres=[]
movies_processed.csv,184151,missing_genres,drop,genres=[]
movies_processed.csv,184169,missing_genres,drop,genres=[]
movies_processed.csv,184171,missing_genres,drop,genres=[]
movies_processed.csv,184271,missing_genres,drop,genres=[]
movies_processed.csv,184305,missing_genres,drop,genres=[]
movies_processed.csv,184309,missing_genres,drop,genres=[]
movies_processed.csv,184329,missing_genres,drop,genres=[]
movies_processed.csv,184337,missing_genres,drop,genres=[]
movies_processed.csv,184399,missing_genres,drop,genres=[]
movies_processed.csv,184401,missing_genres,drop,genres=[]
movies_processed.csv,184483,missing_genres,drop,genres=[]
movies_processed.csv,184499,missing_genres,drop,genres=[]
movies_processed.csv,184547,missing_genres,drop,genres=[]
movies_processed.csv,184595,missing_genres,drop,genres=[]
movies_processed.csv,184607,missing_genres,drop,genres=[]
movies_processed.csv,184611,missing_genres,drop,genres=[]
movies_processed.csv,184627,missing_genres,drop,genres=[]
movies_processed.csv,184631,missing_genres,drop,genres=[]
movies_processed.csv,184651,missing_genres,drop,genres=[]
movies_processed.csv,184827,missing_genres,drop,genres=[]
movies_processed.csv,184839,missing_genres,drop,genres=[]
movies_processed.csv,184847,missing_genres,drop,genres=[]
movies_processed.csv,184853,missing_genres,drop,genres=[]
movies_processed.csv,184887,missing_genres,drop,genres=[]
movies_processed.csv,184891,missing_genres,drop,genres=[]
movies_processed.csv,184893,missing_genres,drop,genres=[]
movies_processed.csv,184913,missing_genres,drop,genres=[]
movies_processed.csv,184969,missing_genres,drop,genres=[]
movies_processed.csv,184975,missing_genres,drop,genres=[]
movies_processed.csv,185009,missing_genres,drop,genres=[]
movies_processed.csv,185085,missing_genres,drop,genres=[]
movies_processed.csv,185097,missing_genres,drop,genres=[]
movies_processed.csv,185133,missing_genres,drop,genres=[]
movies_processed.csv,185139,missing_genres,drop,genres=[]
movies_processed.csv,185141,missing_genres,drop,genres=[]
movies_processed.csv,185143,missing_genres,drop,genres=[]
movies_processed.csv,185159,missing_genres,drop,genres=[]
movies_processed.csv,185165,missing_genres,drop,genres=[]
movies_processed.csv,185191,missing_genres,drop,genres=[]
movies_processed.csv,185195,missing_genres,drop,genres=[]
movies_processed.csv,185211,missing_genres,drop,genres=[]
movies_processed.csv,185243,missing_genres,drop,genres=[]
movies_processed.csv,185291,missing_genres,drop,genres=[]
movies_processed.csv,185315,missing_genres,drop,genres=[]
movies_processed.csv,185323,missing_genres,drop,genres=[]
movies_processed.csv,185329,missing_genres,drop,genres=[]
movies_processed.csv,185331,missing_genres,drop,genres=[]
movies_processed.csv,185337,missing_genres,drop,genres=[]
movies_processed.csv,185357,missing_genres,drop,genres=[]
movies_processed.csv,185419,missing_genres,drop,genres=[]
movies_processed.csv,185459,missing_genres,drop,genres=[]
movies_processed.csv,185479,missing_genres,drop,genres=[]
movies_processed.csv,185501,missing_genres,drop,genres=[]
movies_processed.csv,185517,missing_genres,drop,genres=[]
movies_processed.csv,185565,missing_genres,drop,genres=[]
movies_processed.csv,185573,missing_genres,drop,genres=[]
movies_processed.csv,185581,missing_genres,drop,genres=[]
movies_processed.csv,185599,missing_genres,drop,genres=[]
movies_processed.csv,185613,missing_genres,drop,genres=[]
movies_processed.csv,185653,missing_genres,drop,genres=[]
movies_processed.csv,185657,missing_genres,drop,genres=[]
movies_processed.csv,185659,missing_genres,drop,genres=[]
movies_processed.csv,185663,missing_genres,drop,genres=[]
movies_processed.csv,185667,missing_genres,drop,genres=[]
movies_processed.csv,185675,missing_genres,drop,genres=[]
movies_processed.csv,185691,missing_genres,drop,genres=[]
movies_processed.csv,185695,missing_genres,drop,genres=[]
movies_processed.csv,185721,missing_genres,drop,genres=[]
movies_processed.csv,185745,missing_genres,drop,genres=[]
movies_processed.csv,185797,missing_genres,drop,genres=[]
movies_processed.csv,185809,missing_genres,drop,genres=[]
movies_processed.csv,185819,missing_genres,drop,genres=[]
movies_processed.csv,185827,missing_genres,drop,genres=[]
movies_processed.csv,185835,missing_genres,drop,genres=[]
movies_processed.csv,185837,missing_genres,drop,genres=[]
movies_processed.csv,185845,missing_genres,drop,genres=[]
movies_processed.csv,185857,missing_genres,drop,genres=[]
movies_processed.csv,185873,missing_genres,drop,genres=[]
movies_processed.csv,185913,missing_genres,drop,genres=[]
movies_processed.csv,185939,missing_genres,drop,genres=[]
movies_processed.csv,185941,missing_genres,drop,genres=[]
movies_processed.csv,185973,missing_genres,drop,genres=[]
movies_processed.csv,186007,missing_genres,drop,genres=[]
movies_processed.csv,186037,missing_genres,drop,genres=[]
movies_processed.csv,186053,missing_genres,drop,genres=[]
movies_processed.csv,186079,missing_genres,drop,genres=[]
movies_processed.csv,186093,missing_genres,drop,genres=[]
movies_processed.csv,186117,missing_genres,drop,genres=[]
movies_processed.csv,186143,missing_genres,drop,genres=[]
movies_processed.csv,186241,missing_genres,drop,genres=[]
movies_processed.csv,186247,missing_genres,drop,genres=[]
movies_processed.csv,186253,missing_genres,drop,genres=[]
movies_processed.csv,186261,missing_genres,drop,genres=[]
movies_processed.csv,186275,missing_genres,drop,genres=[]
movies_processed.csv,186281,missing_genres,drop,genres=[]
movies_processed.csv,186293,missing_genres,drop,genres=[]
movies_processed.csv,186313,missing_genres,drop,genres=[]
movies_processed.csv,186325,missing_genres,drop,genres=[]
movies_processed.csv,186327,missing_genres,drop,genres=[]
movies_processed.csv,186337,missing_genres,drop,genres=[]
movies_processed.csv,186355,missing_genres,drop,genres=[]
movies_processed.csv,186373,missing_genres,drop,genres=[]
movies_processed.csv,186375,missing_genres,drop,genres=[]
movies_processed.csv,186377,missing_genres,drop,genres=[]
movies_processed.csv,186379,missing_genres,drop,genres=[]
movies_processed.csv,186385,missing_genres,drop,genres=[]
movies_processed.csv,186387,missing_genres,drop,genres=[]
movies_processed.csv,186437,missing_genres,drop,genres=[]
movies_processed.csv,186441,missing_genres,drop,genres=[]
movies_processed.csv,186449,missing_genres,drop,genres=[]
movies_processed.csv,186475,missing_genres,drop,genres=[]
movies_processed.csv,186477,missing_genres,drop,genres=[]
movies_processed.csv,186485,missing_genres,drop,genres=[]
movies_processed.csv,186489,missing_genres,drop,genres=[]
movies_processed.csv,186543,missing_genres,drop,genres=[]
movies_processed.csv,186585,missing_genres,drop,genres=[]
movies_processed.csv,186597,missing_genres,drop,genres=[]
movies_processed.csv,186613,missing_genres,drop,genres=[]
movies_processed.csv,186619,missing_genres,drop,genres=[]
movies_processed.csv,186629,missing_genres,drop,genres=[]
movies_processed.csv,186725,missing_genres,drop,genres=[]
movies_processed.csv,186753,missing_genres,drop,genres=[]
movies_processed.csv,186757,missing_genres,drop,genres=[]
movies_processed.csv,186779,missing_genres,drop,genres=[]
movies_processed.csv,186781,missing_genres,drop,genres=[]
movies_processed.csv,186789,missing_genres,drop,genres=[]
movies_processed.csv,186791,missing_genres,drop,genres=[]
movies_processed.csv,186801,missing_genres,drop,genres=[]
movies_processed.csv,186805,missing_genres,drop,genres=[]
movies_processed.csv,186835,missing_genres,drop,genres=[]
movies_processed.csv,186865,missing_genres,drop,genres=[]
movies_processed.csv,186885,missing_genres,drop,genres=[]
movies_processed.csv,186887,missing_genres,drop,genres=[]
movies_processed.csv,186891,missing_genres,drop,genres=[]
movies_processed.csv,186893,missing_genres,drop,genres=[]
movies_processed.csv,186897,missing_genres,drop,genres=[]
movies_processed.csv,186929,missing_genres,drop,genres=[]
movies_processed.csv,186951,missing_genres,drop,genres=[]
movies_processed.csv,186989,missing_genres,drop,genres=[]
movies_processed.csv,186995,missing_genres,drop,genres=[]
movies_processed.csv,187009,missing_genres,drop,genres=[]
movies_processed.csv,187011,missing_genres,drop,genres=[]
movies_processed.csv,187013,missing_genres,drop,genres=[]
movies_processed.csv,187059,missing_genres,drop,genres=[]
movies_processed.csv,187107,missing_genres,drop,genres=[]
movies_processed.csv,187117,missing_genres,drop,genres=[]
movies_processed.csv,187131,missing_genres,drop,genres=[]
movies_processed.csv,187155,missing_genres,drop,genres=[]
movies_processed.csv,187161,missing_genres,drop,genres=[]
movies_processed.csv,187177,missing_genres,drop,genres=[]
movies_processed.csv,187209,missing_genres,drop,genres=[]
movies_processed.csv,187251,missing_genres,drop,genres=[]
movies_processed.csv,187253,missing_genres,drop,genres=[]
movies_processed.csv,187269,missing_genres,drop,genres=[]
movies_processed.csv,187273,missing_genres,drop,genres=[]
movies_processed.csv,187285,missing_genres,drop,genres=[]
movies_processed.csv,187307,missing_genres,drop,genres=[]
movies_processed.csv,187311,missing_genres,drop,genres=[]
movies_processed.csv,187327,missing_genres,drop,genres=[]
movies_processed.csv,187329,missing_genres,drop,genres=[]
movies_processed.csv,187343,missing_genres,drop,genres=[]
movies_processed.csv,187349,missing_genres,drop,genres=[]
movies_processed.csv,187361,missing_genres,drop,genres=[]
movies_processed.csv,187371,missing_genres,drop,genres=[]
movies_processed.csv,187373,missing_genres,drop,genres=[]
movies_processed.csv,187387,missing_genres,drop,genres=[]
movies_processed.csv,187391,missing_genres,drop,genres=[]
movies_processed.csv,187399,missing_genres,drop,genres=[]
movies_processed.csv,187401,missing_genres,drop,genres=[]
movies_processed.csv,187413,missing_genres,drop,genres=[]
movies_processed.csv,187429,missing_genres,drop,genres=[]
movies_processed.csv,187443,missing_genres,drop,genres=[]
movies_processed.csv,187451,missing_genres,drop,genres=[]
movies_processed.csv,187455,missing_genres,drop,genres=[]
movies_processed.csv,187471,missing_genres,drop,genres=[]
movies_processed.csv,187475,missing_genres,drop,genres=[]
movies_processed.csv,187519,missing_genres,drop,genres=[]
movies_processed.csv,187525,missing_genres,drop,genres=[]
movies_processed.csv,187543,missing_genres,drop,genres=[]
movies_processed.csv,187549,missing_genres,drop,genres=[]
movies_processed.csv,187645,missing_genres,drop,genres=[]
movies_processed.csv,187685,missing_genres,drop,genres=[]
movies_processed.csv,187689,missing_genres,drop,genres=[]
movies_processed.csv,187691,missing_genres,drop,genres=[]
movies_processed.csv,187693,missing_genres,drop,genres=[]
movies_processed.csv,187695,missing_genres,drop,genres=[]
movies_processed.csv,187697,missing_genres,drop,genres=[]
movies_processed.csv,187699,missing_genres,drop,genres=[]
movies_processed.csv,187703,missing_genres,drop,genres=[]
movies_processed.csv,187713,missing_genres,drop,genres=[]
movies_processed.csv,187757,missing_genres,drop,genres=[]
movies_processed.csv,187763,missing_genres,drop,genres=[]
movies_processed.csv,187765,missing_genres,drop,genres=[]
movies_processed.csv,187767,missing_genres,drop,genres=[]
movies_processed.csv,187787,missing_genres,drop,genres=[]
movies_processed.csv,187799,missing_genres,drop,genres=[]
movies_processed.csv,187821,missing_genres,drop,genres=[]
movies_processed.csv,187825,missing_genres,drop,genres=[]
movies_processed.csv,187839,missing_genres,drop,genres=[]
movies_processed.csv,187913,missing_genres,drop,genres=[]
movies_processed.csv,187965,missing_genres,drop,genres=[]
movies_processed.csv,188013,missing_genres,drop,genres=[]
movies_processed.csv,188029,missing_genres,drop,genres=[]
movies_processed.csv,188063,missing_genres,drop,genres=[]
movies_processed.csv,188071,missing_genres,drop,genres=[]
movies_processed.csv,188129,missing_genres,drop,genres=[]
movies_processed.csv,188201,missing_genres,drop,genres=[]
movies_processed.csv,188203,missing_genres,drop,genres=[]
movies_processed.csv,188209,missing_genres,drop,genres=[]
movies_processed.csv,188223,missing_genres,drop,genres=[]
movies_processed.csv,188225,missing_genres,drop,genres=[]
movies_processed.csv,188257,missing_genres,drop,genres=[]
movies_processed.csv,188323,missing_genres,drop,genres=[]
movies_processed.csv,188333,missing_genres,drop,genres=[]
movies_processed.csv,188367,missing_genres,drop,genres=[]
movies_processed.csv,188387,missing_genres,drop,genres=[]
movies_processed.csv,188395,missing_genres,drop,genres=[]
movies_processed.csv,188405,missing_genres,drop,genres=[]
movies_processed.csv,188489,missing_genres,drop,genres=[]
movies_processed.csv,188493,missing_genres,drop,genres=[]
movies_processed.csv,188499,missing_genres,drop,genres=[]
movies_processed.csv,188561,missing_genres,drop,genres=[]
movies_processed.csv,188563,missing_genres,drop,genres=[]
movies_processed.csv,188567,missing_genres,drop,genres=[]
movies_processed.csv,188569,missing_genres,drop,genres=[]
movies_processed.csv,188593,missing_genres,drop,genres=[]
movies_processed.csv,188595,missing_genres,drop,genres=[]
movies_processed.csv,188601,missing_genres,drop,genres=[]
movies_processed.csv,188617,missing_genres,drop,genres=[]
movies_processed.csv,188627,missing_genres,drop,genres=[]
movies_processed.csv,188703,missing_genres,drop,genres=[]
movies_processed.csv,188723,missing_genres,drop,genres=[]
movies_processed.csv,188735,missing_genres,drop,genres=[]
movies_processed.csv,188801,missing_genres,drop,genres=[]
movies_processed.csv,188805,missing_genres,drop,genres=[]
movies_processed.csv,188817,missing_genres,drop,genres=[]
movies_processed.csv,188891,missing_genres,drop,genres=[]
movies_processed.csv,188901,missing_genres,drop,genres=[]
movies_processed.csv,188903,missing_genres,drop,genres=[]
movies_processed.csv,188907,missing_genres,drop,genres=[]
movies_processed.csv,188923,missing_genres,drop,genres=[]
movies_processed.csv,188925,missing_genres,drop,genres=[]
movies_processed.csv,188979,missing_genres,drop,genres=[]
movies_processed.csv,189009,missing_genres,drop,genres=[]
movies_processed.csv,189023,missing_genres,drop,genres=[]
movies_processed.csv,189025,missing_genres,drop,genres=[]
movies_processed.csv,189047,missing_genres,drop,genres=[]
movies_processed.csv,189077,missing_genres,drop,genres=[]
movies_processed.csv,189143,missing_genres,drop,genres=[]
movies_processed.csv,189159,missing_genres,drop,genres=[]
movies_processed.csv,189161,missing_genres,drop,genres=[]
movies_processed.csv,189163,missing_genres,drop,genres=[]
movies_processed.csv,189227,missing_genres,drop,genres=[]
movies_processed.csv,189273,missing_genres,drop,genres=[]
movies_processed.csv,189287,missing_genres,drop,genres=[]
movies_processed.csv,189335,missing_genres,drop,genres=[]
movies_processed.csv,189345,missing_genres,drop,genres=[]
movies_processed.csv,189351,missing_genres,drop,genres=[]
movies_processed.csv,189385,missing_genres,drop,genres=[]
movies_processed.csv,189413,missing_genres,drop,genres=[]
movies_processed.csv,189429,missing_genres,drop,genres=[]
movies_processed.csv,189433,missing_genres,drop,genres=[]
movies_processed.csv,189505,missing_genres,drop,genres=[]
movies_processed.csv,189507,missing_genres,drop,genres=[]
movies_processed.csv,189513,missing_genres,drop,genres=[]
movies_processed.csv,189537,missing_genres,drop,genres=[]
movies_processed.csv,189557,missing_genres,drop,genres=[]
movies_processed.csv,189571,missing_genres,drop,genres=[]
movies_processed.csv,189573,missing_genres,drop,genres=[]
movies_processed.csv,189597,missing_genres,drop,genres=[]
movies_processed.csv,189611,missing_genres,drop,genres=[]
movies_processed.csv,189615,missing_genres,drop,genres=[]
movies_processed.csv,189617,missing_genres,drop,genres=[]
movies_processed.csv,189619,missing_genres,drop,genres=[]
movies_processed.csv,189627,missing_genres,drop,genres=[]
movies_processed.csv,189683,missing_genres,drop,genres=[]
movies_processed.csv,189703,missing_genres,drop,genres=[]
movies_processed.csv,189707,missing_genres,drop,genres=[]
movies_processed.csv,189723,missing_genres,drop,genres=[]
movies_processed.csv,189725,missing_genres,drop,genres=[]
movies_processed.csv,189731,missing_genres,drop,genres=[]
movies_processed.csv,189789,missing_genres,drop,genres=[]
movies_processed.csv,189813,missing_genres,drop,genres=[]
movies_processed.csv,189833,missing_genres,drop,genres=[]
movies_processed.csv,189845,missing_genres,drop,genres=[]
movies_processed.csv,189881,missing_genres,drop,genres=[]
movies_processed.csv,189925,missing_genres,drop,genres=[]
movies_processed.csv,189951,missing_genres,drop,genres=[]
movies_processed.csv,189965,missing_genres,drop,genres=[]
movies_processed.csv,189977,missing_genres,drop,genres=[]
movies_processed.csv,189979,missing_genres,drop,genres=[]
movies_processed.csv,189985,missing_genres,drop,genres=[]
movies_processed.csv,189997,missing_genres,drop,genres=[]
movies_processed.csv,190009,missing_genres,drop,genres=[]
movies_processed.csv,190045,missing_genres,drop,genres=[]
movies_processed.csv,190049,missing_genres,drop,genres=[]
movies_processed.csv,190061,missing_genres,drop,genres=[]
movies_processed.csv,190063,missing_genres,drop,genres=[]
movies_processed.csv,190069,missing_genres,drop,genres=[]
movies_processed.csv,190071,missing_genres,drop,genres=[]
movies_processed.csv,190073,missing_genres,drop,genres=[]
movies_processed.csv,190095,missing_genres,drop,genres=[]
movies_processed.csv,190139,missing_genres,drop,genres=[]
movies_processed.csv,190143,missing_genres,drop,genres=[]
movies_processed.csv,190159,missing_genres,drop,genres=[]
movies_processed.csv,190163,missing_genres,drop,genres=[]
movies_processed.csv,190173,missing_genres,drop,genres=[]
movies_processed.csv,190181,missing_genres,drop,genres=[]
movies_processed.csv,190189,missing_genres,drop,genres=[]
movies_processed.csv,190237,missing_genres,drop,genres=[]
movies_processed.csv,190249,missing_genres,drop,genres=[]
movies_processed.csv,190285,missing_genres,drop,genres=[]
movies_processed.csv,190289,missing_genres,drop,genres=[]
movies_processed.csv,190313,missing_genres,drop,genres=[]
movies_processed.csv,190315,missing_genres,drop,genres=[]
movies_processed.csv,190331,missing_genres,drop,genres=[]
movies_processed.csv,190375,missing_genres,drop,genres=[]
movies_processed.csv,190377,missing_genres,drop,genres=[]
movies_processed.csv,190381,missing_genres,drop,genres=[]
movies_processed.csv,190383,missing_genres,drop,genres=[]
movies_processed.csv,190387,missing_genres,drop,genres=[]
movies_processed.csv,190393,missing_genres,drop,genres=[]
movies_processed.csv,190403,missing_genres,drop,genres=[]
movies_processed.csv,190409,missing_genres,drop,genres=[]
movies_processed.csv,190423,missing_genres,drop,genres=[]
movies_processed.csv,190463,missing_genres,drop,genres=[]
movies_processed.csv,190469,missing_genres,drop,genres=[]
movies_processed.csv,190473,missing_genres,drop,genres=[]
movies_processed.csv,190475,missing_genres,drop,genres=[]
movies_processed.csv,190483,missing_genres,drop,genres=[]
movies_processed.csv,190533,missing_genres,drop,genres=[]
movies_processed.csv,190617,missing_genres,drop,genres=[]
movies_processed.csv,190669,missing_genres,drop,genres=[]
movies_processed.csv,190681,missing_genres,drop,genres=[]
movies_processed.csv,190687,missing_genres,drop,genres=[]
movies_processed.csv,190701,missing_genres,drop,genres=[]
movies_processed.csv,190703,missing_genres,drop,genres=[]
movies_processed.csv,190705,missing_genres,drop,genres=[]
movies_processed.csv,190707,missing_genres,drop,genres=[]
movies_processed.csv,190713,missing_genres,drop,genres=[]
movies_processed.csv,190715,missing_genres,drop,genres=[]
movies_processed.csv,190723,missing_genres,drop,genres=[]
movies_processed.csv,190725,missing_genres,drop,genres=[]
movies_processed.csv,190727,missing_genres,drop,genres=[]
movies_processed.csv,190773,missing_genres,drop,genres=[]
movies_processed.csv,190821,missing_genres,drop,genres=[]
movies_processed.csv,190841,missing_genres,drop,genres=[]
movies_processed.csv,190855,missing_genres,drop,genres=[]
movies_processed.csv,190891,missing_genres,drop,genres=[]
movies_processed.csv,190897,missing_genres,drop,genres=[]
movies_processed.csv,190941,missing_genres,drop,genres=[]
movies_processed.csv,190949,missing_genres,drop,genres=[]
movies_processed.csv,190967,missing_genres,drop,genres=[]
movies_processed.csv,190969,missing_genres,drop,genres=[]
movies_processed.csv,190971,missing_genres,drop,genres=[]
movies_processed.csv,191021,missing_genres,drop,genres=[]
movies_processed.csv,191077,missing_genres,drop,genres=[]
movies_processed.csv,191097,missing_genres,drop,genres=[]
movies_processed.csv,191111,missing_genres,drop,genres=[]
movies_processed.csv,191127,missing_genres,drop,genres=[]
movies_processed.csv,191151,missing_genres,drop,genres=[]
movies_processed.csv,191161,missing_genres,drop,genres=[]
movies_processed.csv,191173,missing_genres,drop,genres=[]
movies_processed.csv,191207,missing_genres,drop,genres=[]
movies_processed.csv,191227,missing_genres,drop,genres=[]
movies_processed.csv,191251,missing_genres,drop,genres=[]
movies_processed.csv,191259,missing_genres,drop,genres=[]
movies_processed.csv,191263,missing_genres,drop,genres=[]
movies_processed.csv,191341,missing_genres,drop,genres=[]
movies_processed.csv,191353,missing_genres,drop,genres=[]
movies_processed.csv,191385,missing_genres,drop,genres=[]
movies_processed.csv,191391,missing_genres,drop,genres=[]
movies_processed.csv,191393,missing_genres,drop,genres=[]
movies_processed.csv,191403,missing_genres,drop,genres=[]
movies_processed.csv,191411,missing_genres,drop,genres=[]
movies_processed.csv,191433,missing_genres,drop,genres=[]
movies_processed.csv,191443,missing_genres,drop,genres=[]
movies_processed.csv,191467,missing_genres,drop,genres=[]
movies_processed.csv,191507,missing_genres,drop,genres=[]
movies_processed.csv,191521,missing_genres,drop,genres=[]
movies_processed.csv,191549,missing_genres,drop,genres=[]
movies_processed.csv,191551,missing_genres,drop,genres=[]
movies_processed.csv,191571,missing_genres,drop,genres=[]
movies_processed.csv,191585,missing_genres,drop,genres=[]
movies_processed.csv,191593,missing_genres,drop,genres=[]
movies_processed.csv,191637,missing_genres,drop,genres=[]
movies_processed.csv,191641,missing_genres,drop,genres=[]
movies_processed.csv,191645,missing_genres,drop,genres=[]
movies_processed.csv,191685,missing_genres,drop,genres=[]
movies_processed.csv,191695,missing_genres,drop,genres=[]
movies_processed.csv,191697,missing_genres,drop,genres=[]
movies_processed.csv,191747,missing_genres,drop,genres=[]
movies_processed.csv,191751,missing_genres,drop,genres=[]
movies_processed.csv,191757,missing_genres,drop,genres=[]
movies_processed.csv,191809,missing_genres,drop,genres=[]
movies_processed.csv,191813,missing_genres,drop,genres=[]
movies_processed.csv,191819,missing_genres,drop,genres=[]
movies_processed.csv,191825,missing_genres,drop,genres=[]
movies_processed.csv,191855,missing_genres,drop,genres=[]
movies_processed.csv,191869,missing_genres,drop,genres=[]
movies_processed.csv,191887,missing_genres,drop,genres=[]
movies_processed.csv,191897,missing_genres,drop,genres=[]
movies_processed.csv,191917,missing_genres,drop,genres=[]
movies_processed.csv,191939,missing_genres,drop,genres=[]
movies_processed.csv,191943,missing_genres,drop,genres=[]
movies_processed.csv,191955,missing_genres,drop,genres=[]
movies_processed.csv,191961,missing_genres,drop,genres=[]
movies_processed.csv,191963,missing_genres,drop,genres=[]
movies_processed.csv,191971,missing_genres,drop,genres=[]
movies_processed.csv,191993,missing_genres,drop,genres=[]
movies_processed.csv,192001,missing_genres,drop,genres=[]
movies_processed.csv,192031,missing_genres,drop,genres=[]
movies_processed.csv,192111,missing_genres,drop,genres=[]
movies_processed.csv,192125,missing_genres,drop,genres=[]
movies_processed.csv,192135,missing_genres,drop,genres=[]
movies_processed.csv,192139,missing_genres,drop,genres=[]
movies_processed.csv,192227,missing_genres,drop,genres=[]
movies_processed.csv,192229,missing_genres,drop,genres=[]
movies_processed.csv,192241,missing_genres,drop,genres=[]
movies_processed.csv,192269,missing_genres,drop,genres=[]
movies_processed.csv,192277,missing_genres,drop,genres=[]
movies_processed.csv,192353,missing_genres,drop,genres=[]
movies_processed.csv,192373,missing_genres,drop,genres=[]
movies_processed.csv,192419,missing_genres,drop,genres=[]
movies_processed.csv,192421,missing_genres,drop,genres=[]
movies_processed.csv,192455,missing_genres,drop,genres=[]
movies_processed.csv,192485,missing_genres,drop,genres=[]
movies_processed.csv,192505,missing_genres,drop,genres=[]
movies_processed.csv,192589,missing_genres,drop,genres=[]
movies_processed.csv,192607,missing_genres,drop,genres=[]
movies_processed.csv,192621,missing_genres,drop,genres=[]
movies_processed.csv,192661,missing_genres,drop,genres=[]
movies_processed.csv,192673,missing_genres,drop,genres=[]
movies_processed.csv,192675,missing_genres,drop,genres=[]
movies_processed.csv,192679,missing_genres,drop,genres=[]
movies_processed.csv,192681,missing_genres,drop,genres=[]
movies_processed.csv,192711,missing_genres,drop,genres=[]
movies_processed.csv,192719,missing_genres,drop,genres=[]
movies_processed.csv,192723,missing_genres,drop,genres=[]
movies_processed.csv,192739,missing_genres,drop,genres=[]
movies_processed.csv,192781,missing_genres,drop,genres=[]
movies_processed.csv,192805,missing_genres,drop,genres=[]
movies_processed.csv,192853,missing_genres,drop,genres=[]
movies_processed.csv,192859,missing_genres,drop,genres=[]
movies_processed.csv,192873,missing_genres,drop,genres=[]
movies_processed.csv,192885,missing_genres,drop,genres=[]
movies_processed.csv,192939,missing_genres,drop,genres=[]
movies_processed.csv,192941,missing_genres,drop,genres=[]
movies_processed.csv,192971,missing_genres,drop,genres=[]
movies_processed.csv,193013,missing_genres,drop,genres=[]
movies_processed.csv,193019,missing_genres,drop,genres=[]
movies_processed.csv,193029,missing_genres,drop,genres=[]
movies_processed.csv,193063,missing_genres,drop,genres=[]
movies_processed.csv,193097,missing_genres,drop,genres=[]
movies_processed.csv,193117,missing_genres,drop,genres=[]
movies_processed.csv,193131,missing_genres,drop,genres=[]
movies_processed.csv,193141,missing_genres,drop,genres=[]
movies_processed.csv,193149,missing_genres,drop,genres=[]
movies_processed.csv,193163,missing_genres,drop,genres=[]
movies_processed.csv,193191,missing_genres,drop,genres=[]
movies_processed.csv,193211,missing_genres,drop,genres=[]
movies_processed.csv,193249,missing_genres,drop,genres=[]
movies_processed.csv,193269,missing_genres,drop,genres=[]
movies_processed.csv,193273,missing_genres,drop,genres=[]
movies_processed.csv,193275,missing_genres,drop,genres=[]
movies_processed.csv,193281,missing_genres,drop,genres=[]
movies_processed.csv,193303,missing_genres,drop,genres=[]
movies_processed.csv,193347,missing_genres,drop,genres=[]
movies_processed.csv,193365,missing_genres,drop,genres=[]
movies_processed.csv,193391,missing_genres,drop,genres=[]
movies_processed.csv,193435,missing_genres,drop,genres=[]
movies_processed.csv,193437,missing_genres,drop,genres=[]
movies_processed.csv,193443,missing_genres,drop,genres=[]
movies_processed.csv,193459,missing_genres,drop,genres=[]
movies_processed.csv,193465,missing_genres,drop,genres=[]
movies_processed.csv,193469,missing_genres,drop,genres=[]
movies_processed.csv,193473,missing_genres,drop,genres=[]
movies_processed.csv,193495,missing_genres,drop,genres=[]
movies_processed.csv,193509,missing_genres,drop,genres=[]
movies_processed.csv,193525,missing_genres,drop,genres=[]
movies_processed.csv,193527,missing_genres,drop,genres=[]
movies_processed.csv,193529,missing_genres,drop,genres=[]
movies_processed.csv,193545,missing_genres,drop,genres=[]
movies_processed.csv,193601,missing_genres,drop,genres=[]
movies_processed.csv,193651,missing_genres,drop,genres=[]
movies_processed.csv,193659,missing_genres,drop,genres=[]
movies_processed.csv,193693,missing_genres,drop,genres=[]
movies_processed.csv,193709,missing_genres,drop,genres=[]
movies_processed.csv,193783,missing_genres,drop,genres=[]
movies_processed.csv,193787,missing_genres,drop,genres=[]
movies_processed.csv,193789,missing_genres,drop,genres=[]
movies_processed.csv,193791,missing_genres,drop,genres=[]
movies_processed.csv,193815,missing_genres,drop,genres=[]
movies_processed.csv,193849,missing_genres,drop,genres=[]
movies_processed.csv,193855,missing_genres,drop,genres=[]
movies_processed.csv,193870,missing_genres,drop,genres=[]
movies_processed.csv,193876,missing_genres,drop,genres=[]
movies_processed.csv,193908,missing_genres,drop,genres=[]
movies_processed.csv,193932,missing_genres,drop,genres=[]
movies_processed.csv,193946,missing_genres,drop,genres=[]
movies_processed.csv,193976,missing_genres,drop,genres=[]
movies_processed.csv,194018,missing_genres,drop,genres=[]
movies_processed.csv,194050,missing_genres,drop,genres=[]
movies_processed.csv,194066,missing_genres,drop,genres=[]
movies_processed.csv,194078,missing_genres,drop,genres=[]
movies_processed.csv,194186,missing_genres,drop,genres=[]
movies_processed.csv,194198,missing_genres,drop,genres=[]
movies_processed.csv,194202,missing_genres,drop,genres=[]
movies_processed.csv,194212,missing_genres,drop,genres=[]
movies_processed.csv,194232,missing_genres,drop,genres=[]
movies_processed.csv,194264,missing_genres,drop,genres=[]
movies_processed.csv,194314,missing_genres,drop,genres=[]
movies_processed.csv,194324,missing_genres,drop,genres=[]
movies_processed.csv,194334,missing_genres,drop,genres=[]
movies_processed.csv,194374,missing_genres,drop,genres=[]
movies_processed.csv,194376,missing_genres,drop,genres=[]
movies_processed.csv,194394,missing_genres,drop,genres=[]
movies_processed.csv,194408,missing_genres,drop,genres=[]
movies_processed.csv,194426,missing_genres,drop,genres=[]
movies_processed.csv,194434,missing_genres,drop,genres=[]
movies_processed.csv,194470,missing_genres,drop,genres=[]
movies_processed.csv,194476,missing_genres,drop,genres=[]
movies_processed.csv,194482,missing_genres,drop,genres=[]
movies_processed.csv,194484,missing_genres,drop,genres=[]
movies_processed.csv,194486,missing_genres,drop,genres=[]
movies_processed.csv,194506,missing_genres,drop,genres=[]
movies_processed.csv,194526,missing_genres,drop,genres=[]
movies_processed.csv,194554,missing_genres,drop,genres=[]
movies_processed.csv,194560,missing_genres,drop,genres=[]
movies_processed.csv,194562,missing_genres,drop,genres=[]
movies_processed.csv,194622,missing_genres,drop,genres=[]
movies_processed.csv,194624,missing_genres,drop,genres=[]
movies_processed.csv,194654,missing_genres,drop,genres=[]
movies_processed.csv,194668,missing_genres,drop,genres=[]
movies_processed.csv,194678,missing_genres,drop,genres=[]
movies_processed.csv,194773,missing_genres,drop,genres=[]
movies_processed.csv,194849,missing_genres,drop,genres=[]
movies_processed.csv,194859,missing_genres,drop,genres=[]
movies_processed.csv,194863,missing_genres,drop,genres=[]
movies_processed.csv,194865,missing_genres,drop,genres=[]
movies_processed.csv,194867,missing_genres,drop,genres=[]
movies_processed.csv,194875,missing_genres,drop,genres=[]
movies_processed.csv,194879,missing_genres,drop,genres=[]
movies_processed.csv,194895,missing_genres,drop,genres=[]
movies_processed.csv,194909,missing_genres,drop,genres=[]
movies_processed.csv,194933,missing_genres,drop,genres=[]
movies_processed.csv,194965,missing_genres,drop,genres=[]
movies_processed.csv,195073,missing_genres,drop,genres=[]
movies_processed.csv,195079,missing_genres,drop,genres=[]
movies_processed.csv,195081,missing_genres,drop,genres=[]
movies_processed.csv,195099,missing_genres,drop,genres=[]
movies_processed.csv,195119,missing_genres,drop,genres=[]
movies_processed.csv,195133,missing_genres,drop,genres=[]
movies_processed.csv,195147,missing_genres,drop,genres=[]
movies_processed.csv,195169,missing_genres,drop,genres=[]
movies_processed.csv,195219,missing_genres,drop,genres=[]
movies_processed.csv,195231,missing_genres,drop,genres=[]
movies_processed.csv,195237,missing_genres,drop,genres=[]
movies_processed.csv,195301,missing_genres,drop,genres=[]
movies_processed.csv,195323,missing_genres,drop,genres=[]
movies_processed.csv,195331,missing_genres,drop,genres=[]
movies_processed.csv,195345,missing_genres,drop,genres=[]
movies_processed.csv,195357,missing_genres,drop,genres=[]
movies_processed.csv,195375,missing_genres,drop,genres=[]
movies_processed.csv,195377,missing_genres,drop,genres=[]
movies_processed.csv,195419,missing_genres,drop,genres=[]
movies_processed.csv,195439,missing_genres,drop,genres=[]
movies_processed.csv,195469,missing_genres,drop,genres=[]
movies_processed.csv,195473,missing_genres,drop,genres=[]
movies_processed.csv,195477,missing_genres,drop,genres=[]
movies_processed.csv,195503,missing_genres,drop,genres=[]
movies_processed.csv,195523,missing_genres,drop,genres=[]
movies_processed.csv,195541,missing_genres,drop,genres=[]
movies_processed.csv,195543,missing_genres,drop,genres=[]
movies_processed.csv,195561,missing_genres,drop,genres=[]
movies_processed.csv,195667,missing_genres,drop,genres=[]
movies_processed.csv,195701,missing_genres,drop,genres=[]
movies_processed.csv,195759,missing_genres,drop,genres=[]
movies_processed.csv,195769,missing_genres,drop,genres=[]
movies_processed.csv,195773,missing_genres,drop,genres=[]
movies_processed.csv,195789,missing_genres,drop,genres=[]
movies_processed.csv,195821,missing_genres,drop,genres=[]
movies_processed.csv,195837,missing_genres,drop,genres=[]
movies_processed.csv,195851,missing_genres,drop,genres=[]
movies_processed.csv,195863,missing_genres,drop,genres=[]
movies_processed.csv,195865,missing_genres,drop,genres=[]
movies_processed.csv,195889,missing_genres,drop,genres=[]
movies_processed.csv,195907,missing_genres,drop,genres=[]
movies_processed.csv,195915,missing_genres,drop,genres=[]
movies_processed.csv,195957,missing_genres,drop,genres=[]
movies_processed.csv,195971,missing_genres,drop,genres=[]
movies_processed.csv,195979,missing_genres,drop,genres=[]
movies_processed.csv,195983,missing_genres,drop,genres=[]
movies_processed.csv,195991,missing_genres,drop,genres=[]
movies_processed.csv,195997,missing_genres,drop,genres=[]
movies_processed.csv,196049,missing_genres,drop,genres=[]
movies_processed.csv,196061,missing_genres,drop,genres=[]
movies_processed.csv,196063,missing_genres,drop,genres=[]
movies_processed.csv,196077,missing_genres,drop,genres=[]
movies_processed.csv,196089,missing_genres,drop,genres=[]
movies_processed.csv,196105,missing_genres,drop,genres=[]
movies_processed.csv,196107,missing_genres,drop,genres=[]
movies_processed.csv,196135,missing_genres,drop,genres=[]
movies_processed.csv,196139,missing_genres,drop,genres=[]
movies_processed.csv,196143,missing_genres,drop,genres=[]
movies_processed.csv,196145,missing_genres,drop,genres=[]
movies_processed.csv,196201,missing_genres,drop,genres=[]
movies_processed.csv,196303,missing_genres,drop,genres=[]
movies_processed.csv,196325,missing_genres,drop,genres=[]
movies_processed.csv,196331,missing_genres,drop,genres=[]
movies_processed.csv,196391,missing_genres,drop,genres=[]
movies_processed.csv,196415,missing_genres,drop,genres=[]
movies_processed.csv,196419,missing_genres,drop,genres=[]
movies_processed.csv,196431,missing_genres,drop,genres=[]
movies_processed.csv,196449,missing_genres,drop,genres=[]
movies_processed.csv,196469,missing_genres,drop,genres=[]
movies_processed.csv,196471,missing_genres,drop,genres=[]
movies_processed.csv,196477,missing_genres,drop,genres=[]
movies_processed.csv,196511,missing_genres,drop,genres=[]
movies_processed.csv,196535,missing_genres,drop,genres=[]
movies_processed.csv,196537,missing_genres,drop,genres=[]
movies_processed.csv,196563,missing_genres,drop,genres=[]
movies_processed.csv,196583,missing_genres,drop,genres=[]
movies_processed.csv,196593,missing_genres,drop,genres=[]
movies_processed.csv,196607,missing_genres,drop,genres=[]
movies_processed.csv,196641,missing_genres,drop,genres=[]
movies_processed.csv,196675,missing_genres,drop,genres=[]
movies_processed.csv,196685,missing_genres,drop,genres=[]
movies_processed.csv,196753,missing_genres,drop,genres=[]
movies_processed.csv,196779,missing_genres,drop,genres=[]
movies_processed.csv,196849,missing_genres,drop,genres=[]
movies_processed.csv,196857,missing_genres,drop,genres=[]
movies_processed.csv,196861,missing_genres,drop,genres=[]
movies_processed.csv,196959,missing_genres,drop,genres=[]
movies_processed.csv,196995,missing_genres,drop,genres=[]
movies_processed.csv,197033,missing_genres,drop,genres=[]
movies_processed.csv,197051,missing_genres,drop,genres=[]
movies_processed.csv,197053,missing_genres,drop,genres=[]
movies_processed.csv,197065,missing_genres,drop,genres=[]
movies_processed.csv,197069,missing_genres,drop,genres=[]
movies_processed.csv,197101,missing_genres,drop,genres=[]
movies_processed.csv,197111,missing_genres,drop,genres=[]
movies_processed.csv,197113,missing_genres,drop,genres=[]
movies_processed.csv,197135,missing_genres,drop,genres=[]
movies_processed.csv,197161,missing_genres,drop,genres=[]
movies_processed.csv,197177,missing_genres,drop,genres=[]
movies_processed.csv,197181,missing_genres,drop,genres=[]
movies_processed.csv,197245,missing_genres,drop,genres=[]
movies_processed.csv,197261,missing_genres,drop,genres=[]
movies_processed.csv,197279,missing_genres,drop,genres=[]
movies_processed.csv,197283,missing_genres,drop,genres=[]
movies_processed.csv,197361,missing_genres,drop,genres=[]
movies_processed.csv,197363,missing_genres,drop,genres=[]
movies_processed.csv,197417,missing_genres,drop,genres=[]
movies_processed.csv,197431,missing_genres,drop,genres=[]
movies_processed.csv,197467,missing_genres,drop,genres=[]
movies_processed.csv,197469,missing_genres,drop,genres=[]
movies_processed.csv,197479,missing_genres,drop,genres=[]
movies_processed.csv,197501,missing_genres,drop,genres=[]
movies_processed.csv,197507,missing_genres,drop,genres=[]
movies_processed.csv,197519,missing_genres,drop,genres=[]
movies_processed.csv,197561,missing_genres,drop,genres=[]
movies_processed.csv,197587,missing_genres,drop,genres=[]
movies_processed.csv,197589,missing_genres,drop,genres=[]
movies_processed.csv,197631,missing_genres,drop,genres=[]
movies_processed.csv,197633,missing_genres,drop,genres=[]
movies_processed.csv,197639,missing_genres,drop,genres=[]
movies_processed.csv,197647,missing_genres,drop,genres=[]
movies_processed.csv,197659,missing_genres,drop,genres=[]
movies_processed.csv,197671,missing_genres,drop,genres=[]
movies_processed.csv,197683,missing_genres,drop,genres=[]
movies_processed.csv,197735,missing_genres,drop,genres=[]
movies_processed.csv,197795,missing_genres,drop,genres=[]
movies_processed.csv,197809,missing_genres,drop,genres=[]
movies_processed.csv,197851,missing_genres,drop,genres=[]
movies_processed.csv,197881,missing_genres,drop,genres=[]
movies_processed.csv,197911,missing_genres,drop,genres=[]
movies_processed.csv,197941,missing_genres,drop,genres=[]
movies_processed.csv,197963,missing_genres,drop,genres=[]
movies_processed.csv,197999,missing_genres,drop,genres=[]
movies_processed.csv,198015,missing_genres,drop,genres=[]
movies_processed.csv,198037,missing_genres,drop,genres=[]
movies_processed.csv,198039,missing_genres,drop,genres=[]
movies_processed.csv,198045,missing_genres,drop,genres=[]
movies_processed.csv,198047,missing_genres,drop,genres=[]
movies_processed.csv,198067,missing_genres,drop,genres=[]
movies_processed.csv,198075,missing_genres,drop,genres=[]
movies_processed.csv,198091,missing_genres,drop,genres=[]
movies_processed.csv,198113,missing_genres,drop,genres=[]
movies_processed.csv,198135,missing_genres,drop,genres=[]
movies_processed.csv,198241,missing_genres,drop,genres=[]
movies_processed.csv,198263,missing_genres,drop,genres=[]
movies_processed.csv,198293,missing_genres,drop,genres=[]
movies_processed.csv,198307,missing_genres,drop,genres=[]
movies_processed.csv,198317,missing_genres,drop,genres=[]
movies_processed.csv,198319,missing_genres,drop,genres=[]
movies_processed.csv,198321,missing_genres,drop,genres=[]
movies_processed.csv,198323,missing_genres,drop,genres=[]
movies_processed.csv,198325,missing_genres,drop,genres=[]
movies_processed.csv,198327,missing_genres,drop,genres=[]
movies_processed.csv,198329,missing_genres,drop,genres=[]
movies_processed.csv,198331,missing_genres,drop,genres=[]
movies_processed.csv,198341,missing_genres,drop,genres=[]
movies_processed.csv,198343,missing_genres,drop,genres=[]
movies_processed.csv,198361,missing_genres,drop,genres=[]
movies_processed.csv,198369,missing_genres,drop,genres=[]
movies_processed.csv,198371,missing_genres,drop,genres=[]
movies_processed.csv,198373,missing_genres,drop,genres=[]
movies_processed.csv,198375,missing_genres,drop,genres=[]
movies_processed.csv,198381,missing_genres,drop,genres=[]
movies_processed.csv,198383,missing_genres,drop,genres=[]
movies_processed.csv,198387,missing_genres,drop,genres=[]
movies_processed.csv,198389,missing_genres,drop,genres=[]
movies_processed.csv,198391,missing_genres,drop,genres=[]
movies_processed.csv,198393,missing_genres,drop,genres=[]
movies_processed.csv,198395,missing_genres,drop,genres=[]
movies_processed.csv,198399,missing_genres,drop,genres=[]
movies_processed.csv,198401,missing_genres,drop,genres=[]
movies_processed.csv,198405,missing_genres,drop,genres=[]
movies_processed.csv,198413,missing_genres,drop,genres=[]
movies_processed.csv,198485,missing_genres,drop,genres=[]
movies_processed.csv,198487,missing_genres,drop,genres=[]
movies_processed.csv,198493,missing_genres,drop,genres=[]
movies_processed.csv,198529,missing_genres,drop,genres=[]
movies_processed.csv,198547,missing_genres,drop,genres=[]
movies_processed.csv,198561,missing_genres,drop,genres=[]
movies_processed.csv,198565,missing_genres,drop,genres=[]
movies_processed.csv,198585,missing_genres,drop,genres=[]
movies_processed.csv,198587,missing_genres,drop,genres=[]
movies_processed.csv,198589,missing_genres,drop,genres=[]
movies_processed.csv,198643,missing_genres,drop,genres=[]
movies_processed.csv,198689,missing_genres,drop,genres=[]
movies_processed.csv,198699,missing_genres,drop,genres=[]
movies_processed.csv,198717,missing_genres,drop,genres=[]
movies_processed.csv,198719,missing_genres,drop,genres=[]
movies_processed.csv,198723,missing_genres,drop,genres=[]
movies_processed.csv,198877,missing_genres,drop,genres=[]
movies_processed.csv,198927,missing_genres,drop,genres=[]
movies_processed.csv,198929,missing_genres,drop,genres=[]
movies_processed.csv,199015,missing_genres,drop,genres=[]
movies_processed.csv,199083,missing_genres,drop,genres=[]
movies_processed.csv,199115,missing_genres,drop,genres=[]
movies_processed.csv,199117,missing_genres,drop,genres=[]
movies_processed.csv,199127,missing_genres,drop,genres=[]
movies_processed.csv,199129,missing_genres,drop,genres=[]
movies_processed.csv,199133,missing_genres,drop,genres=[]
movies_processed.csv,199137,missing_genres,drop,genres=[]
movies_processed.csv,199151,missing_genres,drop,genres=[]
movies_processed.csv,199165,missing_genres,drop,genres=[]
movies_processed.csv,199167,missing_genres,drop,genres=[]
movies_processed.csv,199187,missing_genres,drop,genres=[]
movies_processed.csv,199199,missing_genres,drop,genres=[]
movies_processed.csv,199301,missing_genres,drop,genres=[]
movies_processed.csv,199305,missing_genres,drop,genres=[]
movies_processed.csv,199337,missing_genres,drop,genres=[]
movies_processed.csv,199360,missing_genres,drop,genres=[]
movies_processed.csv,199368,missing_genres,drop,genres=[]
movies_processed.csv,199372,missing_genres,drop,genres=[]
movies_processed.csv,199420,missing_genres,drop,genres=[]
movies_processed.csv,199500,missing_genres,drop,genres=[]
movies_processed.csv,199546,missing_genres,drop,genres=[]
movies_processed.csv,199548,missing_genres,drop,genres=[]
movies_processed.csv,199558,missing_genres,drop,genres=[]
movies_processed.csv,199574,missing_genres,drop,genres=[]
movies_processed.csv,199598,missing_genres,drop,genres=[]
movies_processed.csv,199600,missing_genres,drop,genres=[]
movies_processed.csv,199610,missing_genres,drop,genres=[]
movies_processed.csv,199684,missing_genres,drop,genres=[]
movies_processed.csv,199700,missing_genres,drop,genres=[]
movies_processed.csv,199704,missing_genres,drop,genres=[]
movies_processed.csv,199706,missing_genres,drop,genres=[]
movies_processed.csv,199710,missing_genres,drop,genres=[]
movies_processed.csv,199712,missing_genres,drop,genres=[]
movies_processed.csv,199768,missing_genres,drop,genres=[]
movies_processed.csv,199774,missing_genres,drop,genres=[]
movies_processed.csv,199776,missing_genres,drop,genres=[]
movies_processed.csv,199818,missing_genres,drop,genres=[]
movies_processed.csv,199846,missing_genres,drop,genres=[]
movies_processed.csv,199872,missing_genres,drop,genres=[]
movies_processed.csv,199880,missing_genres,drop,genres=[]
movies_processed.csv,199884,missing_genres,drop,genres=[]
movies_processed.csv,199936,missing_genres,drop,genres=[]
movies_processed.csv,199938,missing_genres,drop,genres=[]
movies_processed.csv,200002,missing_genres,drop,genres=[]
movies_processed.csv,200066,missing_genres,drop,genres=[]
movies_processed.csv,200086,missing_genres,drop,genres=[]
movies_processed.csv,200088,missing_genres,drop,genres=[]
movies_processed.csv,200096,missing_genres,drop,genres=[]
movies_processed.csv,200102,missing_genres,drop,genres=[]
movies_processed.csv,200154,missing_genres,drop,genres=[]
movies_processed.csv,200168,missing_genres,drop,genres=[]
movies_processed.csv,200182,missing_genres,drop,genres=[]
movies_processed.csv,200192,missing_genres,drop,genres=[]
movies_processed.csv,200210,missing_genres,drop,genres=[]
movies_processed.csv,200244,missing_genres,drop,genres=[]
movies_processed.csv,200252,missing_genres,drop,genres=[]
movies_processed.csv,200266,missing_genres,drop,genres=[]
movies_processed.csv,200276,missing_genres,drop,genres=[]
movies_processed.csv,200314,missing_genres,drop,genres=[]
movies_processed.csv,200342,missing_genres,drop,genres=[]
movies_processed.csv,200350,missing_genres,drop,genres=[]
movies_processed.csv,200472,missing_genres,drop,genres=[]
movies_processed.csv,200490,missing_genres,drop,genres=[]
movies_processed.csv,200502,missing_genres,drop,genres=[]
movies_processed.csv,200512,missing_genres,drop,genres=[]
movies_processed.csv,200588,missing_genres,drop,genres=[]
movies_processed.csv,200670,missing_genres,drop,genres=[]
movies_processed.csv,200706,missing_genres,drop,genres=[]
movies_processed.csv,200728,missing_genres,drop,genres=[]
movies_processed.csv,200760,missing_genres,drop,genres=[]
movies_processed.csv,200830,missing_genres,drop,genres=[]
movies_processed.csv,200884,missing_genres,drop,genres=[]
movies_processed.csv,200902,missing_genres,drop,genres=[]
movies_processed.csv,200936,missing_genres,drop,genres=[]
movies_processed.csv,200942,missing_genres,drop,genres=[]
movies_processed.csv,200954,missing_genres,drop,genres=[]
movies_processed.csv,200958,missing_genres,drop,genres=[]
movies_processed.csv,200966,missing_genres,drop,genres=[]
movies_processed.csv,200970,missing_genres,drop,genres=[]
movies_processed.csv,200976,missing_genres,drop,genres=[]
movies_processed.csv,200992,missing_genres,drop,genres=[]
movies_processed.csv,201020,missing_genres,drop,genres=[]
movies_processed.csv,201032,missing_genres,drop,genres=[]
movies_processed.csv,201060,missing_genres,drop,genres=[]
movies_processed.csv,201082,missing_genres,drop,genres=[]
movies_processed.csv,201092,missing_genres,drop,genres=[]
movies_processed.csv,201102,missing_genres,drop,genres=[]
movies_processed.csv,201116,missing_genres,drop,genres=[]
movies_processed.csv,201126,missing_genres,drop,genres=[]
movies_processed.csv,201190,missing_genres,drop,genres=[]
movies_processed.csv,201260,missing_genres,drop,genres=[]
movies_processed.csv,201302,missing_genres,drop,genres=[]
movies_processed.csv,201328,missing_genres,drop,genres=[]
movies_processed.csv,201346,missing_genres,drop,genres=[]
movies_processed.csv,201354,missing_genres,drop,genres=[]
movies_processed.csv,201386,missing_genres,drop,genres=[]
movies_processed.csv,201396,missing_genres,drop,genres=[]
movies_processed.csv,201400,missing_genres,drop,genres=[]
movies_processed.csv,201472,missing_genres,drop,genres=[]
movies_processed.csv,201480,missing_genres,drop,genres=[]
movies_processed.csv,201548,missing_genres,drop,genres=[]
movies_processed.csv,201552,missing_genres,drop,genres=[]
movies_processed.csv,201554,missing_genres,drop,genres=[]
movies_processed.csv,201556,missing_genres,drop,genres=[]
movies_processed.csv,201558,missing_genres,drop,genres=[]
movies_processed.csv,201560,missing_genres,drop,genres=[]
movies_processed.csv,201562,missing_genres,drop,genres=[]
movies_processed.csv,201564,missing_genres,drop,genres=[]
movies_processed.csv,201566,missing_genres,drop,genres=[]
movies_processed.csv,201568,missing_genres,drop,genres=[]
movies_processed.csv,201570,missing_genres,drop,genres=[]
movies_processed.csv,201572,missing_genres,drop,genres=[]
movies_processed.csv,201574,missing_genres,drop,genres=[]
movies_processed.csv,201576,missing_genres,drop,genres=[]
movies_processed.csv,201578,missing_genres,drop,genres=[]
movies_processed.csv,201580,missing_genres,drop,genres=[]
movies_processed.csv,201582,missing_genres,drop,genres=[]
movies_processed.csv,201584,missing_genres,drop,genres=[]
movies_processed.csv,201618,missing_genres,drop,genres=[]
movies_processed.csv,201644,missing_genres,drop,genres=[]
movies_processed.csv,201648,missing_genres,drop,genres=[]
movies_processed.csv,201660,missing_genres,drop,genres=[]
movies_processed.csv,201688,missing_genres,drop,genres=[]
movies_processed.csv,201757,missing_genres,drop,genres=[]
movies_processed.csv,201777,missing_genres,drop,genres=[]
movies_processed.csv,201821,missing_genres,drop,genres=[]
movies_processed.csv,201907,missing_genres,drop,genres=[]
movies_processed.csv,201923,missing_genres,drop,genres=[]
movies_processed.csv,201951,missing_genres,drop,genres=[]
movies_processed.csv,201955,missing_genres,drop,genres=[]
movies_processed.csv,201959,missing_genres,drop,genres=[]
movies_processed.csv,201973,missing_genres,drop,genres=[]
movies_processed.csv,201983,missing_genres,drop,genres=[]
movies_processed.csv,201993,missing_genres,drop,genres=[]
movies_processed.csv,202047,missing_genres,drop,genres=[]
movies_processed.csv,202053,missing_genres,drop,genres=[]
movies_processed.csv,202065,missing_genres,drop,genres=[]
movies_processed.csv,202069,missing_genres,drop,genres=[]
movies_processed.csv,202089,missing_genres,drop,genres=[]
movies_processed.csv,202147,missing_genres,drop,genres=[]
movies_processed.csv,202201,missing_genres,drop,genres=[]
movies_processed.csv,202207,missing_genres,drop,genres=[]
movies_processed.csv,202221,missing_genres,drop,genres=[]
movies_processed.csv,202269,missing_genres,drop,genres=[]
movies_processed.csv,202297,missing_genres,drop,genres=[]
movies_processed.csv,202305,missing_genres,drop,genres=[]
movies_processed.csv,202327,missing_genres,drop,genres=[]
movies_processed.csv,202337,missing_genres,drop,genres=[]
movies_processed.csv,202371,missing_genres,drop,genres=[]
movies_processed.csv,202407,missing_genres,drop,genres=[]
movies_processed.csv,202437,missing_genres,drop,genres=[]
movies_processed.csv,202445,missing_genres,drop,genres=[]
movies_processed.csv,202473,missing_genres,drop,genres=[]
movies_processed.csv,202481,missing_genres,drop,genres=[]
movies_processed.csv,202483,missing_genres,drop,genres=[]
movies_processed.csv,202487,missing_genres,drop,genres=[]
movies_processed.csv,202515,missing_genres,drop,genres=[]
movies_processed.csv,202525,missing_genres,drop,genres=[]
movies_processed.csv,202551,missing_genres,drop,genres=[]
movies_processed.csv,202553,missing_genres,drop,genres=[]
movies_processed.csv,202677,missing_genres,drop,genres=[]
movies_processed.csv,202683,missing_genres,drop,genres=[]
movies_processed.csv,202729,missing_genres,drop,genres=[]
movies_processed.csv,202733,missing_genres,drop,genres=[]
movies_processed.csv,202769,missing_genres,drop,genres=[]
movies_processed.csv,202783,missing_genres,drop,genres=[]
movies_processed.csv,202811,missing_genres,drop,genres=[]
movies_processed.csv,202854,missing_genres,drop,genres=[]
movies_processed.csv,202860,missing_genres,drop,genres=[]
movies_processed.csv,202870,missing_genres,drop,genres=[]
movies_processed.csv,202886,missing_genres,drop,genres=[]
movies_processed.csv,202888,missing_genres,drop,genres=[]
movies_processed.csv,202902,missing_genres,drop,genres=[]
movies_processed.csv,202906,missing_genres,drop,genres=[]
movies_processed.csv,202918,missing_genres,drop,genres=[]
movies_processed.csv,202920,missing_genres,drop,genres=[]
movies_processed.csv,202926,missing_genres,drop,genres=[]
movies_processed.csv,202930,missing_genres,drop,genres=[]
movies_processed.csv,202944,missing_genres,drop,genres=[]
movies_processed.csv,202954,missing_genres,drop,genres=[]
movies_processed.csv,202956,missing_genres,drop,genres=[]
movies_processed.csv,202964,missing_genres,drop,genres=[]
movies_processed.csv,202974,missing_genres,drop,genres=[]
movies_processed.csv,202976,missing_genres,drop,genres=[]
movies_processed.csv,202978,missing_genres,drop,genres=[]
movies_processed.csv,202990,missing_genres,drop,genres=[]
movies_processed.csv,203066,missing_genres,drop,genres=[]
movies_processed.csv,203098,missing_genres,drop,genres=[]
movies_processed.csv,203158,missing_genres,drop,genres=[]
movies_processed.csv,203200,missing_genres,drop,genres=[]
movies_processed.csv,203262,missing_genres,drop,genres=[]
movies_processed.csv,203264,missing_genres,drop,genres=[]
movies_processed.csv,203288,missing_genres,drop,genres=[]
movies_processed.csv,203300,missing_genres,drop,genres=[]
movies_processed.csv,203304,missing_genres,drop,genres=[]
movies_processed.csv,203318,missing_genres,drop,genres=[]
movies_processed.csv,203320,missing_genres,drop,genres=[]
movies_processed.csv,203336,missing_genres,drop,genres=[]
movies_processed.csv,203340,missing_genres,drop,genres=[]
movies_processed.csv,203358,missing_genres,drop,genres=[]
movies_processed.csv,203360,missing_genres,drop,genres=[]
movies_processed.csv,203419,missing_genres,drop,genres=[]
movies_processed.csv,203431,missing_genres,drop,genres=[]
movies_processed.csv,203433,missing_genres,drop,genres=[]
movies_processed.csv,203435,missing_genres,drop,genres=[]
movies_processed.csv,203437,missing_genres,drop,genres=[]
movies_processed.csv,203439,missing_genres,drop,genres=[]
movies_processed.csv,203447,missing_genres,drop,genres=[]
movies_processed.csv,203457,missing_genres,drop,genres=[]
movies_processed.csv,203509,missing_genres,drop,genres=[]
movies_processed.csv,203585,missing_genres,drop,genres=[]
movies_processed.csv,203611,missing_genres,drop,genres=[]
movies_processed.csv,203635,missing_genres,drop,genres=[]
movies_processed.csv,203639,missing_genres,drop,genres=[]
movies_processed.csv,203677,missing_genres,drop,genres=[]
movies_processed.csv,203717,missing_genres,drop,genres=[]
movies_processed.csv,203719,missing_genres,drop,genres=[]
movies_processed.csv,203735,missing_genres,drop,genres=[]
movies_processed.csv,203759,missing_genres,drop,genres=[]
movies_processed.csv,203761,missing_genres,drop,genres=[]
movies_processed.csv,203763,missing_genres,drop,genres=[]
movies_processed.csv,203765,missing_genres,drop,genres=[]
movies_processed.csv,203767,missing_genres,drop,genres=[]
movies_processed.csv,203771,missing_genres,drop,genres=[]
movies_processed.csv,203773,missing_genres,drop,genres=[]
movies_processed.csv,203777,missing_genres,drop,genres=[]
movies_processed.csv,203779,missing_genres,drop,genres=[]
movies_processed.csv,203781,missing_genres,drop,genres=[]
movies_processed.csv,203783,missing_genres,drop,genres=[]
movies_processed.csv,203785,missing_genres,drop,genres=[]
movies_processed.csv,203787,missing_genres,drop,genres=[]
movies_processed.csv,203936,missing_genres,drop,genres=[]
movies_processed.csv,204012,missing_genres,drop,genres=[]
movies_processed.csv,204022,missing_genres,drop,genres=[]
movies_processed.csv,204050,missing_genres,drop,genres=[]
movies_processed.csv,204066,missing_genres,drop,genres=[]
movies_processed.csv,204080,missing_genres,drop,genres=[]
movies_processed.csv,204082,missing_genres,drop,genres=[]
movies_processed.csv,204084,missing_genres,drop,genres=[]
movies_processed.csv,204092,missing_genres,drop,genres=[]
movies_processed.csv,204094,missing_genres,drop,genres=[]
movies_processed.csv,204112,missing_genres,drop,genres=[]
movies_processed.csv,204114,missing_genres,drop,genres=[]
movies_processed.csv,204248,missing_genres,drop,genres=[]
movies_processed.csv,204258,missing_genres,drop,genres=[]
movies_processed.csv,204338,missing_genres,drop,genres=[]
movies_processed.csv,204344,missing_genres,drop,genres=[]
movies_processed.csv,204348,missing_genres,drop,genres=[]
movies_processed.csv,204360,missing_genres,drop,genres=[]
movies_processed.csv,204426,missing_genres,drop,genres=[]
movies_processed.csv,204430,missing_genres,drop,genres=[]
movies_processed.csv,204432,missing_genres,drop,genres=[]
movies_processed.csv,204452,missing_genres,drop,genres=[]
movies_processed.csv,204456,missing_genres,drop,genres=[]
movies_processed.csv,204458,missing_genres,drop,genres=[]
movies_processed.csv,204484,missing_genres,drop,genres=[]
movies_processed.csv,204490,missing_genres,drop,genres=[]
movies_processed.csv,204492,missing_genres,drop,genres=[]
movies_processed.csv,204506,missing_genres,drop,genres=[]
movies_processed.csv,204518,missing_genres,drop,genres=[]
movies_processed.csv,204552,missing_genres,drop,genres=[]
movies_processed.csv,204560,missing_genres,drop,genres=[]
movies_processed.csv,204660,missing_genres,drop,genres=[]
movies_processed.csv,204670,missing_genres,drop,genres=[]
movies_processed.csv,204690,missing_genres,drop,genres=[]
movies_processed.csv,204720,missing_genres,drop,genres=[]
movies_processed.csv,204856,missing_genres,drop,genres=[]
movies_processed.csv,204872,missing_genres,drop,genres=[]
movies_processed.csv,204882,missing_genres,drop,genres=[]
movies_processed.csv,204896,missing_genres,drop,genres=[]
movies_processed.csv,204898,missing_genres,drop,genres=[]
movies_processed.csv,204914,missing_genres,drop,genres=[]
movies_processed.csv,204942,missing_genres,drop,genres=[]
movies_processed.csv,204954,missing_genres,drop,genres=[]
movies_processed.csv,204992,missing_genres,drop,genres=[]
movies_processed.csv,205028,missing_genres,drop,genres=[]
movies_processed.csv,205042,missing_genres,drop,genres=[]
movies_processed.csv,205058,missing_genres,drop,genres=[]
movies_processed.csv,205078,missing_genres,drop,genres=[]
movies_processed.csv,205126,missing_genres,drop,genres=[]
movies_processed.csv,205128,missing_genres,drop,genres=[]
movies_processed.csv,205140,missing_genres,drop,genres=[]
movies_processed.csv,205164,missing_genres,drop,genres=[]
movies_processed.csv,205331,missing_genres,drop,genres=[]
movies_processed.csv,205367,missing_genres,drop,genres=[]
movies_processed.csv,205403,missing_genres,drop,genres=[]
movies_processed.csv,205449,missing_genres,drop,genres=[]
movies_processed.csv,205457,missing_genres,drop,genres=[]
movies_processed.csv,205481,missing_genres,drop,genres=[]
movies_processed.csv,205487,missing_genres,drop,genres=[]
movies_processed.csv,205499,missing_genres,drop,genres=[]
movies_processed.csv,205535,missing_genres,drop,genres=[]
movies_processed.csv,205551,missing_genres,drop,genres=[]
movies_processed.csv,205593,missing_genres,drop,genres=[]
movies_processed.csv,205633,missing_genres,drop,genres=[]
movies_processed.csv,205681,missing_genres,drop,genres=[]
movies_processed.csv,205703,missing_genres,drop,genres=[]
movies_processed.csv,205715,missing_genres,drop,genres=[]
movies_processed.csv,205753,missing_genres,drop,genres=[]
movies_processed.csv,205771,missing_genres,drop,genres=[]
movies_processed.csv,205791,missing_genres,drop,genres=[]
movies_processed.csv,205805,missing_genres,drop,genres=[]
movies_processed.csv,205807,missing_genres,drop,genres=[]
movies_processed.csv,205813,missing_genres,drop,genres=[]
movies_processed.csv,205817,missing_genres,drop,genres=[]
movies_processed.csv,205865,missing_genres,drop,genres=[]
movies_processed.csv,205871,missing_genres,drop,genres=[]
movies_processed.csv,205911,missing_genres,drop,genres=[]
movies_processed.csv,205915,missing_genres,drop,genres=[]
movies_processed.csv,205929,missing_genres,drop,genres=[]
movies_processed.csv,205939,missing_genres,drop,genres=[]
movies_processed.csv,205943,missing_genres,drop,genres=[]
movies_processed.csv,205953,missing_genres,drop,genres=[]
movies_processed.csv,205980,missing_genres,drop,genres=[]
movies_processed.csv,206000,missing_genres,drop,genres=[]
movies_processed.csv,206004,missing_genres,drop,genres=[]
movies_processed.csv,206046,missing_genres,drop,genres=[]
movies_processed.csv,206085,missing_genres,drop,genres=[]
movies_processed.csv,206089,missing_genres,drop,genres=[]
movies_processed.csv,206168,missing_genres,drop,genres=[]
movies_processed.csv,206222,missing_genres,drop,genres=[]
movies_processed.csv,206242,missing_genres,drop,genres=[]
movies_processed.csv,206254,missing_genres,drop,genres=[]
movies_processed.csv,206309,missing_genres,drop,genres=[]
movies_processed.csv,206339,missing_genres,drop,genres=[]
movies_processed.csv,206409,missing_genres,drop,genres=[]
movies_processed.csv,206505,missing_genres,drop,genres=[]
movies_processed.csv,206523,missing_genres,drop,genres=[]
movies_processed.csv,206545,missing_genres,drop,genres=[]
movies_processed.csv,206557,missing_genres,drop,genres=[]
movies_processed.csv,206569,missing_genres,drop,genres=[]
movies_processed.csv,206625,missing_genres,drop,genres=[]
movies_processed.csv,206641,missing_genres,drop,genres=[]
movies_processed.csv,206676,missing_genres,drop,genres=[]
movies_processed.csv,206698,missing_genres,drop,genres=[]
movies_processed.csv,206708,missing_genres,drop,genres=[]
movies_processed.csv,206712,missing_genres,drop,genres=[]
movies_processed.csv,206745,missing_genres,drop,genres=[]
movies_processed.csv,206751,missing_genres,drop,genres=[]
movies_processed.csv,206757,missing_genres,drop,genres=[]
movies_processed.csv,206779,missing_genres,drop,genres=[]
movies_processed.csv,206781,missing_genres,drop,genres=[]
movies_processed.csv,206801,missing_genres,drop,genres=[]
movies_processed.csv,206811,missing_genres,drop,genres=[]
movies_processed.csv,206815,missing_genres,drop,genres=[]
movies_processed.csv,206817,missing_genres,drop,genres=[]
movies_processed.csv,206903,missing_genres,drop,genres=[]
movies_processed.csv,206917,missing_genres,drop,genres=[]
movies_processed.csv,206933,missing_genres,drop,genres=[]
movies_processed.csv,206945,missing_genres,drop,genres=[]
movies_processed.csv,206963,missing_genres,drop,genres=[]
movies_processed.csv,206975,missing_genres,drop,genres=[]
movies_processed.csv,206981,missing_genres,drop,genres=[]
movies_processed.csv,206989,missing_genres,drop,genres=[]
movies_processed.csv,206993,missing_genres,drop,genres=[]
movies_processed.csv,207015,missing_genres,drop,genres=[]
movies_processed.csv,207029,missing_genres,drop,genres=[]
movies_processed.csv,207031,missing_genres,drop,genres=[]
movies_processed.csv,207041,missing_genres,drop,genres=[]
movies_processed.csv,207051,missing_genres,drop,genres=[]
movies_processed.csv,207055,missing_genres,drop,genres=[]
movies_processed.csv,207091,missing_genres,drop,genres=[]
movies_processed.csv,207109,missing_genres,drop,genres=[]
movies_processed.csv,207143,missing_genres,drop,genres=[]
movies_processed.csv,207237,missing_genres,drop,genres=[]
movies_processed.csv,207277,missing_genres,drop,genres=[]
movies_processed.csv,207279,missing_genres,drop,genres=[]
movies_processed.csv,207301,missing_genres,drop,genres=[]
movies_processed.csv,207387,missing_genres,drop,genres=[]
movies_processed.csv,207391,missing_genres,drop,genres=[]
movies_processed.csv,207435,missing_genres,drop,genres=[]
movies_processed.csv,207437,missing_genres,drop,genres=[]
movies_processed.csv,207443,missing_genres,drop,genres=[]
movies_processed.csv,207455,missing_genres,drop,genres=[]
movies_processed.csv,207475,missing_genres,drop,genres=[]
movies_processed.csv,207479,missing_genres,drop,genres=[]
movies_processed.csv,207495,missing_genres,drop,genres=[]
movies_processed.csv,207497,missing_genres,drop,genres=[]
movies_processed.csv,207548,missing_genres,drop,genres=[]
movies_processed.csv,207554,missing_genres,drop,genres=[]
movies_processed.csv,207574,missing_genres,drop,genres=[]
movies_processed.csv,207590,missing_genres,drop,genres=[]
movies_processed.csv,207608,missing_genres,drop,genres=[]
movies_processed.csv,207628,missing_genres,drop,genres=[]
movies_processed.csv,207660,missing_genres,drop,genres=[]
movies_processed.csv,207674,missing_genres,drop,genres=[]
movies_processed.csv,207712,missing_genres,drop,genres=[]
movies_processed.csv,207714,missing_genres,drop,genres=[]
movies_processed.csv,207728,missing_genres,drop,genres=[]
movies_processed.csv,207742,missing_genres,drop,genres=[]
movies_processed.csv,207744,missing_genres,drop,genres=[]
movies_processed.csv,207746,missing_genres,drop,genres=[]
movies_processed.csv,207760,missing_genres,drop,genres=[]
movies_processed.csv,207766,missing_genres,drop,genres=[]
movies_processed.csv,207774,missing_genres,drop,genres=[]
movies_processed.csv,207784,missing_genres,drop,genres=[]
movies_processed.csv,207810,missing_genres,drop,genres=[]
movies_processed.csv,207816,missing_genres,drop,genres=[]
movies_processed.csv,207848,missing_genres,drop,genres=[]
movies_processed.csv,207866,missing_genres,drop,genres=[]
movies_processed.csv,207870,missing_genres,drop,genres=[]
movies_processed.csv,207884,missing_genres,drop,genres=[]
movies_processed.csv,207908,missing_genres,drop,genres=[]
movies_processed.csv,207936,missing_genres,drop,genres=[]
movies_processed.csv,207938,missing_genres,drop,genres=[]
movies_processed.csv,208034,missing_genres,drop,genres=[]
movies_processed.csv,208152,missing_genres,drop,genres=[]
movies_processed.csv,208156,missing_genres,drop,genres=[]
movies_processed.csv,208172,missing_genres,drop,genres=[]
movies_processed.csv,208176,missing_genres,drop,genres=[]
movies_processed.csv,208181,missing_genres,drop,genres=[]
movies_processed.csv,208187,missing_genres,drop,genres=[]
movies_processed.csv,208229,missing_genres,drop,genres=[]
movies_processed.csv,208255,missing_genres,drop,genres=[]
movies_processed.csv,208319,missing_genres,drop,genres=[]
movies_processed.csv,208327,missing_genres,drop,genres=[]
movies_processed.csv,208359,missing_genres,drop,genres=[]
movies_processed.csv,208381,missing_genres,drop,genres=[]
movies_processed.csv,208387,missing_genres,drop,genres=[]
movies_processed.csv,208409,missing_genres,drop,genres=[]
movies_processed.csv,208417,missing_genres,drop,genres=[]
movies_processed.csv,208419,missing_genres,drop,genres=[]
movies_processed.csv,208463,missing_genres,drop,genres=[]
movies_processed.csv,208467,missing_genres,drop,genres=[]
movies_processed.csv,208501,missing_genres,drop,genres=[]
movies_processed.csv,208505,missing_genres,drop,genres=[]
movies_processed.csv,208519,missing_genres,drop,genres=[]
movies_processed.csv,208553,missing_genres,drop,genres=[]
movies_processed.csv,208575,missing_genres,drop,genres=[]
movies_processed.csv,208577,missing_genres,drop,genres=[]
movies_processed.csv,208587,missing_genres,drop,genres=[]
movies_processed.csv,208655,missing_genres,drop,genres=[]
movies_processed.csv,208685,missing_genres,drop,genres=[]
movies_processed.csv,208727,missing_genres,drop,genres=[]
movies_processed.csv,208763,missing_genres,drop,genres=[]
movies_processed.csv,208802,missing_genres,drop,genres=[]
movies_processed.csv,208855,missing_genres,drop,genres=[]
movies_processed.csv,208859,missing_genres,drop,genres=[]
movies_processed.csv,208869,missing_genres,drop,genres=[]
movies_processed.csv,208875,missing_genres,drop,genres=[]
movies_processed.csv,208889,missing_genres,drop,genres=[]
movies_processed.csv,208901,missing_genres,drop,genres=[]
movies_processed.csv,208919,missing_genres,drop,genres=[]
movies_processed.csv,208923,missing_genres,drop,genres=[]
movies_processed.csv,208943,missing_genres,drop,genres=[]
movies_processed.csv,208951,missing_genres,drop,genres=[]
movies_processed.csv,208967,missing_genres,drop,genres=[]
movies_processed.csv,208973,missing_genres,drop,genres=[]
movies_processed.csv,209037,missing_genres,drop,genres=[]
movies_processed.csv,209051,missing_genres,drop,genres=[]
movies_processed.csv,209063,missing_genres,drop,genres=[]
movies_processed.csv,209065,missing_genres,drop,genres=[]
movies_processed.csv,209067,missing_genres,drop,genres=[]
movies_processed.csv,209081,missing_genres,drop,genres=[]
movies_processed.csv,209089,missing_genres,drop,genres=[]
movies_processed.csv,209101,missing_genres,drop,genres=[]
movies_processed.csv,209103,missing_genres,drop,genres=[]
movies_processed.csv,209133,missing_genres,drop,genres=[]
movies_processed.csv,209151,missing_genres,drop,genres=[]
movies_processed.csv,209169,missing_genres,drop,genres=[]
movies_processed.csv,209187,missing_genres,drop,genres=[]
movies_processed.csv,209235,missing_genres,drop,genres=[]
movies_processed.csv,209265,missing_genres,drop,genres=[]
movies_processed.csv,209343,missing_genres,drop,genres=[]
movies_processed.csv,209345,missing_genres,drop,genres=[]
movies_processed.csv,209401,missing_genres,drop,genres=[]
movies_processed.csv,209403,missing_genres,drop,genres=[]
movies_processed.csv,209407,missing_genres,drop,genres=[]
movies_processed.csv,209409,missing_genres,drop,genres=[]
movies_processed.csv,209447,missing_genres,drop,genres=[]
movies_processed.csv,209455,missing_genres,drop,genres=[]
movies_processed.csv,209473,missing_genres,drop,genres=[]
movies_processed.csv,209489,missing_genres,drop,genres=[]
movies_processed.csv,209535,missing_genres,drop,genres=[]
movies_processed.csv,209539,missing_genres,drop,genres=[]
movies_processed.csv,209559,missing_genres,drop,genres=[]
movies_processed.csv,209597,missing_genres,drop,genres=[]
movies_processed.csv,209631,missing_genres,drop,genres=[]
movies_processed.csv,209671,missing_genres,drop,genres=[]
movies_processed.csv,209755,missing_genres,drop,genres=[]
movies_processed.csv,209791,missing_genres,drop,genres=[]
movies_processed.csv,209801,missing_genres,drop,genres=[]
movies_processed.csv,209855,missing_genres,drop,genres=[]
movies_processed.csv,209857,missing_genres,drop,genres=[]
movies_processed.csv,209861,missing_genres,drop,genres=[]
movies_processed.csv,209923,missing_genres,drop,genres=[]
movies_processed.csv,209995,missing_genres,drop,genres=[]
movies_processed.csv,210023,missing_genres,drop,genres=[]
movies_processed.csv,210123,missing_genres,drop,genres=[]
movies_processed.csv,210147,missing_genres,drop,genres=[]
movies_processed.csv,210187,missing_genres,drop,genres=[]
movies_processed.csv,210201,missing_genres,drop,genres=[]
movies_processed.csv,210233,missing_genres,drop,genres=[]
movies_processed.csv,210347,missing_genres,drop,genres=[]
movies_processed.csv,210527,missing_genres,drop,genres=[]
movies_processed.csv,210555,missing_genres,drop,genres=[]
movies_processed.csv,210561,missing_genres,drop,genres=[]
movies_processed.csv,210585,missing_genres,drop,genres=[]
movies_processed.csv,210587,missing_genres,drop,genres=[]
movies_processed.csv,210635,missing_genres,drop,genres=[]
movies_processed.csv,210647,missing_genres,drop,genres=[]
movies_processed.csv,210695,missing_genres,drop,genres=[]
movies_processed.csv,210725,missing_genres,drop,genres=[]
movies_processed.csv,210747,missing_genres,drop,genres=[]
movies_processed.csv,210775,missing_genres,drop,genres=[]
movies_processed.csv,210797,missing_genres,drop,genres=[]
movies_processed.csv,210799,missing_genres,drop,genres=[]
movies_processed.csv,210811,missing_genres,drop,genres=[]
movies_processed.csv,210853,missing_genres,drop,genres=[]
movies_processed.csv,210893,missing_genres,drop,genres=[]
movies_processed.csv,210975,missing_genres,drop,genres=[]
movies_processed.csv,211015,missing_genres,drop,genres=[]
movies_processed.csv,211025,missing_genres,drop,genres=[]
movies_processed.csv,211061,missing_genres,drop,genres=[]
movies_processed.csv,211085,missing_genres,drop,genres=[]
movies_processed.csv,211135,missing_genres,drop,genres=[]
movies_processed.csv,211195,missing_genres,drop,genres=[]
movies_processed.csv,211291,missing_genres,drop,genres=[]
movies_processed.csv,211365,missing_genres,drop,genres=[]
movies_processed.csv,211369,missing_genres,drop,genres=[]
movies_processed.csv,211418,missing_genres,drop,genres=[]
movies_processed.csv,211454,missing_genres,drop,genres=[]
movies_processed.csv,211466,missing_genres,drop,genres=[]
movies_processed.csv,211476,missing_genres,drop,genres=[]
movies_processed.csv,211478,missing_genres,drop,genres=[]
movies_processed.csv,211604,missing_genres,drop,genres=[]
movies_processed.csv,211606,missing_genres,drop,genres=[]
movies_processed.csv,211654,missing_genres,drop,genres=[]
movies_processed.csv,211692,missing_genres,drop,genres=[]
movies_processed.csv,211700,missing_genres,drop,genres=[]
movies_processed.csv,211712,missing_genres,drop,genres=[]
movies_processed.csv,211714,missing_genres,drop,genres=[]
movies_processed.csv,211738,missing_genres,drop,genres=[]
movies_processed.csv,211756,missing_genres,drop,genres=[]
movies_processed.csv,211784,missing_genres,drop,genres=[]
movies_processed.csv,211800,missing_genres,drop,genres=[]
movies_processed.csv,211816,missing_genres,drop,genres=[]
movies_processed.csv,211840,missing_genres,drop,genres=[]
movies_processed.csv,211844,missing_genres,drop,genres=[]
movies_processed.csv,211850,missing_genres,drop,genres=[]
movies_processed.csv,211900,missing_genres,drop,genres=[]
movies_processed.csv,211902,missing_genres,drop,genres=[]
movies_processed.csv,211914,missing_genres,drop,genres=[]
movies_processed.csv,211930,missing_genres,drop,genres=[]
movies_processed.csv,211936,missing_genres,drop,genres=[]
movies_processed.csv,211964,missing_genres,drop,genres=[]
movies_processed.csv,211974,missing_genres,drop,genres=[]
movies_processed.csv,212060,missing_genres,drop,genres=[]
movies_processed.csv,212068,missing_genres,drop,genres=[]
movies_processed.csv,212076,missing_genres,drop,genres=[]
movies_processed.csv,212090,missing_genres,drop,genres=[]
movies_processed.csv,212289,missing_genres,drop,genres=[]
movies_processed.csv,212295,missing_genres,drop,genres=[]
movies_processed.csv,212301,missing_genres,drop,genres=[]
movies_processed.csv,212329,missing_genres,drop,genres=[]
movies_processed.csv,212531,missing_genres,drop,genres=[]
movies_processed.csv,212559,missing_genres,drop,genres=[]
movies_processed.csv,212571,missing_genres,drop,genres=[]
movies_processed.csv,212599,missing_genres,drop,genres=[]
movies_processed.csv,212649,missing_genres,drop,genres=[]
movies_processed.csv,212731,missing_genres,drop,genres=[]
movies_processed.csv,212753,missing_genres,drop,genres=[]
movies_processed.csv,212765,missing_genres,drop,genres=[]
movies_processed.csv,212767,missing_genres,drop,genres=[]
movies_processed.csv,212773,missing_genres,drop,genres=[]
movies_processed.csv,212787,missing_genres,drop,genres=[]
movies_processed.csv,212803,missing_genres,drop,genres=[]
movies_processed.csv,212805,missing_genres,drop,genres=[]
movies_processed.csv,212807,missing_genres,drop,genres=[]
movies_processed.csv,212865,missing_genres,drop,genres=[]
movies_processed.csv,212887,missing_genres,drop,genres=[]
movies_processed.csv,212905,missing_genres,drop,genres=[]
movies_processed.csv,212913,missing_genres,drop,genres=[]
movies_processed.csv,212921,missing_genres,drop,genres=[]
movies_processed.csv,212959,missing_genres,drop,genres=[]
movies_processed.csv,212971,missing_genres,drop,genres=[]
movies_processed.csv,212983,missing_genres,drop,genres=[]
movies_processed.csv,212985,missing_genres,drop,genres=[]
movies_processed.csv,212987,missing_genres,drop,genres=[]
movies_processed.csv,213085,missing_genres,drop,genres=[]
movies_processed.csv,213099,missing_genres,drop,genres=[]
movies_processed.csv,213121,missing_genres,drop,genres=[]
movies_processed.csv,213133,missing_genres,drop,genres=[]
movies_processed.csv,213139,missing_genres,drop,genres=[]
movies_processed.csv,213189,missing_genres,drop,genres=[]
movies_processed.csv,213229,missing_genres,drop,genres=[]
movies_processed.csv,213257,missing_genres,drop,genres=[]
movies_processed.csv,213267,missing_genres,drop,genres=[]
movies_processed.csv,213269,missing_genres,drop,genres=[]
movies_processed.csv,213295,missing_genres,drop,genres=[]
movies_processed.csv,213299,missing_genres,drop,genres=[]
movies_processed.csv,213359,missing_genres,drop,genres=[]
movies_processed.csv,213363,missing_genres,drop,genres=[]
movies_processed.csv,213383,missing_genres,drop,genres=[]
movies_processed.csv,213467,missing_genres,drop,genres=[]
movies_processed.csv,213473,missing_genres,drop,genres=[]
movies_processed.csv,213489,missing_genres,drop,genres=[]
movies_processed.csv,213495,missing_genres,drop,genres=[]
movies_processed.csv,213513,missing_genres,drop,genres=[]
movies_processed.csv,213529,missing_genres,drop,genres=[]
movies_processed.csv,213535,missing_genres,drop,genres=[]
movies_processed.csv,213543,missing_genres,drop,genres=[]
movies_processed.csv,213610,missing_genres,drop,genres=[]
movies_processed.csv,213620,missing_genres,drop,genres=[]
movies_processed.csv,213642,missing_genres,drop,genres=[]
movies_processed.csv,213680,missing_genres,drop,genres=[]
movies_processed.csv,213784,missing_genres,drop,genres=[]
movies_processed.csv,213830,missing_genres,drop,genres=[]
movies_processed.csv,213836,missing_genres,drop,genres=[]
movies_processed.csv,213846,missing_genres,drop,genres=[]
movies_processed.csv,213894,missing_genres,drop,genres=[]
movies_processed.csv,213940,missing_genres,drop,genres=[]
movies_processed.csv,214082,missing_genres,drop,genres=[]
movies_processed.csv,214084,missing_genres,drop,genres=[]
movies_processed.csv,214088,missing_genres,drop,genres=[]
movies_processed.csv,214100,missing_genres,drop,genres=[]
movies_processed.csv,214102,missing_genres,drop,genres=[]
movies_processed.csv,214144,missing_genres,drop,genres=[]
movies_processed.csv,214222,missing_genres,drop,genres=[]
movies_processed.csv,214252,missing_genres,drop,genres=[]
movies_processed.csv,214364,missing_genres,drop,genres=[]
movies_processed.csv,214408,missing_genres,drop,genres=[]
movies_processed.csv,214456,missing_genres,drop,genres=[]
movies_processed.csv,214458,missing_genres,drop,genres=[]
movies_processed.csv,214500,missing_genres,drop,genres=[]
movies_processed.csv,214506,missing_genres,drop,genres=[]
movies_processed.csv,214510,missing_genres,drop,genres=[]
movies_processed.csv,214552,missing_genres,drop,genres=[]
movies_processed.csv,214580,missing_genres,drop,genres=[]
movies_processed.csv,214620,missing_genres,drop,genres=[]
movies_processed.csv,214622,missing_genres,drop,genres=[]
movies_processed.csv,214634,missing_genres,drop,genres=[]
movies_processed.csv,214664,missing_genres,drop,genres=[]
movies_processed.csv,214702,missing_genres,drop,genres=[]
movies_processed.csv,214744,missing_genres,drop,genres=[]
movies_processed.csv,214778,missing_genres,drop,genres=[]
movies_processed.csv,214792,missing_genres,drop,genres=[]
movies_processed.csv,214820,missing_genres,drop,genres=[]
movies_processed.csv,214832,missing_genres,drop,genres=[]
movies_processed.csv,214834,missing_genres,drop,genres=[]
movies_processed.csv,214840,missing_genres,drop,genres=[]
movies_processed.csv,214886,missing_genres,drop,genres=[]
movies_processed.csv,214922,missing_genres,drop,genres=[]
movies_processed.csv,214953,missing_genres,drop,genres=[]
movies_processed.csv,214961,missing_genres,drop,genres=[]
movies_processed.csv,214965,missing_genres,drop,genres=[]
movies_processed.csv,214979,missing_genres,drop,genres=[]
movies_processed.csv,214997,missing_genres,drop,genres=[]
movies_processed.csv,215005,missing_genres,drop,genres=[]
movies_processed.csv,215025,missing_genres,drop,genres=[]
movies_processed.csv,215027,missing_genres,drop,genres=[]
movies_processed.csv,215063,missing_genres,drop,genres=[]
movies_processed.csv,215067,missing_genres,drop,genres=[]
movies_processed.csv,215077,missing_genres,drop,genres=[]
movies_processed.csv,215169,missing_genres,drop,genres=[]
movies_processed.csv,215173,missing_genres,drop,genres=[]
movies_processed.csv,215175,missing_genres,drop,genres=[]
movies_processed.csv,215191,missing_genres,drop,genres=[]
movies_processed.csv,215197,missing_genres,drop,genres=[]
movies_processed.csv,215199,missing_genres,drop,genres=[]
movies_processed.csv,215205,missing_genres,drop,genres=[]
movies_processed.csv,215259,missing_genres,drop,genres=[]
movies_processed.csv,215261,missing_genres,drop,genres=[]
movies_processed.csv,215273,missing_genres,drop,genres=[]
movies_processed.csv,215279,missing_genres,drop,genres=[]
movies_processed.csv,215283,missing_genres,drop,genres=[]
movies_processed.csv,215317,missing_genres,drop,genres=[]
movies_processed.csv,215325,missing_genres,drop,genres=[]
movies_processed.csv,215337,missing_genres,drop,genres=[]
movies_processed.csv,215389,missing_genres,drop,genres=[]
movies_processed.csv,215405,missing_genres,drop,genres=[]
movies_processed.csv,215455,missing_genres,drop,genres=[]
movies_processed.csv,215485,missing_genres,drop,genres=[]
movies_processed.csv,215561,missing_genres,drop,genres=[]
movies_processed.csv,215589,missing_genres,drop,genres=[]
movies_processed.csv,215607,missing_genres,drop,genres=[]
movies_processed.csv,215625,missing_genres,drop,genres=[]
movies_processed.csv,215657,missing_genres,drop,genres=[]
movies_processed.csv,215663,missing_genres,drop,genres=[]
movies_processed.csv,215671,missing_genres,drop,genres=[]
movies_processed.csv,215675,missing_genres,drop,genres=[]
movies_processed.csv,215719,missing_genres,drop,genres=[]
movies_processed.csv,215729,missing_genres,drop,genres=[]
movies_processed.csv,215753,missing_genres,drop,genres=[]
movies_processed.csv,215767,missing_genres,drop,genres=[]
movies_processed.csv,215775,missing_genres,drop,genres=[]
movies_processed.csv,215789,missing_genres,drop,genres=[]
movies_processed.csv,215801,missing_genres,drop,genres=[]
movies_processed.csv,215811,missing_genres,drop,genres=[]
movies_processed.csv,215825,missing_genres,drop,genres=[]
movies_processed.csv,215827,missing_genres,drop,genres=[]
movies_processed.csv,215855,missing_genres,drop,genres=[]
movies_processed.csv,215883,missing_genres,drop,genres=[]
movies_processed.csv,215945,missing_genres,drop,genres=[]
movies_processed.csv,215977,missing_genres,drop,genres=[]
movies_processed.csv,216015,missing_genres,drop,genres=[]
movies_processed.csv,216017,missing_genres,drop,genres=[]
movies_processed.csv,216029,missing_genres,drop,genres=[]
movies_processed.csv,216031,missing_genres,drop,genres=[]
movies_processed.csv,216039,missing_genres,drop,genres=[]
movies_processed.csv,216071,missing_genres,drop,genres=[]
movies_processed.csv,216211,missing_genres,drop,genres=[]
movies_processed.csv,216261,missing_genres,drop,genres=[]
movies_processed.csv,216269,missing_genres,drop,genres=[]
movies_processed.csv,216304,missing_genres,drop,genres=[]
movies_processed.csv,216336,missing_genres,drop,genres=[]
movies_processed.csv,216346,missing_genres,drop,genres=[]
movies_processed.csv,216348,missing_genres,drop,genres=[]
movies_processed.csv,216350,missing_genres,drop,genres=[]
movies_processed.csv,216352,missing_genres,drop,genres=[]
movies_processed.csv,216354,missing_genres,drop,genres=[]
movies_processed.csv,216378,missing_genres,drop,genres=[]
movies_processed.csv,216404,missing_genres,drop,genres=[]
movies_processed.csv,216410,missing_genres,drop,genres=[]
movies_processed.csv,216416,missing_genres,drop,genres=[]
movies_processed.csv,216438,missing_genres,drop,genres=[]
movies_processed.csv,216440,missing_genres,drop,genres=[]
movies_processed.csv,216467,missing_genres,drop,genres=[]
movies_processed.csv,216471,missing_genres,drop,genres=[]
movies_processed.csv,216485,missing_genres,drop,genres=[]
movies_processed.csv,216491,missing_genres,drop,genres=[]
movies_processed.csv,216571,missing_genres,drop,genres=[]
movies_processed.csv,216585,missing_genres,drop,genres=[]
movies_processed.csv,216591,missing_genres,drop,genres=[]
movies_processed.csv,216609,missing_genres,drop,genres=[]
movies_processed.csv,216623,missing_genres,drop,genres=[]
movies_processed.csv,216647,missing_genres,drop,genres=[]
movies_processed.csv,216665,missing_genres,drop,genres=[]
movies_processed.csv,216703,missing_genres,drop,genres=[]
movies_processed.csv,216719,missing_genres,drop,genres=[]
movies_processed.csv,216723,missing_genres,drop,genres=[]
movies_processed.csv,216755,missing_genres,drop,genres=[]
movies_processed.csv,216759,missing_genres,drop,genres=[]
movies_processed.csv,216767,missing_genres,drop,genres=[]
movies_processed.csv,216799,missing_genres,drop,genres=[]
movies_processed.csv,216803,missing_genres,drop,genres=[]
movies_processed.csv,216853,missing_genres,drop,genres=[]
movies_processed.csv,216879,missing_genres,drop,genres=[]
movies_processed.csv,216897,missing_genres,drop,genres=[]
movies_processed.csv,216931,missing_genres,drop,genres=[]
movies_processed.csv,216939,missing_genres,drop,genres=[]
movies_processed.csv,216943,missing_genres,drop,genres=[]
movies_processed.csv,216961,missing_genres,drop,genres=[]
movies_processed.csv,216971,missing_genres,drop,genres=[]
movies_processed.csv,216993,missing_genres,drop,genres=[]
movies_processed.csv,217011,missing_genres,drop,genres=[]
movies_processed.csv,217025,missing_genres,drop,genres=[]
movies_processed.csv,217043,missing_genres,drop,genres=[]
movies_processed.csv,217059,missing_genres,drop,genres=[]
movies_processed.csv,217065,missing_genres,drop,genres=[]
movies_processed.csv,217089,missing_genres,drop,genres=[]
movies_processed.csv,217162,missing_genres,drop,genres=[]
movies_processed.csv,217166,missing_genres,drop,genres=[]
movies_processed.csv,217172,missing_genres,drop,genres=[]
movies_processed.csv,217222,missing_genres,drop,genres=[]
movies_processed.csv,217226,missing_genres,drop,genres=[]
movies_processed.csv,217230,missing_genres,drop,genres=[]
movies_processed.csv,217270,missing_genres,drop,genres=[]
movies_processed.csv,217298,missing_genres,drop,genres=[]
movies_processed.csv,217302,missing_genres,drop,genres=[]
movies_processed.csv,217314,missing_genres,drop,genres=[]
movies_processed.csv,217336,missing_genres,drop,genres=[]
movies_processed.csv,217372,missing_genres,drop,genres=[]
movies_processed.csv,217443,missing_genres,drop,genres=[]
movies_processed.csv,217459,missing_genres,drop,genres=[]
movies_processed.csv,217487,missing_genres,drop,genres=[]
movies_processed.csv,217517,missing_genres,drop,genres=[]
movies_processed.csv,217531,missing_genres,drop,genres=[]
movies_processed.csv,217599,missing_genres,drop,genres=[]
movies_processed.csv,217615,missing_genres,drop,genres=[]
movies_processed.csv,217617,missing_genres,drop,genres=[]
movies_processed.csv,217649,missing_genres,drop,genres=[]
movies_processed.csv,217733,missing_genres,drop,genres=[]
movies_processed.csv,217787,missing_genres,drop,genres=[]
movies_processed.csv,217937,missing_genres,drop,genres=[]
movies_processed.csv,217961,missing_genres,drop,genres=[]
movies_processed.csv,217963,missing_genres,drop,genres=[]
movies_processed.csv,218029,missing_genres,drop,genres=[]
movies_processed.csv,218039,missing_genres,drop,genres=[]
movies_processed.csv,218107,missing_genres,drop,genres=[]
movies_processed.csv,218119,missing_genres,drop,genres=[]
movies_processed.csv,218197,missing_genres,drop,genres=[]
movies_processed.csv,218201,missing_genres,drop,genres=[]
movies_processed.csv,218211,missing_genres,drop,genres=[]
movies_processed.csv,218241,missing_genres,drop,genres=[]
movies_processed.csv,218255,missing_genres,drop,genres=[]
movies_processed.csv,218261,missing_genres,drop,genres=[]
movies_processed.csv,218271,missing_genres,drop,genres=[]
movies_processed.csv,218415,missing_genres,drop,genres=[]
movies_processed.csv,218473,missing_genres,drop,genres=[]
movies_processed.csv,218509,missing_genres,drop,genres=[]
movies_processed.csv,218581,missing_genres,drop,genres=[]
movies_processed.csv,218597,missing_genres,drop,genres=[]
movies_processed.csv,218647,missing_genres,drop,genres=[]
movies_processed.csv,218655,missing_genres,drop,genres=[]
movies_processed.csv,218667,missing_genres,drop,genres=[]
movies_processed.csv,218671,missing_genres,drop,genres=[]
movies_processed.csv,218741,missing_genres,drop,genres=[]
movies_processed.csv,218777,missing_genres,drop,genres=[]
movies_processed.csv,218785,missing_genres,drop,genres=[]
movies_processed.csv,218791,missing_genres,drop,genres=[]
movies_processed.csv,218837,missing_genres,drop,genres=[]
movies_processed.csv,218845,missing_genres,drop,genres=[]
movies_processed.csv,218853,missing_genres,drop,genres=[]
movies_processed.csv,218881,missing_genres,drop,genres=[]
movies_processed.csv,218885,missing_genres,drop,genres=[]
movies_processed.csv,218949,missing_genres,drop,genres=[]
movies_processed.csv,218999,missing_genres,drop,genres=[]
movies_processed.csv,219001,missing_genres,drop,genres=[]
movies_processed.csv,219031,missing_genres,drop,genres=[]
movies_processed.csv,219035,missing_genres,drop,genres=[]
movies_processed.csv,219037,missing_genres,drop,genres=[]
movies_processed.csv,219045,missing_genres,drop,genres=[]
movies_processed.csv,219083,missing_genres,drop,genres=[]
movies_processed.csv,219085,missing_genres,drop,genres=[]
movies_processed.csv,219091,missing_genres,drop,genres=[]
movies_processed.csv,219212,missing_genres,drop,genres=[]
movies_processed.csv,219246,missing_genres,drop,genres=[]
movies_processed.csv,219258,missing_genres,drop,genres=[]
movies_processed.csv,219300,missing_genres,drop,genres=[]
movies_processed.csv,219330,missing_genres,drop,genres=[]
movies_processed.csv,219332,missing_genres,drop,genres=[]
movies_processed.csv,219362,missing_genres,drop,genres=[]
movies_processed.csv,219386,missing_genres,drop,genres=[]
movies_processed.csv,219390,missing_genres,drop,genres=[]
movies_processed.csv,219480,missing_genres,drop,genres=[]
movies_processed.csv,219517,missing_genres,drop,genres=[]
movies_processed.csv,219545,missing_genres,drop,genres=[]
movies_processed.csv,219563,missing_genres,drop,genres=[]
movies_processed.csv,219591,missing_genres,drop,genres=[]
movies_processed.csv,219631,missing_genres,drop,genres=[]
movies_processed.csv,219649,missing_genres,drop,genres=[]
movies_processed.csv,219736,missing_genres,drop,genres=[]
movies_processed.csv,219750,missing_genres,drop,genres=[]
movies_processed.csv,219754,missing_genres,drop,genres=[]
movies_processed.csv,219790,missing_genres,drop,genres=[]
movies_processed.csv,219792,missing_genres,drop,genres=[]
movies_processed.csv,219874,missing_genres,drop,genres=[]
movies_processed.csv,219892,missing_genres,drop,genres=[]
movies_processed.csv,219982,missing_genres,drop,genres=[]
movies_processed.csv,219984,missing_genres,drop,genres=[]
movies_processed.csv,220074,missing_genres,drop,genres=[]
movies_processed.csv,220100,missing_genres,drop,genres=[]
movies_processed.csv,220140,missing_genres,drop,genres=[]
movies_processed.csv,220164,missing_genres,drop,genres=[]
movies_processed.csv,220172,missing_genres,drop,genres=[]
movies_processed.csv,220290,missing_genres,drop,genres=[]
movies_processed.csv,220304,missing_genres,drop,genres=[]
movies_processed.csv,220330,missing_genres,drop,genres=[]
movies_processed.csv,220342,missing_genres,drop,genres=[]
movies_processed.csv,220352,missing_genres,drop,genres=[]
movies_processed.csv,220454,missing_genres,drop,genres=[]
movies_processed.csv,220486,missing_genres,drop,genres=[]
movies_processed.csv,220552,missing_genres,drop,genres=[]
movies_processed.csv,220562,missing_genres,drop,genres=[]
movies_processed.csv,220618,missing_genres,drop,genres=[]
movies_processed.csv,220644,missing_genres,drop,genres=[]
movies_processed.csv,220648,missing_genres,drop,genres=[]
movies_processed.csv,220766,missing_genres,drop,genres=[]
movies_processed.csv,220804,missing_genres,drop,genres=[]
movies_processed.csv,220862,missing_genres,drop,genres=[]
movies_processed.csv,220864,missing_genres,drop,genres=[]
movies_processed.csv,220880,missing_genres,drop,genres=[]
movies_processed.csv,220888,missing_genres,drop,genres=[]
movies_processed.csv,220908,missing_genres,drop,genres=[]
movies_processed.csv,220964,missing_genres,drop,genres=[]
movies_processed.csv,221014,missing_genres,drop,genres=[]
movies_processed.csv,221086,missing_genres,drop,genres=[]
movies_processed.csv,221088,missing_genres,drop,genres=[]
movies_processed.csv,221112,missing_genres,drop,genres=[]
movies_processed.csv,221122,missing_genres,drop,genres=[]
movies_processed.csv,221160,missing_genres,drop,genres=[]
movies_processed.csv,221176,missing_genres,drop,genres=[]
movies_processed.csv,221200,missing_genres,drop,genres=[]
movies_processed.csv,221234,missing_genres,drop,genres=[]
movies_processed.csv,221236,missing_genres,drop,genres=[]
movies_processed.csv,221258,missing_genres,drop,genres=[]
movies_processed.csv,221264,missing_genres,drop,genres=[]
movies_processed.csv,221270,missing_genres,drop,genres=[]
movies_processed.csv,221272,missing_genres,drop,genres=[]
movies_processed.csv,221286,missing_genres,drop,genres=[]
movies_processed.csv,221398,missing_genres,drop,genres=[]
movies_processed.csv,221462,missing_genres,drop,genres=[]
movies_processed.csv,221466,missing_genres,drop,genres=[]
movies_processed.csv,221534,missing_genres,drop,genres=[]
movies_processed.csv,221562,missing_genres,drop,genres=[]
movies_processed.csv,221572,missing_genres,drop,genres=[]
movies_processed.csv,221624,missing_genres,drop,genres=[]
movies_processed.csv,221636,missing_genres,drop,genres=[]
movies_processed.csv,221790,missing_genres,drop,genres=[]
movies_processed.csv,221820,missing_genres,drop,genres=[]
movies_processed.csv,221842,missing_genres,drop,genres=[]
movies_processed.csv,221886,missing_genres,drop,genres=[]
movies_processed.csv,222041,missing_genres,drop,genres=[]
movies_processed.csv,222316,missing_genres,drop,genres=[]
movies_processed.csv,222461,missing_genres,drop,genres=[]
movies_processed.csv,222479,missing_genres,drop,genres=[]
movies_processed.csv,222505,missing_genres,drop,genres=[]
movies_processed.csv,222601,missing_genres,drop,genres=[]
movies_processed.csv,222641,missing_genres,drop,genres=[]
movies_processed.csv,222667,missing_genres,drop,genres=[]
movies_processed.csv,222687,missing_genres,drop,genres=[]
movies_processed.csv,222739,missing_genres,drop,genres=[]
movies_processed.csv,222765,missing_genres,drop,genres=[]
movies_processed.csv,222797,missing_genres,drop,genres=[]
movies_processed.csv,222849,missing_genres,drop,genres=[]
movies_processed.csv,222865,missing_genres,drop,genres=[]
movies_processed.csv,222873,missing_genres,drop,genres=[]
movies_processed.csv,222881,missing_genres,drop,genres=[]
movies_processed.csv,222913,missing_genres,drop,genres=[]
movies_processed.csv,223021,missing_genres,drop,genres=[]
movies_processed.csv,223075,missing_genres,drop,genres=[]
movies_processed.csv,223093,missing_genres,drop,genres=[]
movies_processed.csv,223115,missing_genres,drop,genres=[]
movies_processed.csv,223155,missing_genres,drop,genres=[]
movies_processed.csv,223159,missing_genres,drop,genres=[]
movies_processed.csv,223165,missing_genres,drop,genres=[]
movies_processed.csv,223193,missing_genres,drop,genres=[]
movies_processed.csv,223218,missing_genres,drop,genres=[]
movies_processed.csv,223226,missing_genres,drop,genres=[]
movies_processed.csv,223246,missing_genres,drop,genres=[]
movies_processed.csv,223250,missing_genres,drop,genres=[]
movies_processed.csv,223252,missing_genres,drop,genres=[]
movies_processed.csv,223290,missing_genres,drop,genres=[]
movies_processed.csv,223310,missing_genres,drop,genres=[]
movies_processed.csv,223318,missing_genres,drop,genres=[]
movies_processed.csv,223324,missing_genres,drop,genres=[]
movies_processed.csv,223596,missing_genres,drop,genres=[]
movies_processed.csv,223618,missing_genres,drop,genres=[]
movies_processed.csv,223646,missing_genres,drop,genres=[]
movies_processed.csv,223652,missing_genres,drop,genres=[]
movies_processed.csv,223656,missing_genres,drop,genres=[]
movies_processed.csv,223658,missing_genres,drop,genres=[]
movies_processed.csv,223660,missing_genres,drop,genres=[]
movies_processed.csv,223662,missing_genres,drop,genres=[]
movies_processed.csv,223674,missing_genres,drop,genres=[]
movies_processed.csv,223676,missing_genres,drop,genres=[]
movies_processed.csv,223678,missing_genres,drop,genres=[]
movies_processed.csv,223680,missing_genres,drop,genres=[]
movies_processed.csv,223686,missing_genres,drop,genres=[]
movies_processed.csv,223698,missing_genres,drop,genres=[]
movies_processed.csv,223742,missing_genres,drop,genres=[]
movies_processed.csv,223758,missing_genres,drop,genres=[]
movies_processed.csv,223762,missing_genres,drop,genres=[]
movies_processed.csv,223794,missing_genres,drop,genres=[]
movies_processed.csv,223796,missing_genres,drop,genres=[]
movies_processed.csv,223960,missing_genres,drop,genres=[]
movies_processed.csv,224050,missing_genres,drop,genres=[]
movies_processed.csv,224106,missing_genres,drop,genres=[]
movies_processed.csv,224230,missing_genres,drop,genres=[]
movies_processed.csv,224258,missing_genres,drop,genres=[]
movies_processed.csv,224308,missing_genres,drop,genres=[]
movies_processed.csv,224316,missing_genres,drop,genres=[]
movies_processed.csv,224318,missing_genres,drop,genres=[]
movies_processed.csv,224392,missing_genres,drop,genres=[]
movies_processed.csv,224419,missing_genres,drop,genres=[]
movies_processed.csv,224447,missing_genres,drop,genres=[]
movies_processed.csv,224531,missing_genres,drop,genres=[]
movies_processed.csv,224537,missing_genres,drop,genres=[]
movies_processed.csv,224547,missing_genres,drop,genres=[]
movies_processed.csv,224683,missing_genres,drop,genres=[]
movies_processed.csv,224689,missing_genres,drop,genres=[]
movies_processed.csv,224755,missing_genres,drop,genres=[]
movies_processed.csv,224775,missing_genres,drop,genres=[]
movies_processed.csv,224795,missing_genres,drop,genres=[]
movies_processed.csv,224797,missing_genres,drop,genres=[]
movies_processed.csv,224855,missing_genres,drop,genres=[]
movies_processed.csv,224951,missing_genres,drop,genres=[]
movies_processed.csv,224965,missing_genres,drop,genres=[]
movies_processed.csv,224981,missing_genres,drop,genres=[]
movies_processed.csv,224987,missing_genres,drop,genres=[]
movies_processed.csv,225127,missing_genres,drop,genres=[]
movies_processed.csv,225155,missing_genres,drop,genres=[]
movies_processed.csv,225209,missing_genres,drop,genres=[]
movies_processed.csv,225225,missing_genres,drop,genres=[]
movies_processed.csv,225257,missing_genres,drop,genres=[]
movies_processed.csv,225267,missing_genres,drop,genres=[]
movies_processed.csv,225383,missing_genres,drop,genres=[]
movies_processed.csv,225423,missing_genres,drop,genres=[]
movies_processed.csv,225425,missing_genres,drop,genres=[]
movies_processed.csv,225435,missing_genres,drop,genres=[]
movies_processed.csv,225437,missing_genres,drop,genres=[]
movies_processed.csv,225447,missing_genres,drop,genres=[]
movies_processed.csv,225453,missing_genres,drop,genres=[]
movies_processed.csv,225465,missing_genres,drop,genres=[]
movies_processed.csv,225491,missing_genres,drop,genres=[]
movies_processed.csv,225495,missing_genres,drop,genres=[]
movies_processed.csv,225511,missing_genres,drop,genres=[]
movies_processed.csv,225535,missing_genres,drop,genres=[]
movies_processed.csv,225539,missing_genres,drop,genres=[]
movies_processed.csv,225547,missing_genres,drop,genres=[]
movies_processed.csv,225553,missing_genres,drop,genres=[]
movies_processed.csv,225569,missing_genres,drop,genres=[]
movies_processed.csv,225571,missing_genres,drop,genres=[]
movies_processed.csv,225589,missing_genres,drop,genres=[]
movies_processed.csv,225609,missing_genres,drop,genres=[]
movies_processed.csv,225633,missing_genres,drop,genres=[]
movies_processed.csv,225655,missing_genres,drop,genres=[]
movies_processed.csv,225661,missing_genres,drop,genres=[]
movies_processed.csv,225667,missing_genres,drop,genres=[]
movies_processed.csv,225683,missing_genres,drop,genres=[]
movies_processed.csv,225713,missing_genres,drop,genres=[]
movies_processed.csv,225776,missing_genres,drop,genres=[]
movies_processed.csv,225894,missing_genres,drop,genres=[]
movies_processed.csv,225900,missing_genres,drop,genres=[]
movies_processed.csv,225924,missing_genres,drop,genres=[]
movies_processed.csv,225996,missing_genres,drop,genres=[]
movies_processed.csv,226010,missing_genres,drop,genres=[]
movies_processed.csv,226042,missing_genres,drop,genres=[]
movies_processed.csv,226076,missing_genres,drop,genres=[]
movies_processed.csv,226176,missing_genres,drop,genres=[]
movies_processed.csv,226264,missing_genres,drop,genres=[]
movies_processed.csv,226274,missing_genres,drop,genres=[]
movies_processed.csv,226292,missing_genres,drop,genres=[]
movies_processed.csv,226436,missing_genres,drop,genres=[]
movies_processed.csv,226464,missing_genres,drop,genres=[]
movies_processed.csv,226476,missing_genres,drop,genres=[]
movies_processed.csv,226478,missing_genres,drop,genres=[]
movies_processed.csv,226480,missing_genres,drop,genres=[]
movies_processed.csv,226590,missing_genres,drop,genres=[]
movies_processed.csv,226602,missing_genres,drop,genres=[]
movies_processed.csv,226650,missing_genres,drop,genres=[]
movies_processed.csv,226766,missing_genres,drop,genres=[]
movies_processed.csv,226800,missing_genres,drop,genres=[]
movies_processed.csv,226902,missing_genres,drop,genres=[]
movies_processed.csv,227004,missing_genres,drop,genres=[]
movies_processed.csv,227024,missing_genres,drop,genres=[]
movies_processed.csv,227054,missing_genres,drop,genres=[]
movies_processed.csv,227060,missing_genres,drop,genres=[]
movies_processed.csv,227078,missing_genres,drop,genres=[]
movies_processed.csv,227084,missing_genres,drop,genres=[]
movies_processed.csv,227216,missing_genres,drop,genres=[]
movies_processed.csv,227244,missing_genres,drop,genres=[]
movies_processed.csv,227270,missing_genres,drop,genres=[]
movies_processed.csv,227284,missing_genres,drop,genres=[]
movies_processed.csv,227288,missing_genres,drop,genres=[]
movies_processed.csv,227322,missing_genres,drop,genres=[]
movies_processed.csv,227332,missing_genres,drop,genres=[]
movies_processed.csv,227354,missing_genres,drop,genres=[]
movies_processed.csv,227398,missing_genres,drop,genres=[]
movies_processed.csv,227556,missing_genres,drop,genres=[]
movies_processed.csv,227779,missing_genres,drop,genres=[]
movies_processed.csv,227821,missing_genres,drop,genres=[]
movies_processed.csv,227901,missing_genres,drop,genres=[]
movies_processed.csv,227907,missing_genres,drop,genres=[]
movies_processed.csv,227955,missing_genres,drop,genres=[]
movies_processed.csv,228127,missing_genres,drop,genres=[]
movies_processed.csv,228193,missing_genres,drop,genres=[]
movies_processed.csv,228223,missing_genres,drop,genres=[]
movies_processed.csv,228241,missing_genres,drop,genres=[]
movies_processed.csv,228247,missing_genres,drop,genres=[]
movies_processed.csv,228265,missing_genres,drop,genres=[]
movies_processed.csv,228267,missing_genres,drop,genres=[]
movies_processed.csv,228279,missing_genres,drop,genres=[]
movies_processed.csv,228283,missing_genres,drop,genres=[]
movies_processed.csv,228285,missing_genres,drop,genres=[]
movies_processed.csv,228331,missing_genres,drop,genres=[]
movies_processed.csv,228401,missing_genres,drop,genres=[]
movies_processed.csv,228403,missing_genres,drop,genres=[]
movies_processed.csv,228415,missing_genres,drop,genres=[]
movies_processed.csv,228449,missing_genres,drop,genres=[]
movies_processed.csv,228515,missing_genres,drop,genres=[]
movies_processed.csv,228519,missing_genres,drop,genres=[]
movies_processed.csv,228523,missing_genres,drop,genres=[]
movies_processed.csv,228527,missing_genres,drop,genres=[]
movies_processed.csv,228589,missing_genres,drop,genres=[]
movies_processed.csv,228659,missing_genres,drop,genres=[]
movies_processed.csv,228737,missing_genres,drop,genres=[]
movies_processed.csv,228781,missing_genres,drop,genres=[]
movies_processed.csv,228793,missing_genres,drop,genres=[]
movies_processed.csv,228795,missing_genres,drop,genres=[]
movies_processed.csv,228799,missing_genres,drop,genres=[]
movies_processed.csv,228865,missing_genres,drop,genres=[]
movies_processed.csv,228897,missing_genres,drop,genres=[]
movies_processed.csv,228909,missing_genres,drop,genres=[]
movies_processed.csv,228995,missing_genres,drop,genres=[]
movies_processed.csv,228997,missing_genres,drop,genres=[]
movies_processed.csv,229053,missing_genres,drop,genres=[]
movies_processed.csv,229217,missing_genres,drop,genres=[]
movies_processed.csv,229225,missing_genres,drop,genres=[]
movies_processed.csv,229269,missing_genres,drop,genres=[]
movies_processed.csv,229271,missing_genres,drop,genres=[]
movies_processed.csv,229373,missing_genres,drop,genres=[]
movies_processed.csv,229403,missing_genres,drop,genres=[]
movies_processed.csv,229447,missing_genres,drop,genres=[]
movies_processed.csv,229503,missing_genres,drop,genres=[]
movies_processed.csv,229505,missing_genres,drop,genres=[]
movies_processed.csv,229513,missing_genres,drop,genres=[]
movies_processed.csv,229523,missing_genres,drop,genres=[]
movies_processed.csv,229611,missing_genres,drop,genres=[]
movies_processed.csv,229713,missing_genres,drop,genres=[]
movies_processed.csv,229815,missing_genres,drop,genres=[]
movies_processed.csv,229817,missing_genres,drop,genres=[]
movies_processed.csv,229889,missing_genres,drop,genres=[]
movies_processed.csv,229919,missing_genres,drop,genres=[]
movies_processed.csv,229925,missing_genres,drop,genres=[]
movies_processed.csv,230065,missing_genres,drop,genres=[]
movies_processed.csv,230101,missing_genres,drop,genres=[]
movies_processed.csv,230105,missing_genres,drop,genres=[]
movies_processed.csv,230187,missing_genres,drop,genres=[]
movies_processed.csv,230265,missing_genres,drop,genres=[]
movies_processed.csv,230395,missing_genres,drop,genres=[]
movies_processed.csv,230451,missing_genres,drop,genres=[]
movies_processed.csv,230467,missing_genres,drop,genres=[]
movies_processed.csv,230535,missing_genres,drop,genres=[]
movies_processed.csv,230539,missing_genres,drop,genres=[]
movies_processed.csv,230569,missing_genres,drop,genres=[]
movies_processed.csv,230597,missing_genres,drop,genres=[]
movies_processed.csv,230619,missing_genres,drop,genres=[]
movies_processed.csv,230637,missing_genres,drop,genres=[]
movies_processed.csv,230651,missing_genres,drop,genres=[]
movies_processed.csv,230665,missing_genres,drop,genres=[]
movies_processed.csv,230679,missing_genres,drop,genres=[]
movies_processed.csv,230713,missing_genres,drop,genres=[]
movies_processed.csv,230799,missing_genres,drop,genres=[]
movies_processed.csv,230809,missing_genres,drop,genres=[]
movies_processed.csv,230871,missing_genres,drop,genres=[]
movies_processed.csv,230885,missing_genres,drop,genres=[]
movies_processed.csv,231083,missing_genres,drop,genres=[]
movies_processed.csv,231101,missing_genres,drop,genres=[]
movies_processed.csv,231127,missing_genres,drop,genres=[]
movies_processed.csv,231129,missing_genres,drop,genres=[]
movies_processed.csv,231167,missing_genres,drop,genres=[]
movies_processed.csv,231231,missing_genres,drop,genres=[]
movies_processed.csv,231271,missing_genres,drop,genres=[]
movies_processed.csv,231597,missing_genres,drop,genres=[]
movies_processed.csv,231603,missing_genres,drop,genres=[]
movies_processed.csv,231675,missing_genres,drop,genres=[]
movies_processed.csv,231715,missing_genres,drop,genres=[]
movies_processed.csv,231855,missing_genres,drop,genres=[]
movies_processed.csv,231961,missing_genres,drop,genres=[]
movies_processed.csv,231989,missing_genres,drop,genres=[]
movies_processed.csv,232009,missing_genres,drop,genres=[]
movies_processed.csv,232045,missing_genres,drop,genres=[]
movies_processed.csv,232145,missing_genres,drop,genres=[]
movies_processed.csv,232287,missing_genres,drop,genres=[]
movies_processed.csv,232411,missing_genres,drop,genres=[]
movies_processed.csv,232413,missing_genres,drop,genres=[]
movies_processed.csv,232473,missing_genres,drop,genres=[]
movies_processed.csv,232651,missing_genres,drop,genres=[]
movies_processed.csv,232777,missing_genres,drop,genres=[]
movies_processed.csv,232891,missing_genres,drop,genres=[]
movies_processed.csv,232963,missing_genres,drop,genres=[]
movies_processed.csv,233115,missing_genres,drop,genres=[]
movies_processed.csv,233139,missing_genres,drop,genres=[]
movies_processed.csv,233167,missing_genres,drop,genres=[]
movies_processed.csv,233181,missing_genres,drop,genres=[]
movies_processed.csv,233189,missing_genres,drop,genres=[]
movies_processed.csv,233205,missing_genres,drop,genres=[]
movies_processed.csv,233391,missing_genres,drop,genres=[]
movies_processed.csv,233403,missing_genres,drop,genres=[]
movies_processed.csv,233409,missing_genres,drop,genres=[]
movies_processed.csv,233479,missing_genres,drop,genres=[]
movies_processed.csv,233535,missing_genres,drop,genres=[]
movies_processed.csv,233601,missing_genres,drop,genres=[]
movies_processed.csv,233603,missing_genres,drop,genres=[]
movies_processed.csv,233609,missing_genres,drop,genres=[]
movies_processed.csv,233617,missing_genres,drop,genres=[]
movies_processed.csv,233625,missing_genres,drop,genres=[]
movies_processed.csv,233643,missing_genres,drop,genres=[]
movies_processed.csv,233759,missing_genres,drop,genres=[]
movies_processed.csv,233815,missing_genres,drop,genres=[]
movies_processed.csv,233831,missing_genres,drop,genres=[]
movies_processed.csv,233907,missing_genres,drop,genres=[]
movies_processed.csv,234027,missing_genres,drop,genres=[]
movies_processed.csv,234081,missing_genres,drop,genres=[]
movies_processed.csv,234125,missing_genres,drop,genres=[]
movies_processed.csv,234251,missing_genres,drop,genres=[]
movies_processed.csv,234496,missing_genres,drop,genres=[]
movies_processed.csv,234522,missing_genres,drop,genres=[]
movies_processed.csv,234548,missing_genres,drop,genres=[]
movies_processed.csv,234577,missing_genres,drop,genres=[]
movies_processed.csv,234709,missing_genres,drop,genres=[]
movies_processed.csv,234837,missing_genres,drop,genres=[]
movies_processed.csv,234845,missing_genres,drop,genres=[]
movies_processed.csv,234903,missing_genres,drop,genres=[]
movies_processed.csv,234951,missing_genres,drop,genres=[]
movies_processed.csv,234973,missing_genres,drop,genres=[]
movies_processed.csv,234987,missing_genres,drop,genres=[]
movies_processed.csv,234989,missing_genres,drop,genres=[]
movies_processed.csv,235003,missing_genres,drop,genres=[]
movies_processed.csv,235027,missing_genres,drop,genres=[]
movies_processed.csv,235085,missing_genres,drop,genres=[]
movies_processed.csv,235137,missing_genres,drop,genres=[]
movies_processed.csv,235171,missing_genres,drop,genres=[]
movies_processed.csv,235179,missing_genres,drop,genres=[]
movies_processed.csv,235277,missing_genres,drop,genres=[]
movies_processed.csv,235281,missing_genres,drop,genres=[]
movies_processed.csv,235529,missing_genres,drop,genres=[]
movies_processed.csv,235567,missing_genres,drop,genres=[]
movies_processed.csv,235571,missing_genres,drop,genres=[]
movies_processed.csv,235779,missing_genres,drop,genres=[]
movies_processed.csv,235851,missing_genres,drop,genres=[]
movies_processed.csv,235887,missing_genres,drop,genres=[]
movies_processed.csv,235947,missing_genres,drop,genres=[]
movies_processed.csv,235995,missing_genres,drop,genres=[]
movies_processed.csv,235999,missing_genres,drop,genres=[]
movies_processed.csv,236007,missing_genres,drop,genres=[]
movies_processed.csv,236127,missing_genres,drop,genres=[]
movies_processed.csv,236199,missing_genres,drop,genres=[]
movies_processed.csv,236231,missing_genres,drop,genres=[]
movies_processed.csv,236249,missing_genres,drop,genres=[]
movies_processed.csv,236257,missing_genres,drop,genres=[]
movies_processed.csv,236337,missing_genres,drop,genres=[]
movies_processed.csv,236369,missing_genres,drop,genres=[]
movies_processed.csv,236621,missing_genres,drop,genres=[]
movies_processed.csv,236661,missing_genres,drop,genres=[]
movies_processed.csv,236729,missing_genres,drop,genres=[]
movies_processed.csv,236735,missing_genres,drop,genres=[]
movies_processed.csv,236831,missing_genres,drop,genres=[]
movies_processed.csv,236875,missing_genres,drop,genres=[]
movies_processed.csv,236943,missing_genres,drop,genres=[]
movies_processed.csv,236961,missing_genres,drop,genres=[]
movies_processed.csv,236969,missing_genres,drop,genres=[]
movies_processed.csv,236997,missing_genres,drop,genres=[]
movies_processed.csv,236999,missing_genres,drop,genres=[]
movies_processed.csv,237001,missing_genres,drop,genres=[]
movies_processed.csv,237105,missing_genres,drop,genres=[]
movies_processed.csv,237123,missing_genres,drop,genres=[]
movies_processed.csv,237131,missing_genres,drop,genres=[]
movies_processed.csv,237217,missing_genres,drop,genres=[]
movies_processed.csv,237232,missing_genres,drop,genres=[]
movies_processed.csv,237288,missing_genres,drop,genres=[]
movies_processed.csv,237386,missing_genres,drop,genres=[]
movies_processed.csv,237390,missing_genres,drop,genres=[]
movies_processed.csv,237514,missing_genres,drop,genres=[]
movies_processed.csv,237602,missing_genres,drop,genres=[]
movies_processed.csv,237606,missing_genres,drop,genres=[]
movies_processed.csv,237618,missing_genres,drop,genres=[]
movies_processed.csv,237630,missing_genres,drop,genres=[]
movies_processed.csv,237668,missing_genres,drop,genres=[]
movies_processed.csv,237670,missing_genres,drop,genres=[]
movies_processed.csv,237692,missing_genres,drop,genres=[]
movies_processed.csv,237750,missing_genres,drop,genres=[]
movies_processed.csv,237762,missing_genres,drop,genres=[]
movies_processed.csv,237764,missing_genres,drop,genres=[]
movies_processed.csv,237768,missing_genres,drop,genres=[]
movies_processed.csv,237814,missing_genres,drop,genres=[]
movies_processed.csv,237828,missing_genres,drop,genres=[]
movies_processed.csv,237834,missing_genres,drop,genres=[]
movies_processed.csv,237846,missing_genres,drop,genres=[]
movies_processed.csv,237854,missing_genres,drop,genres=[]
movies_processed.csv,237874,missing_genres,drop,genres=[]
movies_processed.csv,237900,missing_genres,drop,genres=[]
movies_processed.csv,237914,missing_genres,drop,genres=[]
movies_processed.csv,237918,missing_genres,drop,genres=[]
movies_processed.csv,237922,missing_genres,drop,genres=[]
movies_processed.csv,237928,missing_genres,drop,genres=[]
movies_processed.csv,237930,missing_genres,drop,genres=[]
movies_processed.csv,237960,missing_genres,drop,genres=[]
movies_processed.csv,237980,missing_genres,drop,genres=[]
movies_processed.csv,238008,missing_genres,drop,genres=[]
movies_processed.csv,238028,missing_genres,drop,genres=[]
movies_processed.csv,238060,missing_genres,drop,genres=[]
movies_processed.csv,238336,missing_genres,drop,genres=[]
movies_processed.csv,238494,missing_genres,drop,genres=[]
movies_processed.csv,238616,missing_genres,drop,genres=[]
movies_processed.csv,238768,missing_genres,drop,genres=[]
movies_processed.csv,238820,missing_genres,drop,genres=[]
movies_processed.csv,239094,missing_genres,drop,genres=[]
movies_processed.csv,239142,missing_genres,drop,genres=[]
movies_processed.csv,239152,missing_genres,drop,genres=[]
movies_processed.csv,239254,missing_genres,drop,genres=[]
movies_processed.csv,239314,missing_genres,drop,genres=[]
movies_processed.csv,239318,missing_genres,drop,genres=[]
movies_processed.csv,239358,missing_genres,drop,genres=[]
movies_processed.csv,239374,missing_genres,drop,genres=[]
movies_processed.csv,239436,missing_genres,drop,genres=[]
movies_processed.csv,239468,missing_genres,drop,genres=[]
movies_processed.csv,239480,missing_genres,drop,genres=[]
movies_processed.csv,239496,missing_genres,drop,genres=[]
movies_processed.csv,239498,missing_genres,drop,genres=[]
movies_processed.csv,239500,missing_genres,drop,genres=[]
movies_processed.csv,239506,missing_genres,drop,genres=[]
movies_processed.csv,239512,missing_genres,drop,genres=[]
movies_processed.csv,239514,missing_genres,drop,genres=[]
movies_processed.csv,239528,missing_genres,drop,genres=[]
movies_processed.csv,239550,missing_genres,drop,genres=[]
movies_processed.csv,239552,missing_genres,drop,genres=[]
movies_processed.csv,239558,missing_genres,drop,genres=[]
movies_processed.csv,239582,missing_genres,drop,genres=[]
movies_processed.csv,239610,missing_genres,drop,genres=[]
movies_processed.csv,239628,missing_genres,drop,genres=[]
movies_processed.csv,239690,missing_genres,drop,genres=[]
movies_processed.csv,239826,missing_genres,drop,genres=[]
movies_processed.csv,240122,missing_genres,drop,genres=[]
movies_processed.csv,240126,missing_genres,drop,genres=[]
movies_processed.csv,240130,missing_genres,drop,genres=[]
movies_processed.csv,240210,missing_genres,drop,genres=[]
movies_processed.csv,240290,missing_genres,drop,genres=[]
movies_processed.csv,240330,missing_genres,drop,genres=[]
movies_processed.csv,240372,missing_genres,drop,genres=[]
movies_processed.csv,240388,missing_genres,drop,genres=[]
movies_processed.csv,240400,missing_genres,drop,genres=[]
movies_processed.csv,240416,missing_genres,drop,genres=[]
movies_processed.csv,240488,missing_genres,drop,genres=[]
movies_processed.csv,240630,missing_genres,drop,genres=[]
movies_processed.csv,240668,missing_genres,drop,genres=[]
movies_processed.csv,240738,missing_genres,drop,genres=[]
movies_processed.csv,240876,missing_genres,drop,genres=[]
movies_processed.csv,240888,missing_genres,drop,genres=[]
movies_processed.csv,240896,missing_genres,drop,genres=[]
movies_processed.csv,240914,missing_genres,drop,genres=[]
movies_processed.csv,240970,missing_genres,drop,genres=[]
movies_processed.csv,241046,missing_genres,drop,genres=[]
movies_processed.csv,241054,missing_genres,drop,genres=[]
movies_processed.csv,241106,missing_genres,drop,genres=[]
movies_processed.csv,241116,missing_genres,drop,genres=[]
movies_processed.csv,241136,missing_genres,drop,genres=[]
movies_processed.csv,241154,missing_genres,drop,genres=[]
movies_processed.csv,241182,missing_genres,drop,genres=[]
movies_processed.csv,241286,missing_genres,drop,genres=[]
movies_processed.csv,241288,missing_genres,drop,genres=[]
movies_processed.csv,241290,missing_genres,drop,genres=[]
movies_processed.csv,241308,missing_genres,drop,genres=[]
movies_processed.csv,241330,missing_genres,drop,genres=[]
movies_processed.csv,241366,missing_genres,drop,genres=[]
movies_processed.csv,241382,missing_genres,drop,genres=[]
movies_processed.csv,241426,missing_genres,drop,genres=[]
movies_processed.csv,241444,missing_genres,drop,genres=[]
movies_processed.csv,241522,missing_genres,drop,genres=[]
movies_processed.csv,241530,missing_genres,drop,genres=[]
movies_processed.csv,241542,missing_genres,drop,genres=[]
movies_processed.csv,241600,missing_genres,drop,genres=[]
movies_processed.csv,241608,missing_genres,drop,genres=[]
movies_processed.csv,241654,missing_genres,drop,genres=[]
movies_processed.csv,241660,missing_genres,drop,genres=[]
movies_processed.csv,241670,missing_genres,drop,genres=[]
movies_processed.csv,241706,missing_genres,drop,genres=[]
movies_processed.csv,241720,missing_genres,drop,genres=[]
movies_processed.csv,242066,missing_genres,drop,genres=[]
movies_processed.csv,242164,missing_genres,drop,genres=[]
movies_processed.csv,242218,missing_genres,drop,genres=[]
movies_processed.csv,242234,missing_genres,drop,genres=[]
movies_processed.csv,242246,missing_genres,drop,genres=[]
movies_processed.csv,242274,missing_genres,drop,genres=[]
movies_processed.csv,242284,missing_genres,drop,genres=[]
movies_processed.csv,242398,missing_genres,drop,genres=[]
movies_processed.csv,242474,missing_genres,drop,genres=[]
movies_processed.csv,242500,missing_genres,drop,genres=[]
movies_processed.csv,242502,missing_genres,drop,genres=[]
movies_processed.csv,242616,missing_genres,drop,genres=[]
movies_processed.csv,242716,missing_genres,drop,genres=[]
movies_processed.csv,242770,missing_genres,drop,genres=[]
movies_processed.csv,242776,missing_genres,drop,genres=[]
movies_processed.csv,242818,missing_genres,drop,genres=[]
movies_processed.csv,242984,missing_genres,drop,genres=[]
movies_processed.csv,242986,missing_genres,drop,genres=[]
movies_processed.csv,243326,missing_genres,drop,genres=[]
movies_processed.csv,243334,missing_genres,drop,genres=[]
movies_processed.csv,243382,missing_genres,drop,genres=[]
movies_processed.csv,243484,missing_genres,drop,genres=[]
movies_processed.csv,243600,missing_genres,drop,genres=[]
movies_processed.csv,243802,missing_genres,drop,genres=[]
movies_processed.csv,243830,missing_genres,drop,genres=[]
movies_processed.csv,243840,missing_genres,drop,genres=[]
movies_processed.csv,243942,missing_genres,drop,genres=[]
movies_processed.csv,244024,missing_genres,drop,genres=[]
movies_processed.csv,244042,missing_genres,drop,genres=[]
movies_processed.csv,244112,missing_genres,drop,genres=[]
movies_processed.csv,244314,missing_genres,drop,genres=[]
movies_processed.csv,244336,missing_genres,drop,genres=[]
movies_processed.csv,244462,missing_genres,drop,genres=[]
movies_processed.csv,244466,missing_genres,drop,genres=[]
movies_processed.csv,244478,missing_genres,drop,genres=[]
movies_processed.csv,244506,missing_genres,drop,genres=[]
movies_processed.csv,244538,missing_genres,drop,genres=[]
movies_processed.csv,244546,missing_genres,drop,genres=[]
movies_processed.csv,244560,missing_genres,drop,genres=[]
movies_processed.csv,244666,missing_genres,drop,genres=[]
movies_processed.csv,244708,missing_genres,drop,genres=[]
movies_processed.csv,244718,missing_genres,drop,genres=[]
movies_processed.csv,244860,missing_genres,drop,genres=[]
movies_processed.csv,244896,missing_genres,drop,genres=[]
movies_processed.csv,244898,missing_genres,drop,genres=[]
movies_processed.csv,244910,missing_genres,drop,genres=[]
movies_processed.csv,245138,missing_genres,drop,genres=[]
movies_processed.csv,245142,missing_genres,drop,genres=[]
movies_processed.csv,245146,missing_genres,drop,genres=[]
movies_processed.csv,245276,missing_genres,drop,genres=[]
movies_processed.csv,245314,missing_genres,drop,genres=[]
movies_processed.csv,245326,missing_genres,drop,genres=[]
movies_processed.csv,245340,missing_genres,drop,genres=[]
movies_processed.csv,245372,missing_genres,drop,genres=[]
movies_processed.csv,245450,missing_genres,drop,genres=[]
movies_processed.csv,245452,missing_genres,drop,genres=[]
movies_processed.csv,245456,missing_genres,drop,genres=[]
movies_processed.csv,245514,missing_genres,drop,genres=[]
movies_processed.csv,245560,missing_genres,drop,genres=[]
movies_processed.csv,245568,missing_genres,drop,genres=[]
movies_processed.csv,245620,missing_genres,drop,genres=[]
movies_processed.csv,245808,missing_genres,drop,genres=[]
movies_processed.csv,245904,missing_genres,drop,genres=[]
movies_processed.csv,245936,missing_genres,drop,genres=[]
movies_processed.csv,245942,missing_genres,drop,genres=[]
movies_processed.csv,245944,missing_genres,drop,genres=[]
movies_processed.csv,245946,missing_genres,drop,genres=[]
movies_processed.csv,245948,missing_genres,drop,genres=[]
movies_processed.csv,245986,missing_genres,drop,genres=[]
movies_processed.csv,245988,missing_genres,drop,genres=[]
movies_processed.csv,246044,missing_genres,drop,genres=[]
movies_processed.csv,246048,missing_genres,drop,genres=[]
movies_processed.csv,246074,missing_genres,drop,genres=[]
movies_processed.csv,246086,missing_genres,drop,genres=[]
movies_processed.csv,246126,missing_genres,drop,genres=[]
movies_processed.csv,246294,missing_genres,drop,genres=[]
movies_processed.csv,246300,missing_genres,drop,genres=[]
movies_processed.csv,246302,missing_genres,drop,genres=[]
movies_processed.csv,246384,missing_genres,drop,genres=[]
movies_processed.csv,246454,missing_genres,drop,genres=[]
movies_processed.csv,246464,missing_genres,drop,genres=[]
movies_processed.csv,246644,missing_genres,drop,genres=[]
movies_processed.csv,246702,missing_genres,drop,genres=[]
movies_processed.csv,246786,missing_genres,drop,genres=[]
movies_processed.csv,246804,missing_genres,drop,genres=[]
movies_processed.csv,246854,missing_genres,drop,genres=[]
movies_processed.csv,246944,missing_genres,drop,genres=[]
movies_processed.csv,247164,missing_genres,drop,genres=[]
movies_processed.csv,247294,missing_genres,drop,genres=[]
movies_processed.csv,247300,missing_genres,drop,genres=[]
movies_processed.csv,247304,missing_genres,drop,genres=[]
movies_processed.csv,247308,missing_genres,drop,genres=[]
movies_processed.csv,247310,missing_genres,drop,genres=[]
movies_processed.csv,247312,missing_genres,drop,genres=[]
movies_processed.csv,247320,missing_genres,drop,genres=[]
movies_processed.csv,247374,missing_genres,drop,genres=[]
movies_processed.csv,247468,missing_genres,drop,genres=[]
movies_processed.csv,247492,missing_genres,drop,genres=[]
movies_processed.csv,247660,missing_genres,drop,genres=[]
movies_processed.csv,247674,missing_genres,drop,genres=[]
movies_processed.csv,247700,missing_genres,drop,genres=[]
movies_processed.csv,247776,missing_genres,drop,genres=[]
movies_processed.csv,247786,missing_genres,drop,genres=[]
movies_processed.csv,247918,missing_genres,drop,genres=[]
movies_processed.csv,247982,missing_genres,drop,genres=[]
movies_processed.csv,248028,missing_genres,drop,genres=[]
movies_processed.csv,248050,missing_genres,drop,genres=[]
movies_processed.csv,248106,missing_genres,drop,genres=[]
movies_processed.csv,248114,missing_genres,drop,genres=[]
movies_processed.csv,248126,missing_genres,drop,genres=[]
movies_processed.csv,248128,missing_genres,drop,genres=[]
movies_processed.csv,248192,missing_genres,drop,genres=[]
movies_processed.csv,248212,missing_genres,drop,genres=[]
movies_processed.csv,248214,missing_genres,drop,genres=[]
movies_processed.csv,248218,missing_genres,drop,genres=[]
movies_processed.csv,248226,missing_genres,drop,genres=[]
movies_processed.csv,248228,missing_genres,drop,genres=[]
movies_processed.csv,248316,missing_genres,drop,genres=[]
movies_processed.csv,248332,missing_genres,drop,genres=[]
movies_processed.csv,248440,missing_genres,drop,genres=[]
movies_processed.csv,248476,missing_genres,drop,genres=[]
movies_processed.csv,248524,missing_genres,drop,genres=[]
movies_processed.csv,248550,missing_genres,drop,genres=[]
movies_processed.csv,248698,missing_genres,drop,genres=[]
movies_processed.csv,248764,missing_genres,drop,genres=[]
movies_processed.csv,248842,missing_genres,drop,genres=[]
movies_processed.csv,248888,missing_genres,drop,genres=[]
movies_processed.csv,248898,missing_genres,drop,genres=[]
movies_processed.csv,248900,missing_genres,drop,genres=[]
movies_processed.csv,248906,missing_genres,drop,genres=[]
movies_processed.csv,248908,missing_genres,drop,genres=[]
movies_processed.csv,248920,missing_genres,drop,genres=[]
movies_processed.csv,248926,missing_genres,drop,genres=[]
movies_processed.csv,248968,missing_genres,drop,genres=[]
movies_processed.csv,249346,missing_genres,drop,genres=[]
movies_processed.csv,249350,missing_genres,drop,genres=[]
movies_processed.csv,249404,missing_genres,drop,genres=[]
movies_processed.csv,249438,missing_genres,drop,genres=[]
movies_processed.csv,249672,missing_genres,drop,genres=[]
movies_processed.csv,249678,missing_genres,drop,genres=[]
movies_processed.csv,249880,missing_genres,drop,genres=[]
movies_processed.csv,249954,missing_genres,drop,genres=[]
movies_processed.csv,249972,missing_genres,drop,genres=[]
movies_processed.csv,249996,missing_genres,drop,genres=[]
movies_processed.csv,250002,missing_genres,drop,genres=[]
movies_processed.csv,250026,missing_genres,drop,genres=[]
movies_processed.csv,250274,missing_genres,drop,genres=[]
movies_processed.csv,250332,missing_genres,drop,genres=[]
movies_processed.csv,250374,missing_genres,drop,genres=[]
movies_processed.csv,250412,missing_genres,drop,genres=[]
movies_processed.csv,250544,missing_genres,drop,genres=[]
movies_processed.csv,250644,missing_genres,drop,genres=[]
movies_processed.csv,250706,missing_genres,drop,genres=[]
movies_processed.csv,250830,missing_genres,drop,genres=[]
movies_processed.csv,250976,missing_genres,drop,genres=[]
movies_processed.csv,251048,missing_genres,drop,genres=[]
movies_processed.csv,251056,missing_genres,drop,genres=[]
movies_processed.csv,251190,missing_genres,drop,genres=[]
movies_processed.csv,251342,missing_genres,drop,genres=[]
movies_processed.csv,251482,missing_genres,drop,genres=[]
movies_processed.csv,251664,missing_genres,drop,genres=[]
movies_processed.csv,251676,missing_genres,drop,genres=[]
movies_processed.csv,251698,missing_genres,drop,genres=[]
movies_processed.csv,251738,missing_genres,drop,genres=[]
movies_processed.csv,251740,missing_genres,drop,genres=[]
movies_processed.csv,251752,missing_genres,drop,genres=[]
movies_processed.csv,251754,missing_genres,drop,genres=[]
movies_processed.csv,251760,missing_genres,drop,genres=[]
movies_processed.csv,251808,missing_genres,drop,genres=[]
movies_processed.csv,251810,missing_genres,drop,genres=[]
movies_processed.csv,251816,missing_genres,drop,genres=[]
movies_processed.csv,251824,missing_genres,drop,genres=[]
movies_processed.csv,251828,missing_genres,drop,genres=[]
movies_processed.csv,251844,missing_genres,drop,genres=[]
movies_processed.csv,251846,missing_genres,drop,genres=[]
movies_processed.csv,251858,missing_genres,drop,genres=[]
movies_processed.csv,251876,missing_genres,drop,genres=[]
movies_processed.csv,252474,missing_genres,drop,genres=[]
movies_processed.csv,252532,missing_genres,drop,genres=[]
movies_processed.csv,252788,missing_genres,drop,genres=[]
movies_processed.csv,252828,missing_genres,drop,genres=[]
movies_processed.csv,252896,missing_genres,drop,genres=[]
movies_processed.csv,252898,missing_genres,drop,genres=[]
movies_processed.csv,252926,missing_genres,drop,genres=[]
movies_processed.csv,252982,missing_genres,drop,genres=[]
movies_processed.csv,252986,missing_genres,drop,genres=[]
movies_processed.csv,253120,missing_genres,drop,genres=[]
movies_processed.csv,253186,missing_genres,drop,genres=[]
movies_processed.csv,253194,missing_genres,drop,genres=[]
movies_processed.csv,253492,missing_genres,drop,genres=[]
movies_processed.csv,253538,missing_genres,drop,genres=[]
movies_processed.csv,253580,missing_genres,drop,genres=[]
movies_processed.csv,253698,missing_genres,drop,genres=[]
movies_processed.csv,253740,missing_genres,drop,genres=[]
movies_processed.csv,253778,missing_genres,drop,genres=[]
movies_processed.csv,253808,missing_genres,drop,genres=[]
movies_processed.csv,253822,missing_genres,drop,genres=[]
movies_processed.csv,253832,missing_genres,drop,genres=[]
movies_processed.csv,253936,missing_genres,drop,genres=[]
movies_processed.csv,253944,missing_genres,drop,genres=[]
movies_processed.csv,253982,missing_genres,drop,genres=[]
movies_processed.csv,254080,missing_genres,drop,genres=[]
movies_processed.csv,254134,missing_genres,drop,genres=[]
movies_processed.csv,254388,missing_genres,drop,genres=[]
movies_processed.csv,254476,missing_genres,drop,genres=[]
movies_processed.csv,254508,missing_genres,drop,genres=[]
movies_processed.csv,254520,missing_genres,drop,genres=[]
movies_processed.csv,254678,missing_genres,drop,genres=[]
movies_processed.csv,254792,missing_genres,drop,genres=[]
movies_processed.csv,255017,missing_genres,drop,genres=[]
movies_processed.csv,255091,missing_genres,drop,genres=[]
movies_processed.csv,255677,missing_genres,drop,genres=[]
movies_processed.csv,255689,missing_genres,drop,genres=[]
movies_processed.csv,255697,missing_genres,drop,genres=[]
movies_processed.csv,256029,missing_genres,drop,genres=[]
movies_processed.csv,256055,missing_genres,drop,genres=[]
movies_processed.csv,256217,missing_genres,drop,genres=[]
movies_processed.csv,256221,missing_genres,drop,genres=[]
movies_processed.csv,256317,missing_genres,drop,genres=[]
movies_processed.csv,256365,missing_genres,drop,genres=[]
movies_processed.csv,256409,missing_genres,drop,genres=[]
movies_processed.csv,256509,missing_genres,drop,genres=[]
movies_processed.csv,256625,missing_genres,drop,genres=[]
movies_processed.csv,256709,missing_genres,drop,genres=[]
movies_processed.csv,256797,missing_genres,drop,genres=[]
movies_processed.csv,256805,missing_genres,drop,genres=[]
movies_processed.csv,256807,missing_genres,drop,genres=[]
movies_processed.csv,256953,missing_genres,drop,genres=[]
movies_processed.csv,257091,missing_genres,drop,genres=[]
movies_processed.csv,257247,missing_genres,drop,genres=[]
movies_processed.csv,257285,missing_genres,drop,genres=[]
movies_processed.csv,257315,missing_genres,drop,genres=[]
movies_processed.csv,257635,missing_genres,drop,genres=[]
movies_processed.csv,257643,missing_genres,drop,genres=[]
movies_processed.csv,257733,missing_genres,drop,genres=[]
movies_processed.csv,257735,missing_genres,drop,genres=[]
movies_processed.csv,257737,missing_genres,drop,genres=[]
movies_processed.csv,257849,missing_genres,drop,genres=[]
movies_processed.csv,258007,missing_genres,drop,genres=[]
movies_processed.csv,258019,missing_genres,drop,genres=[]
movies_processed.csv,258041,missing_genres,drop,genres=[]
movies_processed.csv,258057,missing_genres,drop,genres=[]
movies_processed.csv,258107,missing_genres,drop,genres=[]
movies_processed.csv,258215,missing_genres,drop,genres=[]
movies_processed.csv,258237,missing_genres,drop,genres=[]
movies_processed.csv,258261,missing_genres,drop,genres=[]
movies_processed.csv,258351,missing_genres,drop,genres=[]
movies_processed.csv,258589,missing_genres,drop,genres=[]
movies_processed.csv,258615,missing_genres,drop,genres=[]
movies_processed.csv,258675,missing_genres,drop,genres=[]
movies_processed.csv,258869,missing_genres,drop,genres=[]
movies_processed.csv,258873,missing_genres,drop,genres=[]
movies_processed.csv,258877,missing_genres,drop,genres=[]
movies_processed.csv,258937,missing_genres,drop,genres=[]
movies_processed.csv,258951,missing_genres,drop,genres=[]
movies_processed.csv,258953,missing_genres,drop,genres=[]
movies_processed.csv,258955,missing_genres,drop,genres=[]
movies_processed.csv,258957,missing_genres,drop,genres=[]
movies_processed.csv,259011,missing_genres,drop,genres=[]
movies_processed.csv,259271,missing_genres,drop,genres=[]
movies_processed.csv,259325,missing_genres,drop,genres=[]
movies_processed.csv,259349,missing_genres,drop,genres=[]
movies_processed.csv,259353,missing_genres,drop,genres=[]
movies_processed.csv,259389,missing_genres,drop,genres=[]
movies_processed.csv,259711,missing_genres,drop,genres=[]
movies_processed.csv,259741,missing_genres,drop,genres=[]
movies_processed.csv,259837,missing_genres,drop,genres=[]
movies_processed.csv,259843,missing_genres,drop,genres=[]
movies_processed.csv,259845,missing_genres,drop,genres=[]
movies_processed.csv,259861,missing_genres,drop,genres=[]
movies_processed.csv,259951,missing_genres,drop,genres=[]
movies_processed.csv,259995,missing_genres,drop,genres=[]
movies_processed.csv,260043,missing_genres,drop,genres=[]
movies_processed.csv,260069,missing_genres,drop,genres=[]
movies_processed.csv,260091,missing_genres,drop,genres=[]
movies_processed.csv,260097,missing_genres,drop,genres=[]
movies_processed.csv,260099,missing_genres,drop,genres=[]
movies_processed.csv,260159,missing_genres,drop,genres=[]
movies_processed.csv,260167,missing_genres,drop,genres=[]
movies_processed.csv,260203,missing_genres,drop,genres=[]
movies_processed.csv,260475,missing_genres,drop,genres=[]
movies_processed.csv,260485,missing_genres,drop,genres=[]
movies_processed.csv,260531,missing_genres,drop,genres=[]
movies_processed.csv,260539,missing_genres,drop,genres=[]
movies_processed.csv,260555,missing_genres,drop,genres=[]
movies_processed.csv,260565,missing_genres,drop,genres=[]
movies_processed.csv,260577,missing_genres,drop,genres=[]
movies_processed.csv,260589,missing_genres,drop,genres=[]
movies_processed.csv,260753,missing_genres,drop,genres=[]
movies_processed.csv,260757,missing_genres,drop,genres=[]
movies_processed.csv,260771,missing_genres,drop,genres=[]
movies_processed.csv,260785,missing_genres,drop,genres=[]
movies_processed.csv,260925,missing_genres,drop,genres=[]
movies_processed.csv,260961,missing_genres,drop,genres=[]
movies_processed.csv,260991,missing_genres,drop,genres=[]
movies_processed.csv,261005,missing_genres,drop,genres=[]
movies_processed.csv,261069,missing_genres,drop,genres=[]
movies_processed.csv,261143,missing_genres,drop,genres=[]
movies_processed.csv,261157,missing_genres,drop,genres=[]
movies_processed.csv,261239,missing_genres,drop,genres=[]
movies_processed.csv,261305,missing_genres,drop,genres=[]
movies_processed.csv,261453,missing_genres,drop,genres=[]
movies_processed.csv,261473,missing_genres,drop,genres=[]
movies_processed.csv,261527,missing_genres,drop,genres=[]
movies_processed.csv,261671,missing_genres,drop,genres=[]
movies_processed.csv,261775,missing_genres,drop,genres=[]
movies_processed.csv,261857,missing_genres,drop,genres=[]
movies_processed.csv,261951,missing_genres,drop,genres=[]
movies_processed.csv,261989,missing_genres,drop,genres=[]
movies_processed.csv,262031,missing_genres,drop,genres=[]
movies_processed.csv,262039,missing_genres,drop,genres=[]
movies_processed.csv,262117,missing_genres,drop,genres=[]
movies_processed.csv,262149,missing_genres,drop,genres=[]
movies_processed.csv,262193,missing_genres,drop,genres=[]
movies_processed.csv,262347,missing_genres,drop,genres=[]
movies_processed.csv,262371,missing_genres,drop,genres=[]
movies_processed.csv,262423,missing_genres,drop,genres=[]
movies_processed.csv,262505,missing_genres,drop,genres=[]
movies_processed.csv,262517,missing_genres,drop,genres=[]
movies_processed.csv,262521,missing_genres,drop,genres=[]
movies_processed.csv,262623,missing_genres,drop,genres=[]
movies_processed.csv,262625,missing_genres,drop,genres=[]
movies_processed.csv,262627,missing_genres,drop,genres=[]
movies_processed.csv,262629,missing_genres,drop,genres=[]
movies_processed.csv,262631,missing_genres,drop,genres=[]
movies_processed.csv,262633,missing_genres,drop,genres=[]
movies_processed.csv,262635,missing_genres,drop,genres=[]
movies_processed.csv,262637,missing_genres,drop,genres=[]
movies_processed.csv,262639,missing_genres,drop,genres=[]
movies_processed.csv,262641,missing_genres,drop,genres=[]
movies_processed.csv,262643,missing_genres,drop,genres=[]
movies_processed.csv,262645,missing_genres,drop,genres=[]
movies_processed.csv,262647,missing_genres,drop,genres=[]
movies_processed.csv,262649,missing_genres,drop,genres=[]
movies_processed.csv,262651,missing_genres,drop,genres=[]
movies_processed.csv,262653,missing_genres,drop,genres=[]
movies_processed.csv,262673,missing_genres,drop,genres=[]
movies_processed.csv,262677,missing_genres,drop,genres=[]
movies_processed.csv,262751,missing_genres,drop,genres=[]
movies_processed.csv,262753,missing_genres,drop,genres=[]
movies_processed.csv,262765,missing_genres,drop,genres=[]
movies_processed.csv,262827,missing_genres,drop,genres=[]
movies_processed.csv,262995,missing_genres,drop,genres=[]
movies_processed.csv,263041,missing_genres,drop,genres=[]
movies_processed.csv,263125,missing_genres,drop,genres=[]
movies_processed.csv,263151,missing_genres,drop,genres=[]
movies_processed.csv,263153,missing_genres,drop,genres=[]
movies_processed.csv,263357,missing_genres,drop,genres=[]
movies_processed.csv,263359,missing_genres,drop,genres=[]
movies_processed.csv,263393,missing_genres,drop,genres=[]
movies_processed.csv,263413,missing_genres,drop,genres=[]
movies_processed.csv,263501,missing_genres,drop,genres=[]
movies_processed.csv,263535,missing_genres,drop,genres=[]
movies_processed.csv,263849,missing_genres,drop,genres=[]
movies_processed.csv,263909,missing_genres,drop,genres=[]
movies_processed.csv,263963,missing_genres,drop,genres=[]
movies_processed.csv,264019,missing_genres,drop,genres=[]
movies_processed.csv,264055,missing_genres,drop,genres=[]
movies_processed.csv,264101,missing_genres,drop,genres=[]
movies_processed.csv,264119,missing_genres,drop,genres=[]
movies_processed.csv,264125,missing_genres,drop,genres=[]
movies_processed.csv,264137,missing_genres,drop,genres=[]
movies_processed.csv,264295,missing_genres,drop,genres=[]
movies_processed.csv,264380,missing_genres,drop,genres=[]
movies_processed.csv,264392,missing_genres,drop,genres=[]
movies_processed.csv,264414,missing_genres,drop,genres=[]
movies_processed.csv,264492,missing_genres,drop,genres=[]
movies_processed.csv,264598,missing_genres,drop,genres=[]
movies_processed.csv,264662,missing_genres,drop,genres=[]
movies_processed.csv,264724,missing_genres,drop,genres=[]
movies_processed.csv,264766,missing_genres,drop,genres=[]
movies_processed.csv,264922,missing_genres,drop,genres=[]
movies_processed.csv,264948,missing_genres,drop,genres=[]
movies_processed.csv,264956,missing_genres,drop,genres=[]
movies_processed.csv,264964,missing_genres,drop,genres=[]
movies_processed.csv,264966,missing_genres,drop,genres=[]
movies_processed.csv,264968,missing_genres,drop,genres=[]
movies_processed.csv,264970,missing_genres,drop,genres=[]
movies_processed.csv,264972,missing_genres,drop,genres=[]
movies_processed.csv,264978,missing_genres,drop,genres=[]
movies_processed.csv,264982,missing_genres,drop,genres=[]
movies_processed.csv,264984,missing_genres,drop,genres=[]
movies_processed.csv,264986,missing_genres,drop,genres=[]
movies_processed.csv,265006,missing_genres,drop,genres=[]
movies_processed.csv,265034,missing_genres,drop,genres=[]
movies_processed.csv,265062,missing_genres,drop,genres=[]
movies_processed.csv,265076,missing_genres,drop,genres=[]
movies_processed.csv,265090,missing_genres,drop,genres=[]
movies_processed.csv,265302,missing_genres,drop,genres=[]
movies_processed.csv,265306,missing_genres,drop,genres=[]
movies_processed.csv,265364,missing_genres,drop,genres=[]
movies_processed.csv,265372,missing_genres,drop,genres=[]
movies_processed.csv,265400,missing_genres,drop,genres=[]
movies_processed.csv,265440,missing_genres,drop,genres=[]
movies_processed.csv,265542,missing_genres,drop,genres=[]
movies_processed.csv,265546,missing_genres,drop,genres=[]
movies_processed.csv,265558,missing_genres,drop,genres=[]
movies_processed.csv,265770,missing_genres,drop,genres=[]
movies_processed.csv,265802,missing_genres,drop,genres=[]
movies_processed.csv,265874,missing_genres,drop,genres=[]
movies_processed.csv,266040,missing_genres,drop,genres=[]
movies_processed.csv,266206,missing_genres,drop,genres=[]
movies_processed.csv,266258,missing_genres,drop,genres=[]
movies_processed.csv,266270,missing_genres,drop,genres=[]
movies_processed.csv,266310,missing_genres,drop,genres=[]
movies_processed.csv,266364,missing_genres,drop,genres=[]
movies_processed.csv,266382,missing_genres,drop,genres=[]
movies_processed.csv,266404,missing_genres,drop,genres=[]
movies_processed.csv,266470,missing_genres,drop,genres=[]
movies_processed.csv,266664,missing_genres,drop,genres=[]
movies_processed.csv,266922,missing_genres,drop,genres=[]
movies_processed.csv,267006,missing_genres,drop,genres=[]
movies_processed.csv,267182,missing_genres,drop,genres=[]
movies_processed.csv,267228,missing_genres,drop,genres=[]
movies_processed.csv,267382,missing_genres,drop,genres=[]
movies_processed.csv,267392,missing_genres,drop,genres=[]
movies_processed.csv,267420,missing_genres,drop,genres=[]
movies_processed.csv,267506,missing_genres,drop,genres=[]
movies_processed.csv,267532,missing_genres,drop,genres=[]
movies_processed.csv,267536,missing_genres,drop,genres=[]
movies_processed.csv,267732,missing_genres,drop,genres=[]
movies_processed.csv,267920,missing_genres,drop,genres=[]
movies_processed.csv,267952,missing_genres,drop,genres=[]
movies_processed.csv,267954,missing_genres,drop,genres=[]
movies_processed.csv,267958,missing_genres,drop,genres=[]
movies_processed.csv,267986,missing_genres,drop,genres=[]
movies_processed.csv,267992,missing_genres,drop,genres=[]
movies_processed.csv,268004,missing_genres,drop,genres=[]
movies_processed.csv,268016,missing_genres,drop,genres=[]
movies_processed.csv,268022,missing_genres,drop,genres=[]
movies_processed.csv,268024,missing_genres,drop,genres=[]
movies_processed.csv,268028,missing_genres,drop,genres=[]
movies_processed.csv,268030,missing_genres,drop,genres=[]
movies_processed.csv,268034,missing_genres,drop,genres=[]
movies_processed.csv,268118,missing_genres,drop,genres=[]
movies_processed.csv,268180,missing_genres,drop,genres=[]
movies_processed.csv,268182,missing_genres,drop,genres=[]
movies_processed.csv,268188,missing_genres,drop,genres=[]
movies_processed.csv,268206,missing_genres,drop,genres=[]
movies_processed.csv,268212,missing_genres,drop,genres=[]
movies_processed.csv,268238,missing_genres,drop,genres=[]
movies_processed.csv,268256,missing_genres,drop,genres=[]
movies_processed.csv,268260,missing_genres,drop,genres=[]
movies_processed.csv,268330,missing_genres,drop,genres=[]
movies_processed.csv,268334,missing_genres,drop,genres=[]
movies_processed.csv,268336,missing_genres,drop,genres=[]
movies_processed.csv,268368,missing_genres,drop,genres=[]
movies_processed.csv,268540,missing_genres,drop,genres=[]
movies_processed.csv,268546,missing_genres,drop,genres=[]
movies_processed.csv,268566,missing_genres,drop,genres=[]
movies_processed.csv,268704,missing_genres,drop,genres=[]
movies_processed.csv,268708,missing_genres,drop,genres=[]
movies_processed.csv,268760,missing_genres,drop,genres=[]
movies_processed.csv,268768,missing_genres,drop,genres=[]
movies_processed.csv,268968,missing_genres,drop,genres=[]
movies_processed.csv,269058,missing_genres,drop,genres=[]
movies_processed.csv,269072,missing_genres,drop,genres=[]
movies_processed.csv,269312,missing_genres,drop,genres=[]
movies_processed.csv,269316,missing_genres,drop,genres=[]
movies_processed.csv,269336,missing_genres,drop,genres=[]
movies_processed.csv,269350,missing_genres,drop,genres=[]
movies_processed.csv,269358,missing_genres,drop,genres=[]
movies_processed.csv,269508,missing_genres,drop,genres=[]
movies_processed.csv,269512,missing_genres,drop,genres=[]
movies_processed.csv,269778,missing_genres,drop,genres=[]
movies_processed.csv,269812,missing_genres,drop,genres=[]
movies_processed.csv,269982,missing_genres,drop,genres=[]
movies_processed.csv,269984,missing_genres,drop,genres=[]
movies_processed.csv,270032,missing_genres,drop,genres=[]
movies_processed.csv,270160,missing_genres,drop,genres=[]
movies_processed.csv,270220,missing_genres,drop,genres=[]
movies_processed.csv,270234,missing_genres,drop,genres=[]
movies_processed.csv,270252,missing_genres,drop,genres=[]
movies_processed.csv,270262,missing_genres,drop,genres=[]
movies_processed.csv,270278,missing_genres,drop,genres=[]
movies_processed.csv,270292,missing_genres,drop,genres=[]
movies_processed.csv,270312,missing_genres,drop,genres=[]
movies_processed.csv,270370,missing_genres,drop,genres=[]
movies_processed.csv,270374,missing_genres,drop,genres=[]
movies_processed.csv,270452,missing_genres,drop,genres=[]
movies_processed.csv,270500,missing_genres,drop,genres=[]
movies_processed.csv,270504,missing_genres,drop,genres=[]
movies_processed.csv,270654,missing_genres,drop,genres=[]
movies_processed.csv,270734,missing_genres,drop,genres=[]
movies_processed.csv,270798,missing_genres,drop,genres=[]
movies_processed.csv,270814,missing_genres,drop,genres=[]
movies_processed.csv,270862,missing_genres,drop,genres=[]
movies_processed.csv,270920,missing_genres,drop,genres=[]
movies_processed.csv,270930,missing_genres,drop,genres=[]
movies_processed.csv,270994,missing_genres,drop,genres=[]
movies_processed.csv,271437,missing_genres,drop,genres=[]
movies_processed.csv,271461,missing_genres,drop,genres=[]
movies_processed.csv,271473,missing_genres,drop,genres=[]
movies_processed.csv,271511,missing_genres,drop,genres=[]
movies_processed.csv,271597,missing_genres,drop,genres=[]
movies_processed.csv,271621,missing_genres,drop,genres=[]
movies_processed.csv,271747,missing_genres,drop,genres=[]
movies_processed.csv,272065,missing_genres,drop,genres=[]
movies_processed.csv,272117,missing_genres,drop,genres=[]
movies_processed.csv,272143,missing_genres,drop,genres=[]
movies_processed.csv,272203,missing_genres,drop,genres=[]
movies_processed.csv,272219,missing_genres,drop,genres=[]
movies_processed.csv,272485,missing_genres,drop,genres=[]
movies_processed.csv,272533,missing_genres,drop,genres=[]
movies_processed.csv,272539,missing_genres,drop,genres=[]
movies_processed.csv,272545,missing_genres,drop,genres=[]
movies_processed.csv,272569,missing_genres,drop,genres=[]
movies_processed.csv,272577,missing_genres,drop,genres=[]
movies_processed.csv,272579,missing_genres,drop,genres=[]
movies_processed.csv,272595,missing_genres,drop,genres=[]
movies_processed.csv,272597,missing_genres,drop,genres=[]
movies_processed.csv,272639,missing_genres,drop,genres=[]
movies_processed.csv,272825,missing_genres,drop,genres=[]
movies_processed.csv,272837,missing_genres,drop,genres=[]
movies_processed.csv,272859,missing_genres,drop,genres=[]
movies_processed.csv,272917,missing_genres,drop,genres=[]
movies_processed.csv,272945,missing_genres,drop,genres=[]
movies_processed.csv,273251,missing_genres,drop,genres=[]
movies_processed.csv,273359,missing_genres,drop,genres=[]
movies_processed.csv,273421,missing_genres,drop,genres=[]
movies_processed.csv,273429,missing_genres,drop,genres=[]
movies_processed.csv,273457,missing_genres,drop,genres=[]
movies_processed.csv,273565,missing_genres,drop,genres=[]
movies_processed.csv,273577,missing_genres,drop,genres=[]
movies_processed.csv,273699,missing_genres,drop,genres=[]
movies_processed.csv,273749,missing_genres,drop,genres=[]
movies_processed.csv,273761,missing_genres,drop,genres=[]
movies_processed.csv,273881,missing_genres,drop,genres=[]
movies_processed.csv,274159,missing_genres,drop,genres=[]
movies_processed.csv,274187,missing_genres,drop,genres=[]
movies_processed.csv,274191,missing_genres,drop,genres=[]
movies_processed.csv,274241,missing_genres,drop,genres=[]
movies_processed.csv,274587,missing_genres,drop,genres=[]
movies_processed.csv,274661,missing_genres,drop,genres=[]
movies_processed.csv,274785,missing_genres,drop,genres=[]
movies_processed.csv,274793,missing_genres,drop,genres=[]
movies_processed.csv,274825,missing_genres,drop,genres=[]
movies_processed.csv,274921,missing_genres,drop,genres=[]
movies_processed.csv,275143,missing_genres,drop,genres=[]
movies_processed.csv,275211,missing_genres,drop,genres=[]
movies_processed.csv,275281,missing_genres,drop,genres=[]
movies_processed.csv,275303,missing_genres,drop,genres=[]
movies_processed.csv,275321,missing_genres,drop,genres=[]
movies_processed.csv,275327,missing_genres,drop,genres=[]
movies_processed.csv,275439,missing_genres,drop,genres=[]
movies_processed.csv,275511,missing_genres,drop,genres=[]
movies_processed.csv,275545,missing_genres,drop,genres=[]
movies_processed.csv,275659,missing_genres,drop,genres=[]
movies_processed.csv,275663,missing_genres,drop,genres=[]
movies_processed.csv,275681,missing_genres,drop,genres=[]
movies_processed.csv,275815,missing_genres,drop,genres=[]
movies_processed.csv,275863,missing_genres,drop,genres=[]
movies_processed.csv,275977,missing_genres,drop,genres=[]
movies_processed.csv,276027,missing_genres,drop,genres=[]
movies_processed.csv,276147,missing_genres,drop,genres=[]
movies_processed.csv,276149,missing_genres,drop,genres=[]
movies_processed.csv,276157,missing_genres,drop,genres=[]
movies_processed.csv,276203,missing_genres,drop,genres=[]
movies_processed.csv,276219,missing_genres,drop,genres=[]
movies_processed.csv,276267,missing_genres,drop,genres=[]
movies_processed.csv,276283,missing_genres,drop,genres=[]
movies_processed.csv,276285,missing_genres,drop,genres=[]
movies_processed.csv,276319,missing_genres,drop,genres=[]
movies_processed.csv,276387,missing_genres,drop,genres=[]
movies_processed.csv,276417,missing_genres,drop,genres=[]
movies_processed.csv,276447,missing_genres,drop,genres=[]
movies_processed.csv,276473,missing_genres,drop,genres=[]
movies_processed.csv,276555,missing_genres,drop,genres=[]
movies_processed.csv,276561,missing_genres,drop,genres=[]
movies_processed.csv,276567,missing_genres,drop,genres=[]
movies_processed.csv,276639,missing_genres,drop,genres=[]
movies_processed.csv,276645,missing_genres,drop,genres=[]
movies_processed.csv,276649,missing_genres,drop,genres=[]
movies_processed.csv,276675,missing_genres,drop,genres=[]
movies_processed.csv,276703,missing_genres,drop,genres=[]
movies_processed.csv,276745,missing_genres,drop,genres=[]
movies_processed.csv,276755,missing_genres,drop,genres=[]
movies_processed.csv,276803,missing_genres,drop,genres=[]
movies_processed.csv,276827,missing_genres,drop,genres=[]
movies_processed.csv,276923,missing_genres,drop,genres=[]
movies_processed.csv,276927,missing_genres,drop,genres=[]
movies_processed.csv,277001,missing_genres,drop,genres=[]
movies_processed.csv,277040,missing_genres,drop,genres=[]
movies_processed.csv,277046,missing_genres,drop,genres=[]
movies_processed.csv,277106,missing_genres,drop,genres=[]
movies_processed.csv,277118,missing_genres,drop,genres=[]
movies_processed.csv,277126,missing_genres,drop,genres=[]
movies_processed.csv,277146,missing_genres,drop,genres=[]
movies_processed.csv,277148,missing_genres,drop,genres=[]
movies_processed.csv,277150,missing_genres,drop,genres=[]
movies_processed.csv,277172,missing_genres,drop,genres=[]
movies_processed.csv,277182,missing_genres,drop,genres=[]
movies_processed.csv,277264,missing_genres,drop,genres=[]
movies_processed.csv,277322,missing_genres,drop,genres=[]
movies_processed.csv,277444,missing_genres,drop,genres=[]
movies_processed.csv,277464,missing_genres,drop,genres=[]
movies_processed.csv,277472,missing_genres,drop,genres=[]
movies_processed.csv,277568,missing_genres,drop,genres=[]
movies_processed.csv,277614,missing_genres,drop,genres=[]
movies_processed.csv,277666,missing_genres,drop,genres=[]
movies_processed.csv,277746,missing_genres,drop,genres=[]
movies_processed.csv,277788,missing_genres,drop,genres=[]
movies_processed.csv,277874,missing_genres,drop,genres=[]
movies_processed.csv,277938,missing_genres,drop,genres=[]
movies_processed.csv,278128,missing_genres,drop,genres=[]
movies_processed.csv,278130,missing_genres,drop,genres=[]
movies_processed.csv,278134,missing_genres,drop,genres=[]
movies_processed.csv,278146,missing_genres,drop,genres=[]
movies_processed.csv,278164,missing_genres,drop,genres=[]
movies_processed.csv,278172,missing_genres,drop,genres=[]
movies_processed.csv,278196,missing_genres,drop,genres=[]
movies_processed.csv,278202,missing_genres,drop,genres=[]
movies_processed.csv,278222,missing_genres,drop,genres=[]
movies_processed.csv,278228,missing_genres,drop,genres=[]
movies_processed.csv,278230,missing_genres,drop,genres=[]
movies_processed.csv,278246,missing_genres,drop,genres=[]
movies_processed.csv,278262,missing_genres,drop,genres=[]
movies_processed.csv,278304,missing_genres,drop,genres=[]
movies_processed.csv,278384,missing_genres,drop,genres=[]
movies_processed.csv,278390,missing_genres,drop,genres=[]
movies_processed.csv,278394,missing_genres,drop,genres=[]
movies_processed.csv,278396,missing_genres,drop,genres=[]
movies_processed.csv,278450,missing_genres,drop,genres=[]
movies_processed.csv,278516,missing_genres,drop,genres=[]
movies_processed.csv,278520,missing_genres,drop,genres=[]
movies_processed.csv,278526,missing_genres,drop,genres=[]
movies_processed.csv,278536,missing_genres,drop,genres=[]
movies_processed.csv,278540,missing_genres,drop,genres=[]
movies_processed.csv,278548,missing_genres,drop,genres=[]
movies_processed.csv,278590,missing_genres,drop,genres=[]
movies_processed.csv,278602,missing_genres,drop,genres=[]
movies_processed.csv,278830,missing_genres,drop,genres=[]
movies_processed.csv,278942,missing_genres,drop,genres=[]
movies_processed.csv,278948,missing_genres,drop,genres=[]
movies_processed.csv,279042,missing_genres,drop,genres=[]
movies_processed.csv,279048,missing_genres,drop,genres=[]
movies_processed.csv,279052,missing_genres,drop,genres=[]
movies_processed.csv,279064,missing_genres,drop,genres=[]
movies_processed.csv,279164,missing_genres,drop,genres=[]
movies_processed.csv,279180,missing_genres,drop,genres=[]
movies_processed.csv,279236,missing_genres,drop,genres=[]
movies_processed.csv,279310,missing_genres,drop,genres=[]
movies_processed.csv,279318,missing_genres,drop,genres=[]
movies_processed.csv,279356,missing_genres,drop,genres=[]
movies_processed.csv,279450,missing_genres,drop,genres=[]
movies_processed.csv,279566,missing_genres,drop,genres=[]
movies_processed.csv,279590,missing_genres,drop,genres=[]
movies_processed.csv,279600,missing_genres,drop,genres=[]
movies_processed.csv,279628,missing_genres,drop,genres=[]
movies_processed.csv,279646,missing_genres,drop,genres=[]
movies_processed.csv,279650,missing_genres,drop,genres=[]
movies_processed.csv,279744,missing_genres,drop,genres=[]
movies_processed.csv,279772,missing_genres,drop,genres=[]
movies_processed.csv,279802,missing_genres,drop,genres=[]
movies_processed.csv,279858,missing_genres,drop,genres=[]
movies_processed.csv,279866,missing_genres,drop,genres=[]
movies_processed.csv,279876,missing_genres,drop,genres=[]
movies_processed.csv,280016,missing_genres,drop,genres=[]
movies_processed.csv,280018,missing_genres,drop,genres=[]
movies_processed.csv,280020,missing_genres,drop,genres=[]
movies_processed.csv,280060,missing_genres,drop,genres=[]
movies_processed.csv,280080,missing_genres,drop,genres=[]
movies_processed.csv,280242,missing_genres,drop,genres=[]
movies_processed.csv,280292,missing_genres,drop,genres=[]
movies_processed.csv,280430,missing_genres,drop,genres=[]
movies_processed.csv,280498,missing_genres,drop,genres=[]
movies_processed.csv,280512,missing_genres,drop,genres=[]
movies_processed.csv,280834,missing_genres,drop,genres=[]
movies_processed.csv,280972,missing_genres,drop,genres=[]
movies_processed.csv,281000,missing_genres,drop,genres=[]
movies_processed.csv,281112,missing_genres,drop,genres=[]
movies_processed.csv,281118,missing_genres,drop,genres=[]
movies_processed.csv,281124,missing_genres,drop,genres=[]
movies_processed.csv,281128,missing_genres,drop,genres=[]
movies_processed.csv,281152,missing_genres,drop,genres=[]
movies_processed.csv,281156,missing_genres,drop,genres=[]
movies_processed.csv,281332,missing_genres,drop,genres=[]
movies_processed.csv,281366,missing_genres,drop,genres=[]
movies_processed.csv,281382,missing_genres,drop,genres=[]
movies_processed.csv,281642,missing_genres,drop,genres=[]
movies_processed.csv,281778,missing_genres,drop,genres=[]
movies_processed.csv,281804,missing_genres,drop,genres=[]
movies_processed.csv,281896,missing_genres,drop,genres=[]
movies_processed.csv,281926,missing_genres,drop,genres=[]
movies_processed.csv,281970,missing_genres,drop,genres=[]
movies_processed.csv,281976,missing_genres,drop,genres=[]
movies_processed.csv,282035,missing_genres,drop,genres=[]
movies_processed.csv,282043,missing_genres,drop,genres=[]
movies_processed.csv,282059,missing_genres,drop,genres=[]
movies_processed.csv,282109,missing_genres,drop,genres=[]
movies_processed.csv,282191,missing_genres,drop,genres=[]
movies_processed.csv,282227,missing_genres,drop,genres=[]
movies_processed.csv,282281,missing_genres,drop,genres=[]
movies_processed.csv,282301,missing_genres,drop,genres=[]
movies_processed.csv,282323,missing_genres,drop,genres=[]
movies_processed.csv,282327,missing_genres,drop,genres=[]
movies_processed.csv,282337,missing_genres,drop,genres=[]
movies_processed.csv,282383,missing_genres,drop,genres=[]
movies_processed.csv,282461,missing_genres,drop,genres=[]
movies_processed.csv,282489,missing_genres,drop,genres=[]
movies_processed.csv,282505,missing_genres,drop,genres=[]
movies_processed.csv,282511,missing_genres,drop,genres=[]
movies_processed.csv,282567,missing_genres,drop,genres=[]
movies_processed.csv,282569,missing_genres,drop,genres=[]
movies_processed.csv,282631,missing_genres,drop,genres=[]
movies_processed.csv,282679,missing_genres,drop,genres=[]
movies_processed.csv,282699,missing_genres,drop,genres=[]
movies_processed.csv,282777,missing_genres,drop,genres=[]
movies_processed.csv,282849,missing_genres,drop,genres=[]
movies_processed.csv,282871,missing_genres,drop,genres=[]
movies_processed.csv,282959,missing_genres,drop,genres=[]
movies_processed.csv,283003,missing_genres,drop,genres=[]
movies_processed.csv,283019,missing_genres,drop,genres=[]
movies_processed.csv,283021,missing_genres,drop,genres=[]
movies_processed.csv,283159,missing_genres,drop,genres=[]
movies_processed.csv,283199,missing_genres,drop,genres=[]
movies_processed.csv,283217,missing_genres,drop,genres=[]
movies_processed.csv,283257,missing_genres,drop,genres=[]
movies_processed.csv,283295,missing_genres,drop,genres=[]
movies_processed.csv,283503,missing_genres,drop,genres=[]
movies_processed.csv,283665,missing_genres,drop,genres=[]
movies_processed.csv,283677,missing_genres,drop,genres=[]
movies_processed.csv,283689,missing_genres,drop,genres=[]
movies_processed.csv,283699,missing_genres,drop,genres=[]
movies_processed.csv,283707,missing_genres,drop,genres=[]
movies_processed.csv,283711,missing_genres,drop,genres=[]
movies_processed.csv,283755,missing_genres,drop,genres=[]
movies_processed.csv,283799,missing_genres,drop,genres=[]
movies_processed.csv,283867,missing_genres,drop,genres=[]
movies_processed.csv,283883,missing_genres,drop,genres=[]
movies_processed.csv,283887,missing_genres,drop,genres=[]
movies_processed.csv,283935,missing_genres,drop,genres=[]
movies_processed.csv,283965,missing_genres,drop,genres=[]
movies_processed.csv,284995,missing_genres,drop,genres=[]
movies_processed.csv,285031,missing_genres,drop,genres=[]
movies_processed.csv,285035,missing_genres,drop,genres=[]
movies_processed.csv,285099,missing_genres,drop,genres=[]
movies_processed.csv,285135,missing_genres,drop,genres=[]
movies_processed.csv,285359,missing_genres,drop,genres=[]
movies_processed.csv,285391,missing_genres,drop,genres=[]
movies_processed.csv,285471,missing_genres,drop,genres=[]
movies_processed.csv,285535,missing_genres,drop,genres=[]
movies_processed.csv,285537,missing_genres,drop,genres=[]
movies_processed.csv,285603,missing_genres,drop,genres=[]
movies_processed.csv,285825,missing_genres,drop,genres=[]
movies_processed.csv,286059,missing_genres,drop,genres=[]
movies_processed.csv,286091,missing_genres,drop,genres=[]
movies_processed.csv,286145,missing_genres,drop,genres=[]
movies_processed.csv,286215,missing_genres,drop,genres=[]
movies_processed.csv,286275,missing_genres,drop,genres=[]
movies_processed.csv,286457,missing_genres,drop,genres=[]
movies_processed.csv,286537,missing_genres,drop,genres=[]
movies_processed.csv,286549,missing_genres,drop,genres=[]
movies_processed.csv,286591,missing_genres,drop,genres=[]
movies_processed.csv,286635,missing_genres,drop,genres=[]
movies_processed.csv,286743,missing_genres,drop,genres=[]
movies_processed.csv,286787,missing_genres,drop,genres=[]
movies_processed.csv,286869,missing_genres,drop,genres=[]
movies_processed.csv,286893,missing_genres,drop,genres=[]
movies_processed.csv,286913,missing_genres,drop,genres=[]
movies_processed.csv,287123,missing_genres,drop,genres=[]
movies_processed.csv,287175,missing_genres,drop,genres=[]
movies_processed.csv,287391,missing_genres,drop,genres=[]
movies_processed.csv,287439,missing_genres,drop,genres=[]
movies_processed.csv,287485,missing_genres,drop,genres=[]
movies_processed.csv,287719,missing_genres,drop,genres=[]
movies_processed.csv,287729,missing_genres,drop,genres=[]
movies_processed.csv,287757,missing_genres,drop,genres=[]
movies_processed.csv,287815,missing_genres,drop,genres=[]
movies_processed.csv,287825,missing_genres,drop,genres=[]
movies_processed.csv,287947,missing_genres,drop,genres=[]
movies_processed.csv,288059,missing_genres,drop,genres=[]
movies_processed.csv,288277,missing_genres,drop,genres=[]
movies_processed.csv,288343,missing_genres,drop,genres=[]
movies_processed.csv,288447,missing_genres,drop,genres=[]
movies_processed.csv,288453,missing_genres,drop,genres=[]
movies_processed.csv,288489,missing_genres,drop,genres=[]
movies_processed.csv,288505,missing_genres,drop,genres=[]
movies_processed.csv,288601,missing_genres,drop,genres=[]
movies_processed.csv,288661,missing_genres,drop,genres=[]
movies_processed.csv,288739,missing_genres,drop,genres=[]
movies_processed.csv,288749,missing_genres,drop,genres=[]
movies_processed.csv,288793,missing_genres,drop,genres=[]
movies_processed.csv,288843,missing_genres,drop,genres=[]
movies_processed.csv,288849,missing_genres,drop,genres=[]
movies_processed.csv,288935,missing_genres,drop,genres=[]
movies_processed.csv,289063,missing_genres,drop,genres=[]
movies_processed.csv,289125,missing_genres,drop,genres=[]
movies_processed.csv,289257,missing_genres,drop,genres=[]
movies_processed.csv,289483,missing_genres,drop,genres=[]
movies_processed.csv,289523,missing_genres,drop,genres=[]
movies_processed.csv,289561,missing_genres,drop,genres=[]
movies_processed.csv,289697,missing_genres,drop,genres=[]
movies_processed.csv,289813,missing_genres,drop,genres=[]
movies_processed.csv,289895,missing_genres,drop,genres=[]
movies_processed.csv,289905,missing_genres,drop,genres=[]
movies_processed.csv,289907,missing_genres,drop,genres=[]
movies_processed.csv,289909,missing_genres,drop,genres=[]
movies_processed.csv,290189,missing_genres,drop,genres=[]
movies_processed.csv,290279,missing_genres,drop,genres=[]
movies_processed.csv,290561,missing_genres,drop,genres=[]
movies_processed.csv,290677,missing_genres,drop,genres=[]
movies_processed.csv,290753,missing_genres,drop,genres=[]
movies_processed.csv,290775,missing_genres,drop,genres=[]
movies_processed.csv,290781,missing_genres,drop,genres=[]
movies_processed.csv,290811,missing_genres,drop,genres=[]
movies_processed.csv,290898,missing_genres,drop,genres=[]
movies_processed.csv,290986,missing_genres,drop,genres=[]
movies_processed.csv,291018,missing_genres,drop,genres=[]
movies_processed.csv,291048,missing_genres,drop,genres=[]
movies_processed.csv,291058,missing_genres,drop,genres=[]
movies_processed.csv,291066,missing_genres,drop,genres=[]
movies_processed.csv,291168,missing_genres,drop,genres=[]
movies_processed.csv,291190,missing_genres,drop,genres=[]
movies_processed.csv,291202,missing_genres,drop,genres=[]
movies_processed.csv,291296,missing_genres,drop,genres=[]
movies_processed.csv,291320,missing_genres,drop,genres=[]
movies_processed.csv,291324,missing_genres,drop,genres=[]
movies_processed.csv,291437,missing_genres,drop,genres=[]
movies_processed.csv,291481,missing_genres,drop,genres=[]
movies_processed.csv,291499,missing_genres,drop,genres=[]
movies_processed.csv,291775,missing_genres,drop,genres=[]
movies_processed.csv,292093,missing_genres,drop,genres=[]
movies_processed.csv,292143,missing_genres,drop,genres=[]
movies_processed.csv,292241,missing_genres,drop,genres=[]
movies_processed.csv,292395,missing_genres,drop,genres=[]
movies_processed.csv,292477,missing_genres,drop,genres=[]
movies_processed.csv,292535,missing_genres,drop,genres=[]
movies_processed.csv,292625,missing_genres,drop,genres=[]
movies_processed.csv,79607,title_without_year,drop,"title=Millions Game, The (Das Millionenspiel)"
movies_processed.csv,123619,title_without_year,drop,title=Terrible Joe Moran
movies_processed.csv,125571,title_without_year,drop,title=The Court-Martial of Jackie Robinson
movies_processed.csv,125632,title_without_year,drop,title=In Our Garden
movies_processed.csv,125958,title_without_year,drop,title=Stephen Fry In America - New World
movies_processed.csv,126438,title_without_year,drop,title=Two: The Story of Roman & Nyro
movies_processed.csv,127005,title_without_year,drop,title=A Year Along the Abandoned Road
movies_processed.csv,128612,title_without_year,drop,title=Body/Cialo
movies_processed.csv,128734,title_without_year,drop,title=Polskie gówno
movies_processed.csv,129651,title_without_year,drop,title=The Third Reich: The Rise & Fall
movies_processed.csv,129697,title_without_year,drop,title=La vendetta dei barbari
movies_processed.csv,129705,title_without_year,drop,title=My Own Man
movies_processed.csv,129887,title_without_year,drop,title=Moving Alan
movies_processed.csv,130322,title_without_year,drop,title=Zone 261
movies_processed.csv,130454,title_without_year,drop,title=Michael Laudrup - en Fodboldspiller
movies_processed.csv,130542,title_without_year,drop,title=Honky
movies_processed.csv,131198,title_without_year,drop,title=Blueberry Hill
movies_processed.csv,131225,title_without_year,drop,title=Pleasure Palace
movies_processed.csv,131280,title_without_year,drop,title=Terror on the 40th Floor
movies_processed.csv,131303,title_without_year,drop,title=Hur Marie träffade Fredrik
movies_processed.csv,131606,title_without_year,drop,title=My Boyfriend's Back
movies_processed.csv,132000,title_without_year,drop,title=One Night Only
movies_processed.csv,132948,title_without_year,drop,title=Doli Saja Ke Rakhna
movies_processed.csv,133276,title_without_year,drop,title=The Dead Lands
movies_processed.csv,133475,title_without_year,drop,title=Naked and Cruel
movies_processed.csv,133669,title_without_year,drop,title=Boffo! Tinseltown's Bombs and Blockbusters
movies_processed.csv,134254,title_without_year,drop,"title=C'mon, Let's Live a Little"
movies_processed.csv,134908,title_without_year,drop,title=For a Book of Dollars
movies_processed.csv,135354,title_without_year,drop,title=Twins from Texas
movies_processed.csv,135691,title_without_year,drop,title=Señorita Justice
movies_processed.csv,136028,title_without_year,drop,title=Flash and Firecat
movies_processed.csv,136299,title_without_year,drop,title=Red Victoria
movies_processed.csv,136880,title_without_year,drop,title=Vaastupurush
movies_processed.csv,137284,title_without_year,drop,title=Sierra Leone's Refugee All Stars
movies_processed.csv,137292,title_without_year,drop,title=L'uomo della carità
movies_processed.csv,137411,title_without_year,drop,title=The Big Fall
movies_processed.csv,137443,title_without_year,drop,title=Wolves In The Snow
movies_processed.csv,137599,title_without_year,drop,title=Rosamunde Pilcher - September
movies_processed.csv,137845,title_without_year,drop,title=Amazon Falls
movies_processed.csv,137990,title_without_year,drop,title=Dark Tides
movies_processed.csv,138042,title_without_year,drop,title=The Ritual
movies_processed.csv,138120,title_without_year,drop,title=The Expedition
movies_processed.csv,138518,title_without_year,drop,title=Chinese Boxes
movies_processed.csv,139596,title_without_year,drop,title=Danielův svět
movies_processed.csv,140129,title_without_year,drop,title=The Near Room
movies_processed.csv,140224,title_without_year,drop,title=Filmage: The Story of Descendents/All
movies_processed.csv,140377,title_without_year,drop,title=About Sarah
movies_processed.csv,140605,title_without_year,drop,title=La steppa
movies_processed.csv,140874,title_without_year,drop,title=Swallows and Amazons
movies_processed.csv,140956,title_without_year,drop,title=Ready Player One
movies_processed.csv,141351,title_without_year,drop,title=When The Bough Breaks
movies_processed.csv,141442,title_without_year,drop,title=Los tontos y los estúpidos
movies_processed.csv,141507,title_without_year,drop,title=Ride in a Pink Car
movies_processed.csv,141628,title_without_year,drop,title=The Naked Truth (1957) (Your Past Is Showing)
movies_processed.csv,141708,title_without_year,drop,title=Disaster Playground
movies_processed.csv,141745,title_without_year,drop,title=Nice Guy
movies_processed.csv,141858,title_without_year,drop,"title=OMG, I'm a Robot!"
movies_processed.csv,141930,title_without_year,drop,title=KillerSaurus
movies_processed.csv,142490,title_without_year,drop,title=Viva
movies_processed.csv,142913,title_without_year,drop,title=Ollaan vapaita
movies_processed.csv,143135,title_without_year,drop,title=Rosemont
movies_processed.csv,143410,title_without_year,drop,title=Hyena Road
movies_processed.csv,144054,title_without_year,drop,title=Asphalt Angels
movies_processed.csv,144528,title_without_year,drop,title=Fakta Ladh Mhana
movies_processed.csv,144726,title_without_year,drop,title=Man Crazy
movies_processed.csv,145650,title_without_year,drop,title=Roger la Honte
movies_processed.csv,146010,title_without_year,drop,title=Sentimentalnyy roman
movies_processed.csv,146082,title_without_year,drop,title=Yedyanchi Jatra
movies_processed.csv,146106,title_without_year,drop,title=Dhadakebaaz
movies_processed.csv,146112,title_without_year,drop,title=Ittefaq
movies_processed.csv,146344,title_without_year,drop,title=Elämältä kaiken sain
movies_processed.csv,146364,title_without_year,drop,title=Dil Kya Kare
movies_processed.csv,146370,title_without_year,drop,title=Hogi Pyar Ki Jeet
movies_processed.csv,146429,title_without_year,drop,title=Monk by Blood
movies_processed.csv,146463,title_without_year,drop,title=I Am Syd Stone
movies_processed.csv,146475,title_without_year,drop,title=Alone With People
movies_processed.csv,146740,title_without_year,drop,title=Proibito Rubare - Luigi Comencini
movies_processed.csv,146796,title_without_year,drop,title=Le strelle nel fosso
movies_processed.csv,147188,title_without_year,drop,title=38 Parrots
movies_processed.csv,147250,title_without_year,drop,title=The Adventures of Sherlock Holmes and Doctor Watson
movies_processed.csv,147450,title_without_year,drop,title=Amigo Undead
movies_processed.csv,148093,title_without_year,drop,title=The Republic
movies_processed.csv,148254,title_without_year,drop,title=A Dark Place Inside
movies_processed.csv,148677,title_without_year,drop,title=Ουζερί Τσιτσάνης
movies_processed.csv,148896,title_without_year,drop,title=Medicinmannen
movies_processed.csv,149009,title_without_year,drop,title=She Who Must Burn
movies_processed.csv,149080,title_without_year,drop,title=A Fare to Remember
movies_processed.csv,149090,title_without_year,drop,title=The Code
movies_processed.csv,149296,title_without_year,drop,title=Unlocking the Cage
movies_processed.csv,149334,title_without_year,drop,title=Nocturnal Animals
movies_processed.csv,149502,title_without_year,drop,title=101次求婚
movies_processed.csv,149715,title_without_year,drop,title=S: Saigo no Keikan - Dakkan: Recovery of Our Future
movies_processed.csv,149757,title_without_year,drop,title=The Frog Prince
movies_processed.csv,150020,title_without_year,drop,title=Vrijdag
movies_processed.csv,150655,title_without_year,drop,title=Aimy in a Cage
movies_processed.csv,150657,title_without_year,drop,title=Trophy Kids
movies_processed.csv,150868,title_without_year,drop,title=Jasne Błękitne Okna
movies_processed.csv,150888,title_without_year,drop,title=Mr. Kuka's Advice
movies_processed.csv,151307,title_without_year,drop,title=The Lovers and the Despot
movies_processed.csv,151517,title_without_year,drop,title=Beauty and the Breast
movies_processed.csv,151655,title_without_year,drop,title=Hundra
movies_processed.csv,151693,title_without_year,drop,title=Holy Hell
movies_processed.csv,151955,title_without_year,drop,title=Veljet
movies_processed.csv,151967,title_without_year,drop,title=Pyaar Tune Kya Kiya
movies_processed.csv,152523,title_without_year,drop,"title=Vous êtes très jolie, mademoiselle"
movies_processed.csv,152808,title_without_year,drop,title=Main Madhuri Dixit Banna Chahti Hoon!
movies_processed.csv,152814,title_without_year,drop,title=Dhund: The Fog
movies_processed.csv,152840,title_without_year,drop,title=The Grave Digger
movies_processed.csv,152884,title_without_year,drop,title=Vaastu Shastra
movies_processed.csv,153184,title_without_year,drop,title=Vergeef me
movies_processed.csv,153714,title_without_year,drop,title=Vogelfrei
movies_processed.csv,153967,title_without_year,drop,title=Jew Like Me
movies_processed.csv,153973,title_without_year,drop,title=Langer Licht
movies_processed.csv,154184,title_without_year,drop,title=Family Film
movies_processed.csv,154386,title_without_year,drop,title=Normaal: Ik Kom Altied Weer Terug
movies_processed.csv,154530,title_without_year,drop,title=Recto / verso
movies_processed.csv,154538,title_without_year,drop,title=Sins of the mind
movies_processed.csv,155121,title_without_year,drop,title=Kshanam
movies_processed.csv,155577,title_without_year,drop,title=First Position
movies_processed.csv,155593,title_without_year,drop,title=Pawn's Move
movies_processed.csv,155621,title_without_year,drop,title=If These Knishes Could Talk: The Story of the NY Accent
movies_processed.csv,156175,title_without_year,drop,title=Mapplethorpe: Look at the Pictures
movies_processed.csv,156571,title_without_year,drop,title=The Twin Girls of Sunset Street
movies_processed.csv,156591,title_without_year,drop,title=Absent Minded
movies_processed.csv,156605,title_without_year,drop,title=Paterson
movies_processed.csv,157703,title_without_year,drop,title=The Kid from Broken Gun
movies_processed.csv,157787,title_without_year,drop,title=.hack Liminality: In the Case of Mai Minase
movies_processed.csv,157789,title_without_year,drop,title=.hack Liminality In the Case of Yuki Aihara
movies_processed.csv,157791,title_without_year,drop,title=.hack Liminality In the Case of Kyoko Tohno
movies_processed.csv,158312,title_without_year,drop,title=Citizen King
movies_processed.csv,158870,title_without_year,drop,title=The Monkey King the Legend Begins
movies_processed.csv,159125,title_without_year,drop,title=Anybody's Son Will Do
movies_processed.csv,159217,title_without_year,drop,title=The Identity Theft of Mitch Mustain
movies_processed.csv,159257,title_without_year,drop,title=6A
movies_processed.csv,159259,title_without_year,drop,title=The Serious Game
movies_processed.csv,159325,title_without_year,drop,title=Fant
movies_processed.csv,159642,title_without_year,drop,title=It's Only Money
movies_processed.csv,159664,title_without_year,drop,title=Freedom
movies_processed.csv,159674,title_without_year,drop,title=Back Home
movies_processed.csv,159753,title_without_year,drop,title=After Eden
movies_processed.csv,160428,title_without_year,drop,title=DEAD RISING : ENDGAME
movies_processed.csv,160579,title_without_year,drop,title=Friends and Romans
movies_processed.csv,160676,title_without_year,drop,title=Poor Devil
movies_processed.csv,160724,title_without_year,drop,title=They Will Have To Kill Us First
movies_processed.csv,160880,title_without_year,drop,title=Eat That Question: Frank Zappa in His Own Words
movies_processed.csv,160886,title_without_year,drop,title=Presenting Princess Shaw
movies_processed.csv,161050,title_without_year,drop,title=The Miki Howard Story
movies_processed.csv,161300,title_without_year,drop,title=Digital Dharma
movies_processed.csv,161948,title_without_year,drop,title=Tibetana
movies_processed.csv,162006,title_without_year,drop,title=Gleason
movies_processed.csv,162154,title_without_year,drop,title=Bazodee
movies_processed.csv,162224,title_without_year,drop,"title=El Bosco, el jardín de los sueños"
movies_processed.csv,162414,title_without_year,drop,title=Moonlight
movies_processed.csv,162704,title_without_year,drop,title=California Winter
movies_processed.csv,162740,title_without_year,drop,title=The Houses Are Full of Smoke
movies_processed.csv,162746,title_without_year,drop,title=The Last Gold
movies_processed.csv,162832,title_without_year,drop,title=The Wounded Angel
movies_processed.csv,162886,title_without_year,drop,title=Scott Hall: Living on a Razor's Edge
movies_processed.csv,163010,title_without_year,drop,title=Bad Dad Rehab
movies_processed.csv,163018,title_without_year,drop,title=A Lovasíjász
movies_processed.csv,163567,title_without_year,drop,title=MamaBoy
movies_processed.csv,163737,title_without_year,drop,title=The Lucky Star
movies_processed.csv,164051,title_without_year,drop,title=The Space Between
movies_processed.csv,164592,title_without_year,drop,title=El pejesapo
movies_processed.csv,164693,title_without_year,drop,title=Lo Sound Desert
movies_processed.csv,164705,title_without_year,drop,title=Set the Thames on Fire
movies_processed.csv,165089,title_without_year,drop,title=Dugma: The Button
movies_processed.csv,165237,title_without_year,drop,title=Amber Alert
movies_processed.csv,165345,title_without_year,drop,title=Pad Yatra: A Green Odyssey
movies_processed.csv,165385,title_without_year,drop,title=The Adventures of Cinderella's Daughter
movies_processed.csv,165519,title_without_year,drop,title=Always Faithful
movies_processed.csv,165699,title_without_year,drop,title=Angel Has Fallen
movies_processed.csv,165747,title_without_year,drop,title=Exchange
movies_processed.csv,165821,title_without_year,drop,title=Rodnye (Close Relations)
movies_processed.csv,166289,title_without_year,drop,title=Allende en su laberinto
movies_processed.csv,166548,title_without_year,drop,title=Dvadtsat shest dney iz zhizni Dostoevskogo
movies_processed.csv,166651,title_without_year,drop,title=Dönersen Islık Çal
movies_processed.csv,166775,title_without_year,drop,title=Uno: The Movie
movies_processed.csv,166862,title_without_year,drop,title=The Women's Balcony
movies_processed.csv,166942,title_without_year,drop,title=Ulvova Mylläri
movies_processed.csv,167098,title_without_year,drop,title=Dolpo Tulku - Heimkehr in den Himalaya
movies_processed.csv,167312,title_without_year,drop,title=O Caseiro
movies_processed.csv,167570,title_without_year,drop,title=The OA
movies_processed.csv,167830,title_without_year,drop,title=Freedom Road
movies_processed.csv,167958,title_without_year,drop,title=Hitler's Olympics
movies_processed.csv,168278,title_without_year,drop,title=Science Fiction Volume One: The Osiris Child
movies_processed.csv,168356,title_without_year,drop,title=Bienvenido a Veraz
movies_processed.csv,168546,title_without_year,drop,title=Invention of Trust
movies_processed.csv,168596,title_without_year,drop,title=Secret Places
movies_processed.csv,168648,title_without_year,drop,title=Abbey Grace
movies_processed.csv,168730,title_without_year,drop,title=Mumford & Sons: We Wrote This Yesterday
movies_processed.csv,168888,title_without_year,drop,title=Third Guest
movies_processed.csv,169004,title_without_year,drop,title=American Sharia
movies_processed.csv,169014,title_without_year,drop,title=Red Wine in the Dark Night
movies_processed.csv,169230,title_without_year,drop,title=Winning Favour
movies_processed.csv,169240,title_without_year,drop,title=Whn the day had no name
movies_processed.csv,169656,title_without_year,drop,title=The Glass Castle
movies_processed.csv,170109,title_without_year,drop,title=Blindpassasjer
movies_processed.csv,170465,title_without_year,drop,title=The Lost World of Communism
movies_processed.csv,170719,title_without_year,drop,title=Sequence Break
movies_processed.csv,170745,title_without_year,drop,title=13 reasons why
movies_processed.csv,171171,title_without_year,drop,title=Jedi Junior High
movies_processed.csv,171495,title_without_year,drop,title=Cosmos
movies_processed.csv,171507,title_without_year,drop,title=Unspeakable Horrors: The Plan 9 Conspiracy
movies_processed.csv,171631,title_without_year,drop,title=Maria Bamford: Old Baby
movies_processed.csv,171749,title_without_year,drop,title=Death Note: Desu nôto (2006–2007)
movies_processed.csv,171753,title_without_year,drop,title=Wet and Reckless
movies_processed.csv,171891,title_without_year,drop,title=Generation Iron 2
movies_processed.csv,172451,title_without_year,drop,title=Irwin & Fran 2013
movies_processed.csv,172557,title_without_year,drop,title=Shivering Trunks
movies_processed.csv,172673,title_without_year,drop,title=Supermassive Black Holes
movies_processed.csv,172739,title_without_year,drop,title=Игра на выбывание
movies_processed.csv,172915,title_without_year,drop,title=Falling Skies
movies_processed.csv,173191,title_without_year,drop,title=Neither Wolf Nor Dog
movies_processed.csv,173347,title_without_year,drop,title=Philosophy: A Guide to Happiness
movies_processed.csv,174039,title_without_year,drop,title=Genesis
movies_processed.csv,174057,title_without_year,drop,title=I'm Not Here
movies_processed.csv,174447,title_without_year,drop,title=A Gray State
movies_processed.csv,174485,title_without_year,drop,title=Salad Fingers
movies_processed.csv,174707,title_without_year,drop,title=Le Ride
movies_processed.csv,174953,title_without_year,drop,title=Mundo Cão
movies_processed.csv,175027,title_without_year,drop,title=Selling God
movies_processed.csv,175163,title_without_year,drop,title=Elián
movies_processed.csv,175335,title_without_year,drop,title=The Garden of Afflictions 2017
movies_processed.csv,175353,title_without_year,drop,title=Abduction
movies_processed.csv,175511,title_without_year,drop,title=Engineering Red
movies_processed.csv,175605,title_without_year,drop,title=S.W.A.T.: Under Siege
movies_processed.csv,175651,title_without_year,drop,title=All Superheroes Must Die 2: The Last Superhero
movies_processed.csv,175695,title_without_year,drop,title=The Misadventures of Rick and Morty
movies_processed.csv,175985,title_without_year,drop,title=The Land Where the Blues Began
movies_processed.csv,176127,title_without_year,drop,title=Lauri Mäntyvaaran tuuheet ripset
movies_processed.csv,176151,title_without_year,drop,title=Aprel
movies_processed.csv,176269,title_without_year,drop,title=Subdue
movies_processed.csv,176601,title_without_year,drop,title=Black Mirror
movies_processed.csv,176803,title_without_year,drop,title=What the Waters Left Behind
movies_processed.csv,176857,title_without_year,drop,title=Ascent to Hell
movies_processed.csv,177029,title_without_year,drop,title=Supercon
movies_processed.csv,177235,title_without_year,drop,title=In Search of Fellini
movies_processed.csv,177265,title_without_year,drop,title=Checkmate
movies_processed.csv,177485,title_without_year,drop,title=With love
movies_processed.csv,177589,title_without_year,drop,title=The Stone
movies_processed.csv,177625,title_without_year,drop,title=Bigfoot in Europe: Sasquatch Encounters Abroad
movies_processed.csv,177973,title_without_year,drop,title=The Wayward Sun
movies_processed.csv,178127,title_without_year,drop,title=Abd El-Kader
movies_processed.csv,178139,title_without_year,drop,title=American Bullfighter
movies_processed.csv,178157,title_without_year,drop,title=BlueGreen
movies_processed.csv,178187,title_without_year,drop,title=El Superstar
movies_processed.csv,178221,title_without_year,drop,title=I Am The Queen
movies_processed.csv,178223,title_without_year,drop,title=Injecting Aluminum
movies_processed.csv,178267,title_without_year,drop,title=Palestine Blues
movies_processed.csv,178271,title_without_year,drop,title=Pururambo
movies_processed.csv,178423,title_without_year,drop,title=Sprawling from Grace
movies_processed.csv,178425,title_without_year,drop,title=Teen a Go Go: A Little Film About Rock and Roll History
movies_processed.csv,178619,title_without_year,drop,title=Vilaieha
movies_processed.csv,178845,title_without_year,drop,title=The Lost City of Cecil B. DeMille
movies_processed.csv,178961,title_without_year,drop,title=Slumber
movies_processed.csv,179001,title_without_year,drop,title=Koudelka Shooting Holy Land
movies_processed.csv,179311,title_without_year,drop,title=The Book of Birdie
movies_processed.csv,179317,title_without_year,drop,title=Clementina
movies_processed.csv,179379,title_without_year,drop,title=My Brother Khosrow
movies_processed.csv,179479,title_without_year,drop,"title=Samadhi Part 1: Maya, the Illusion of the Self"
movies_processed.csv,179483,title_without_year,drop,"title=Doing time, Doing Vipassana"
movies_processed.csv,179667,title_without_year,drop,title=Going for Broke
movies_processed.csv,180011,title_without_year,drop,title=ShadowRing
movies_processed.csv,180053,title_without_year,drop,title=Gutboy: A Badtime Story
movies_processed.csv,180175,title_without_year,drop,title=Kickoff
movies_processed.csv,180199,title_without_year,drop,title=S.M.A.R.T. Chase
movies_processed.csv,180455,title_without_year,drop,title=The End?
movies_processed.csv,180461,title_without_year,drop,title=3rd Night
movies_processed.csv,180463,title_without_year,drop,title=Mountain Fever
movies_processed.csv,180553,title_without_year,drop,title=Trauma
movies_processed.csv,180855,title_without_year,drop,title=Rigoletto
movies_processed.csv,180863,title_without_year,drop,title=Nebraska Supersonic
movies_processed.csv,181407,title_without_year,drop,title=Prosta historia o miłości
movies_processed.csv,181409,title_without_year,drop,"title=Felix, Net i Nika oraz teoretycznie możliwa katastrofa"
movies_processed.csv,181435,title_without_year,drop,title=Inside John Lennon - Unauthorized
movies_processed.csv,181637,title_without_year,drop,title=Frangi
movies_processed.csv,181669,title_without_year,drop,title=Inoperable
movies_processed.csv,181685,title_without_year,drop,title=به نام پدر
movies_processed.csv,182437,title_without_year,drop,title=A Miracle on Christmas Lake
movies_processed.csv,182461,title_without_year,drop,title=No Ordinary Hero: The SuperDeafy Movie
movies_processed.csv,182723,title_without_year,drop,title=Cosmos: A Spacetime Odissey
movies_processed.csv,182765,title_without_year,drop,title=Rooster: Spurs of Death!
movies_processed.csv,183247,title_without_year,drop,title=Начальник
movies_processed.csv,183665,title_without_year,drop,title=The Moors Murders
movies_processed.csv,183709,title_without_year,drop,title=Harvest
movies_processed.csv,183755,title_without_year,drop,title=Basmati Blues
movies_processed.csv,183837,title_without_year,drop,title=The Favourite
movies_processed.csv,183855,title_without_year,drop,title=Terminal
movies_processed.csv,183867,title_without_year,drop,title=Three Christs
movies_processed.csv,183871,title_without_year,drop,title=Functional Fitness
movies_processed.csv,183935,title_without_year,drop,title=Made in Italy
movies_processed.csv,183947,title_without_year,drop,title=NOFX Backstage Passport 2
movies_processed.csv,184003,title_without_year,drop,title=Heroine
movies_processed.csv,184155,title_without_year,drop,title=An Hour Behind
movies_processed.csv,184607,title_without_year,drop,title=A Grim Becoming
movies_processed.csv,184703,title_without_year,drop,title=The Body Tree
movies_processed.csv,184913,title_without_year,drop,title=Seat 25
movies_processed.csv,185007,title_without_year,drop,title=The Contender
movies_processed.csv,185357,title_without_year,drop,title=Zero
movies_processed.csv,185721,title_without_year,drop,title=Sensitive: The Untold Story
movies_processed.csv,185985,title_without_year,drop,title=Scott and Sid
movies_processed.csv,186909,title_without_year,drop,title=Taco Shop
movies_processed.csv,186951,title_without_year,drop,title=Fort Maria
movies_processed.csv,186989,title_without_year,drop,title=Secrets in the Fall
movies_processed.csv,187055,title_without_year,drop,title=The Buddy Games
movies_processed.csv,187451,title_without_year,drop,title=Anthony Joshua: The Road to Klitschko
movies_processed.csv,187471,title_without_year,drop,title=No. 1 Chung Ying Street
movies_processed.csv,187475,title_without_year,drop,title=Diamond Dogs
movies_processed.csv,187577,title_without_year,drop,title=The Death & Life of John F. Donovan
movies_processed.csv,187647,title_without_year,drop,title=Empire V
movies_processed.csv,187965,title_without_year,drop,title=Sanctuary
movies_processed.csv,188175,title_without_year,drop,title=The Factory
movies_processed.csv,188201,title_without_year,drop,title=Higher Power
movies_processed.csv,188219,title_without_year,drop,title=Always at The Carlyle
movies_processed.csv,188257,title_without_year,drop,title=When Bette Met Mae
movies_processed.csv,188451,title_without_year,drop,title=Witch-Hunt
movies_processed.csv,188595,title_without_year,drop,title=Bubblegum
movies_processed.csv,188853,title_without_year,drop,title=Class Reunion 2: A Wedding and a Funeral
movies_processed.csv,189009,title_without_year,drop,title=Derrick J's Victimless Crime Spree
movies_processed.csv,189047,title_without_year,drop,title=Veras Mantel
movies_processed.csv,189345,title_without_year,drop,title=The Doctor From India
movies_processed.csv,189577,title_without_year,drop,title=Tau
movies_processed.csv,189619,title_without_year,drop,title=The Greenhorns
movies_processed.csv,189833,title_without_year,drop,title=Inheritance
movies_processed.csv,190017,title_without_year,drop,title=The Death of Superman
movies_processed.csv,190143,title_without_year,drop,title=Formentera Lady
movies_processed.csv,190159,title_without_year,drop,title=The Midnighters
movies_processed.csv,190747,title_without_year,drop,title=Mara
movies_processed.csv,190897,title_without_year,drop,title=A Triumph of the Heart: The Ricky Bell Story
movies_processed.csv,190937,title_without_year,drop,title=Tell Me Your Name
movies_processed.csv,190961,title_without_year,drop,title=Poor Boy
movies_processed.csv,190965,title_without_year,drop,title=En Busca del Muñeco Perdido
movies_processed.csv,191021,title_without_year,drop,"title=Rich Man, Poor Woman in New York"
movies_processed.csv,191403,title_without_year,drop,"title=New Neighbors, Old Fights"
movies_processed.csv,191697,title_without_year,drop,title=Lottery
movies_processed.csv,191825,title_without_year,drop,title=The Henry Miller Odyssey
movies_processed.csv,191939,title_without_year,drop,title=Since
movies_processed.csv,192001,title_without_year,drop,title=His Last Vow
movies_processed.csv,192113,title_without_year,drop,title=Nakimushi Shottan no Kiseki
movies_processed.csv,192139,title_without_year,drop,title=Undercity
movies_processed.csv,192227,title_without_year,drop,title=Dansa först
movies_processed.csv,192229,title_without_year,drop,title=Ctrl+Alt+Dance
movies_processed.csv,192589,title_without_year,drop,title=Doubtful
movies_processed.csv,192607,title_without_year,drop,title=Paradise Falls
movies_processed.csv,192829,title_without_year,drop,title=Parwaaz Hai Junoon
movies_processed.csv,192935,title_without_year,drop,title=Papi Chulo
movies_processed.csv,193149,title_without_year,drop,title=¿Qué te juegas?
movies_processed.csv,193443,title_without_year,drop,title=Wall
movies_processed.csv,193657,title_without_year,drop,title=A Kiss of Chaos
movies_processed.csv,193783,title_without_year,drop,title=Brian Banks
movies_processed.csv,193888,title_without_year,drop,title=Through Black Spruce
movies_processed.csv,194232,title_without_year,drop,title=The Body
movies_processed.csv,194476,title_without_year,drop,title=Honey Badgers: Masters of Mayhem
movies_processed.csv,194590,title_without_year,drop,title=Территория Джа
movies_processed.csv,194859,title_without_year,drop,title=Menneskesmuglerne
movies_processed.csv,194909,title_without_year,drop,title=Tafanos - Killer Mosquitos
movies_processed.csv,195209,title_without_year,drop,title=Code 8
movies_processed.csv,195217,title_without_year,drop,title=Star Wars: Dresca
movies_processed.csv,195433,title_without_year,drop,"title=Baikonur, Earth"
movies_processed.csv,195575,title_without_year,drop,title=Marvel Mon Amour
movies_processed.csv,195699,title_without_year,drop,"title=Dunkles, rätselhaftes Österreich"
movies_processed.csv,195773,title_without_year,drop,title=Les Flâneries du voyant
movies_processed.csv,195789,title_without_year,drop,title=Via Carpatia
movies_processed.csv,195813,title_without_year,drop,title=Dalya's Other Country
movies_processed.csv,195815,title_without_year,drop,title=The Storyteller
movies_processed.csv,195821,title_without_year,drop,title=Grand Unified Theory
movies_processed.csv,196063,title_without_year,drop,title=The Indecent Family
movies_processed.csv,196097,title_without_year,drop,title=The Zen Diaries of Garry Shandling: Parts 1 & 2
movies_processed.csv,196201,title_without_year,drop,title=Девочки
movies_processed.csv,196303,title_without_year,drop,title=Peshavarskiy vals
movies_processed.csv,196471,title_without_year,drop,title=Przyjecie na 10 osob plus 3
movies_processed.csv,196563,title_without_year,drop,title=Prishelets
movies_processed.csv,196833,title_without_year,drop,title=Cradle to Grave
movies_processed.csv,197081,title_without_year,drop,title=BÚÉK
movies_processed.csv,197135,title_without_year,drop,title=Old Man
movies_processed.csv,197479,title_without_year,drop,title=Clarissa
movies_processed.csv,197587,title_without_year,drop,title=Scarred But Smarter: Life N Times of Drivin N Cryin
movies_processed.csv,197647,title_without_year,drop,title=Polina
movies_processed.csv,197651,title_without_year,drop,title=The King
movies_processed.csv,197869,title_without_year,drop,title=The Machine Stops
movies_processed.csv,198111,title_without_year,drop,title=Paradise Hills
movies_processed.csv,198145,title_without_year,drop,title=The Perfect Date
movies_processed.csv,198149,title_without_year,drop,title=Wicked
movies_processed.csv,198151,title_without_year,drop,title=Uncharted: Drake's Fortune
movies_processed.csv,198155,title_without_year,drop,title=The Wedding Year
movies_processed.csv,198157,title_without_year,drop,title=A Rainy Day in New York
movies_processed.csv,198195,title_without_year,drop,title=Pathey Holo Deri
movies_processed.csv,198293,title_without_year,drop,title=Underneath
movies_processed.csv,198689,title_without_year,drop,title=The Art of McCartney
movies_processed.csv,199372,title_without_year,drop,title=Jai Alai Blues
movies_processed.csv,199574,title_without_year,drop,title=Romeo Akbar Walter
movies_processed.csv,199590,title_without_year,drop,title=Leona
movies_processed.csv,199818,title_without_year,drop,title=The Man with Half a Body
movies_processed.csv,200000,title_without_year,drop,title=Anatolian Trip
movies_processed.csv,201346,title_without_year,drop,title=The Guy Who Didn't Like Musicals
movies_processed.csv,201757,title_without_year,drop,title=A Place of Truth
movies_processed.csv,201945,title_without_year,drop,"title=Мiсто, в якому не ходять грошi"
movies_processed.csv,201959,title_without_year,drop,title=D-Day: The Total Story
movies_processed.csv,202269,title_without_year,drop,title=Kid Brother
movies_processed.csv,202371,title_without_year,drop,title=The Saint Lies In Wait
movies_processed.csv,202565,title_without_year,drop,title=Kopy Kings
movies_processed.csv,202769,title_without_year,drop,title=RWBY: Volume 5
movies_processed.csv,202868,title_without_year,drop,title=Tenth of a Second
movies_processed.csv,202870,title_without_year,drop,title=Time of tears
movies_processed.csv,203014,title_without_year,drop,title=Man's First Friend
movies_processed.csv,203717,title_without_year,drop,title=Knox: The Life and Legacy of Scotland's Controversial Reformer
movies_processed.csv,203922,title_without_year,drop,title=Sherlock: The Blind Banker
movies_processed.csv,204118,title_without_year,drop,title=cursor
movies_processed.csv,204248,title_without_year,drop,title=Waiting for the Storm
movies_processed.csv,204348,title_without_year,drop,title=Kalachakra: The Enlightenment
movies_processed.csv,204690,title_without_year,drop,title=Eli
movies_processed.csv,204692,title_without_year,drop,title=In the Tall Grass
movies_processed.csv,204770,title_without_year,drop,title=1013 Briar Lane
movies_processed.csv,204898,title_without_year,drop,title=Burdock
movies_processed.csv,204974,title_without_year,drop,title=Десять минут первого
movies_processed.csv,205074,title_without_year,drop,title=Falling Inn Love
movies_processed.csv,205551,title_without_year,drop,title=The Fellowship of the Farmers
movies_processed.csv,205915,title_without_year,drop,title=过昭关
movies_processed.csv,206174,title_without_year,drop,title=NOVA: Prediction by the Numbers
movies_processed.csv,206198,title_without_year,drop,title=The Night Bulletin
movies_processed.csv,206224,title_without_year,drop,title=Nothing Changes:Art for Hank's Sake
movies_processed.csv,206409,title_without_year,drop,title=Royal Shakespeare Company: The Tempest
movies_processed.csv,206641,title_without_year,drop,title=Egy másik életben
movies_processed.csv,206757,title_without_year,drop,title=Twice
movies_processed.csv,206781,title_without_year,drop,title=The Black Legend of Mexican Cinema
movies_processed.csv,206811,title_without_year,drop,title=Chef vs. Science: The Ultimate Kitchen Challenge
movies_processed.csv,207109,title_without_year,drop,title=Hotel Camarillo
movies_processed.csv,207135,title_without_year,drop,title=The Evil Inside
movies_processed.csv,207199,title_without_year,drop,title=Along Came the Devil 2
movies_processed.csv,207337,title_without_year,drop,title=Liberia: An Uncivil War
movies_processed.csv,207387,title_without_year,drop,title=Luz
movies_processed.csv,207511,title_without_year,drop,title=Can We Do It Ourselves?
movies_processed.csv,207513,title_without_year,drop,title=La Toma
movies_processed.csv,207714,title_without_year,drop,title=Tales of Found Footage
movies_processed.csv,207884,title_without_year,drop,title=Enduring Destiny
movies_processed.csv,208174,title_without_year,drop,title=Born in Jerusalem and Still Alive
movies_processed.csv,208176,title_without_year,drop,title=מאה מיליון צפיות
movies_processed.csv,208597,title_without_year,drop,title=Punk the Capital: Building a Sound Movement
movies_processed.csv,208763,title_without_year,drop,title=Yosemite: The Fate of Heaven
movies_processed.csv,208973,title_without_year,drop,title=The Falklands War: The Untold Story
movies_processed.csv,209455,title_without_year,drop,title=Hard Night Falling
movies_processed.csv,210347,title_without_year,drop,title=Blackout
movies_processed.csv,210585,title_without_year,drop,title=In a Stranger's House
movies_processed.csv,211291,title_without_year,drop,title=Vampire Resurrection
movies_processed.csv,211476,title_without_year,drop,title=Turnover
movies_processed.csv,211482,title_without_year,drop,title=The Ghost from Hovrino
movies_processed.csv,211508,title_without_year,drop,title=Fake America Great Again: Wie Facebook und Co. die Demokratie gefährden
movies_processed.csv,211692,title_without_year,drop,title=Analysis Paralysis
movies_processed.csv,211844,title_without_year,drop,title=The Spirit of the Mask
movies_processed.csv,211850,title_without_year,drop,title=The Cola Conquest
movies_processed.csv,212289,title_without_year,drop,title=Henrietta Bulkowski
movies_processed.csv,212373,title_without_year,drop,title=I'm Thinking of Ending Things
movies_processed.csv,212573,title_without_year,drop,title=Sala samobójców. Hejter
movies_processed.csv,212881,title_without_year,drop,title=A Perfect Housewife
movies_processed.csv,213299,title_without_year,drop,title=Fuck You Immortality
movies_processed.csv,213620,title_without_year,drop,title=Playtime with Destiny
movies_processed.csv,213830,title_without_year,drop,title=Dream
movies_processed.csv,214500,title_without_year,drop,title=Horn from the Heart: The Paul Butterfield Story
movies_processed.csv,214965,title_without_year,drop,title=The Man Left Behind
movies_processed.csv,215063,title_without_year,drop,title=Khoda Nazdik Ast
movies_processed.csv,215169,title_without_year,drop,title=Infidel
movies_processed.csv,215173,title_without_year,drop,title=Sound of Freedom
movies_processed.csv,215555,title_without_year,drop,title=Petrov's Flu
movies_processed.csv,215663,title_without_year,drop,title=Terror from Within: The Untold Story Behind the Oklahoma City Bombing
movies_processed.csv,215719,title_without_year,drop,title=The Creator's Game
movies_processed.csv,215811,title_without_year,drop,title=Aldrich Over Munich: The Making of 'Twilight's Last Gleaming'
movies_processed.csv,216029,title_without_year,drop,"title=In the Shadows, Someone's Watching"
movies_processed.csv,216350,title_without_year,drop,title=Local Knowledge
movies_processed.csv,216396,title_without_year,drop,title=Robert Scheer: Above the Fold
movies_processed.csv,217025,title_without_year,drop,title=The Wanting Mare
movies_processed.csv,217152,title_without_year,drop,title=I'm New Here
movies_processed.csv,217166,title_without_year,drop,title=A matter of convenience
movies_processed.csv,217531,title_without_year,drop,title=Deconstructing the Beatles' Abbey Road: Side One
movies_processed.csv,217923,title_without_year,drop,title=About a Teacher
movies_processed.csv,218197,title_without_year,drop,title=21 con 40
movies_processed.csv,218271,title_without_year,drop,title=Red vs. Blue: Season 15
movies_processed.csv,218867,title_without_year,drop,title=Ava
movies_processed.csv,219246,title_without_year,drop,title=SR-71 Blackbird: The Secret Vigil
movies_processed.csv,219553,title_without_year,drop,title=Unsubscribe
movies_processed.csv,219736,title_without_year,drop,title=Making Time
movies_processed.csv,219740,title_without_year,drop,title=Al-amira wal-nahr
movies_processed.csv,220336,title_without_year,drop,title=Sublet
movies_processed.csv,220338,title_without_year,drop,title=Cicada
movies_processed.csv,220370,title_without_year,drop,title=The Dalai Lama: Scientist
movies_processed.csv,220380,title_without_year,drop,title=The Green Knight
movies_processed.csv,221014,title_without_year,drop,"title=Fire in the Heartland: Kent State, May 4, and Student Protest in America"
movies_processed.csv,221086,title_without_year,drop,title=The Atlantis Conspiracy
movies_processed.csv,221162,title_without_year,drop,title=Naked Singularity
movies_processed.csv,221270,title_without_year,drop,title=Foster's Home for Imaginary Friends: Destination Imagination
movies_processed.csv,221548,title_without_year,drop,title=On the Rocks
movies_processed.csv,221576,title_without_year,drop,title=Enola Holmes
movies_processed.csv,222232,title_without_year,drop,title=Impasse
movies_processed.csv,222461,title_without_year,drop,title=The Vanished
movies_processed.csv,223029,title_without_year,drop,title=Vinyl Nation
movies_processed.csv,223318,title_without_year,drop,title=Anti Corona Virus
movies_processed.csv,225143,title_without_year,drop,title=Miss Snake Charmer
movies_processed.csv,225711,title_without_year,drop,title=The Show
movies_processed.csv,225715,title_without_year,drop,title=Addiction
movies_processed.csv,225776,title_without_year,drop,title=Titane
movies_processed.csv,225910,title_without_year,drop,title=Electric Jesus
movies_processed.csv,225996,title_without_year,drop,title=Athena
movies_processed.csv,227300,title_without_year,drop,title=Banking Nature
movies_processed.csv,227636,title_without_year,drop,title=Songbird
movies_processed.csv,228227,title_without_year,drop,title=Kung Fury II: The Movie
movies_processed.csv,228241,title_without_year,drop,title=Mera Intekam
movies_processed.csv,228301,title_without_year,drop,title=Needle in a Timestack
movies_processed.csv,228403,title_without_year,drop,title=Welcome Home
movies_processed.csv,228781,title_without_year,drop,title=A Cops and Robbers Story
movies_processed.csv,228793,title_without_year,drop,title=You Rock My World
movies_processed.csv,228865,title_without_year,drop,title=Alone Across the Arctic
movies_processed.csv,229523,title_without_year,drop,title=Star Wars: Revelations
movies_processed.csv,229611,title_without_year,drop,title=Jonathan Coulton: Best.Concert.Ever
movies_processed.csv,230101,title_without_year,drop,title=Hitler's Circle of Evil
movies_processed.csv,230187,title_without_year,drop,title=A Christmas Cancellation
movies_processed.csv,230331,title_without_year,drop,title=Známi neznámi
movies_processed.csv,232261,title_without_year,drop,title=Colors of Math
movies_processed.csv,232473,title_without_year,drop,title=Tryna Come Up
movies_processed.csv,233953,title_without_year,drop,title=The Woman in the Window
movies_processed.csv,234975,title_without_year,drop,title=Cats & Dogs
movies_processed.csv,235579,title_without_year,drop,title=Obsessed With the Babysitter
movies_processed.csv,236127,title_without_year,drop,title=India From Above
movies_processed.csv,236961,title_without_year,drop,title=Mangrove
movies_processed.csv,238026,title_without_year,drop,"title=La defensa, por la libertad"
movies_processed.csv,239314,title_without_year,drop,title=The Making of the Philadelphia Eagles Cheerleaders Lingerie Calendar 2005-2006
movies_processed.csv,239498,title_without_year,drop,title=Slocum at Sea with Himself
movies_processed.csv,240054,title_without_year,drop,title=SpongeBob SquarePants: Tide and Seek
movies_processed.csv,240460,title_without_year,drop,title=After We Fell
movies_processed.csv,240888,title_without_year,drop,title=Smooth Criminal Video Oficial
movies_processed.csv,241706,title_without_year,drop,title=Jelena's Song
movies_processed.csv,242246,title_without_year,drop,title=Leynilöggan
movies_processed.csv,242248,title_without_year,drop,title=Benediction
movies_processed.csv,244042,title_without_year,drop,title=Strawberry Boys
movies_processed.csv,244172,title_without_year,drop,title=Blonde
movies_processed.csv,244178,title_without_year,drop,title=The Northman
movies_processed.csv,246684,title_without_year,drop,title=The Man with the 7 Second Memory
movies_processed.csv,247030,title_without_year,drop,title=Last of the Grads
movies_processed.csv,248316,title_without_year,drop,title=Ouverture of Something that Never Ended
movies_processed.csv,250012,title_without_year,drop,title=The Great NHS Heist
movies_processed.csv,251530,title_without_year,drop,title=Ashburn Waters
movies_processed.csv,253194,title_without_year,drop,title=John Cage: Man and Myth
movies_processed.csv,256817,title_without_year,drop,title=The Fourth Window
movies_processed.csv,257849,title_without_year,drop,title=Invocation
movies_processed.csv,259389,title_without_year,drop,title=Love Destiny
movies_processed.csv,259839,title_without_year,drop,title=The Punishment
movies_processed.csv,259843,title_without_year,drop,title=Writer's Block
movies_processed.csv,260159,title_without_year,drop,title=Possessione demoniaca
movies_processed.csv,261671,title_without_year,drop,title=Kasino
movies_processed.csv,261809,title_without_year,drop,title=Bones & All
movies_processed.csv,262843,title_without_year,drop,title=State of the Union
movies_processed.csv,264119,title_without_year,drop,title=Autism: A Curious Case of the Human Mind
movies_processed.csv,266002,title_without_year,drop,title=Killers of the Flower Moon
movies_processed.csv,267006,title_without_year,drop,title=In the Devil's Courthouse
movies_processed.csv,267456,title_without_year,drop,title=The Whale
movies_processed.csv,267532,title_without_year,drop,title=Looking for Mike
movies_processed.csv,267740,title_without_year,drop,title=Worst Laid Plans
movies_processed.csv,268260,title_without_year,drop,title=Living with My Stalker
movies_processed.csv,268336,title_without_year,drop,title=Josh Blue: The Disabled List
movies_processed.csv,268472,title_without_year,drop,title=Meet Me in New York
movies_processed.csv,269544,title_without_year,drop,title=Fear Not
movies_processed.csv,271461,title_without_year,drop,title=Good Grief: A Comedy About Loss and Being Bad at It
movies_processed.csv,272071,title_without_year,drop,title=A Fire Within
movies_processed.csv,272203,title_without_year,drop,title=Thank You for Supporting the Arts
movies_processed.csv,273521,title_without_year,drop,title=Isolis
movies_processed.csv,274581,title_without_year,drop,title=Little Baby
movies_processed.csv,274641,title_without_year,drop,title=Showing Up
movies_processed.csv,275877,title_without_year,drop,title=Let The Scream Be Heard
movies_processed.csv,276149,title_without_year,drop,title=Home2Home
movies_processed.csv,276219,title_without_year,drop,title=My Thai Bride
movies_processed.csv,276339,title_without_year,drop,title=The Lost King
movies_processed.csv,276387,title_without_year,drop,title=A Quién Cierra Los Ojos
movies_processed.csv,276503,title_without_year,drop,title=Hollyblood
movies_processed.csv,276755,title_without_year,drop,title=Biography: KISStory
movies_processed.csv,276947,title_without_year,drop,title=La desconocida
movies_processed.csv,277040,title_without_year,drop,title=D.B. Cooper: Where Are You?!
movies_processed.csv,277106,title_without_year,drop,title=Tong gai jai pin chong
movies_processed.csv,277172,title_without_year,drop,title=Kiko
movies_processed.csv,277938,title_without_year,drop,title=After
movies_processed.csv,278184,title_without_year,drop,"title=Parasceve, retrato de una Semana Santa"
movies_processed.csv,278222,title_without_year,drop,title=The Rocket On The Roof
movies_processed.csv,278602,title_without_year,drop,title=Bar pod mlynkiem
movies_processed.csv,279360,title_without_year,drop,title=Heinous Crime
movies_processed.csv,279772,title_without_year,drop,title=Let There Be Drums!
movies_processed.csv,279890,title_without_year,drop,title=Surprised By Oxford
movies_processed.csv,280080,title_without_year,drop,title=Jathilan: Trance and Possession in Java
movies_processed.csv,280692,title_without_year,drop,title=V/H/S/85
movies_processed.csv,281550,title_without_year,drop,title=Purchè finisca bene - Se mi lasci ti sposo
movies_processed.csv,281586,title_without_year,drop,title=Mafia Mamma
movies_processed.csv,281898,title_without_year,drop,title=Drift
movies_processed.csv,281902,title_without_year,drop,title=Going Varsity In Mariachi
movies_processed.csv,281920,title_without_year,drop,title=When It Melts
movies_processed.csv,281926,title_without_year,drop,title=Friendly Shadow
movies_processed.csv,281932,title_without_year,drop,title=BackSpace
movies_processed.csv,282085,title_without_year,drop,title=Spoonful of Sugar
movies_processed.csv,282135,title_without_year,drop,title=The Nebula
movies_processed.csv,282433,title_without_year,drop,title=Rock & Roll Revival
movies_processed.csv,282959,title_without_year,drop,title=Harley Quinn: A Very Problematic Valentine's Day Special
movies_processed.csv,283159,title_without_year,drop,title=Space Juice
movies_processed.csv,283365,title_without_year,drop,title=Eva
movies_processed.csv,283477,title_without_year,drop,title=Baby Driver 2
movies_processed.csv,283571,title_without_year,drop,title=Limbo
movies_processed.csv,285009,title_without_year,drop,title=Zoe
movies_processed.csv,286091,title_without_year,drop,title=Yunost geniya
movies_processed.csv,286537,title_without_year,drop,title=Building Happiness
movies_processed.csv,286783,title_without_year,drop,title=Poor Things
movies_processed.csv,287751,title_without_year,drop,title=Habitual
movies_processed.csv,288069,title_without_year,drop,title=American Masters: Miles Davis - Birth of the Cool
movies_processed.csv,288447,title_without_year,drop,title=A House A Little Too Quiet
movies_processed.csv,288483,title_without_year,drop,title=A Town Called Love
movies_processed.csv,288661,title_without_year,drop,title=Sabotage
movies_processed.csv,288725,title_without_year,drop,title=We Have Never Been Modern
movies_processed.csv,288927,title_without_year,drop,title=Fortunes
movies_processed.csv,289193,title_without_year,drop,title=The Wonderful Story of Henry Sugar
movies_processed.csv,289909,title_without_year,drop,title=Rattler
movies_processed.csv,290775,title_without_year,drop,title=Being Romanian: A Family Journal
movies_processed.csv,291897,title_without_year,drop,title=The Green Oak Guardian
